ORDERNUMBER,QUANTITYORDERED,PRICEEACH,ORDERLINENUMBER,SALES,ORDERDATE,STATUS,QTR_ID,MONTH_ID,YEAR_ID,PRODUCTLINE,MSRP,PRODUCTCODE,CUSTOMERNAME,PHONE,ADDRESSLINE1,ADDRESSLINE2,CITY,STATE,POSTALCODE,COUNTRY,TERRITORY,CONTACTLASTNAME,CONTACTFIRSTNAME,DEALSIZE
10107,-0.5228908557285186,0.5969775019778844,2,-0.370825231921315,2003-02-24,Shipped,1,2,2003,Motorcycles,-0.14224584412333405,S10_1678,Land of Toys Inc.,2125557818,897 Long Airport Avenue,Desconocido,NYC,NY,10022,USA,Desconocido,Yu,Kwai,Small
10121,-0.11220131389876072,-0.11445035408552556,5,-0.42789706610071104,2003-05-07,Shipped,2,5,2003,Motorcycles,-0.14224584412333405,S10_1678,Reims Collectables,26.47.1555,59 rue de l'Abbaye,Desconocido,Reims,Desconocido,51100,France,EMEA,Henriot,Paul,Small
10134,0.6065053843033164,0.5493837220600526,2,0.17944282181178928,2003-07-01,Shipped,3,7,2003,Motorcycles,-0.14224584412333405,S10_1678,Lyon Souveniers,+33 1 46 62 7555,27 rue du Colonel Pierre Avia,Desconocido,Paris,Desconocido,75508,France,EMEA,Da Cunha,Daniel,Medium
10145,1.0171949261330746,-0.019758562790674557,6,0.10470098302537562,2003-08-25,Shipped,3,8,2003,Motorcycles,-0.14224584412333405,S10_1678,Toys4GrownUps.com,6265557265,78934 Hillside Dr.,Desconocido,Pasadena,CA,90003,USA,Desconocido,Young,Julie,Medium
10159,1.4278844679628335,0.8101579745265014,14,0.896739662178961,2003-10-10,Shipped,4,10,2003,Motorcycles,-0.14224584412333405,S10_1678,Corporate Gift Ideas Co.,6505551386,7734 Strong St.,Desconocido,San Francisco,CA,Desconocido,USA,Desconocido,Brown,Julie,Medium
10168,0.09314345701611873,0.6445712818957146,1,-0.040253873452721384,2003-10-28,Shipped,4,10,2003,Motorcycles,-0.14224584412333405,S10_1678,Technics Stores Inc.,6505556809,9408 Furth Circle,Desconocido,Burlingame,CA,94217,USA,Desconocido,Hirano,Juri,Medium
10180,-0.6255632411859583,0.12252700842200742,9,-0.573498121272181,2003-11-11,Shipped,4,11,2003,Motorcycles,-0.14224584412333405,S10_1678,Daedalus Designs Imports,20.16.1555,"184, chausse de Tournai",Desconocido,Lille,Desconocido,59000,France,EMEA,Rance,Martine,Small
10188,1.3252120825053932,0.8101579745265014,1,1.0634752157925056,2003-11-18,Shipped,4,11,2003,Motorcycles,-0.14224584412333405,S10_1678,Herkku Gifts,+47 2267 3215,"Drammen 121, PR 744 Sentrum",Desconocido,Bergen,Desconocido,N 5804,Norway,EMEA,Oeztan,Veysel,Medium
10201,-1.3442699393880353,0.7392630731905655,2,-0.7522779496916157,2003-12-01,Shipped,4,12,2003,Motorcycles,-0.14224584412333405,S10_1678,Mini Wheels Co.,6505555787,5557 North Pendale Street,Desconocido,San Francisco,CA,Desconocido,USA,Desconocido,Murphy,Julie,Small
10211,0.6065053843033164,0.8101579745265014,14,0.6269489925752556,2004-01-15,Shipped,1,1,2004,Motorcycles,-0.14224584412333405,S10_1678,Auto Canal Petit,(1) 47.55.6555,"25, rue Lauriston",Desconocido,Paris,Desconocido,75016,France,EMEA,Perrier,Dominique,Medium
10223,0.19581584247355846,0.8101579745265014,1,0.22360154260597107,2004-02-20,Shipped,1,2,2004,Motorcycles,-0.14224584412333405,S10_1678,"Australian Collectors, Co.",03 9520 4555,636 St Kilda Road,Level 3,Melbourne,Victoria,3004,Australia,APAC,Ferguson,Peter,Medium
10237,-1.2415975539305957,0.8101579745265014,7,-0.6629070413258211,2004-04-05,Shipped,2,4,2004,Motorcycles,-0.14224584412333405,S10_1678,Vitachrome Inc.,2125551500,2678 Kingston Rd.,Suite 101,NYC,NY,10022,USA,Desconocido,Frick,Michael,Small
10251,-0.728235626643398,0.8101579745265014,2,-0.19833905296086426,2004-05-18,Shipped,2,5,2004,Motorcycles,-0.14224584412333405,S10_1678,Tekni Collectables Inc.,2015559350,7476 Moss Rd.,Desconocido,Newark,NJ,94019,USA,Desconocido,Brown,William,Medium
10263,-0.11220131389876072,0.8101579745265014,2,0.06672187662664165,2004-06-28,Shipped,2,6,2004,Motorcycles,-0.14224584412333405,S10_1678,Gift Depot Inc.,2035552570,25593 South Bay Ln.,Desconocido,Bridgewater,CT,97562,USA,Desconocido,King,Julie,Medium
10275,1.0171949261330746,0.45469193076520154,1,0.3385543168917596,2004-07-23,Shipped,3,7,2004,Motorcycles,-0.14224584412333405,S10_1678,La Rochelle Gifts,40.67.8555,"67, rue des Cinquante Otages",Desconocido,Nantes,Desconocido,44000,France,EMEA,Labrune,Janine,Medium
10285,0.09314345701611873,0.8101579745265014,6,0.2963776341066624,2004-08-27,Shipped,3,8,2004,Motorcycles,-0.14224584412333405,S10_1678,Marta's Replicas Co.,6175558555,39323 Spinnaker Dr.,Desconocido,Cambridge,MA,51247,USA,Desconocido,Hernandez,Marta,Medium
10299,-1.2415975539305957,0.8101579745265014,9,-0.5194020592269724,2004-09-30,Shipped,3,9,2004,Motorcycles,-0.14224584412333405,S10_1678,"Toys of Finland, Co.",90-224 8555,Keskuskatu 45,Desconocido,Helsinki,Desconocido,21240,Finland,EMEA,Karttunen,Matti,Small
10309,0.6065053843033164,0.8101579745265014,5,0.4564068399360446,2004-10-15,Shipped,4,10,2004,Motorcycles,-0.14224584412333405,S10_1678,Baane Mini Imports,07-98 9555,Erling Skakkes gate 78,Desconocido,Stavern,Desconocido,4110,Norway,EMEA,Bergulfsen,Jonas,Medium
10318,1.119867311590515,0.5493837220600526,1,0.4366733437031305,2004-11-02,Shipped,4,11,2004,Motorcycles,-0.14224584412333405,S10_1678,Diecast Classics Inc.,2155551555,7586 Pompton St.,Desconocido,Allentown,PA,70267,USA,Desconocido,Yu,Kyung,Medium
10329,0.7091777697607561,0.8101579745265014,1,0.457362562373302,2004-11-15,Shipped,4,11,2004,Motorcycles,-0.14224584412333405,S10_1678,Land of Toys Inc.,2125557818,897 Long Airport Avenue,Desconocido,NYC,NY,10022,USA,Desconocido,Yu,Kwai,Medium
10341,0.6065053843033164,0.8101579745265014,9,2.2720351098743885,2004-11-24,Shipped,4,11,2004,Motorcycles,-0.14224584412333405,S10_1678,Salzburg Collectables,6562-9555,Geislweg 14,Desconocido,Salzburg,Desconocido,5020,Austria,EMEA,Pipps,Georg,Large
10361,-1.5496147103029148,-0.5507266699989756,13,-1.1419194710720524,2004-12-17,Shipped,4,12,2004,Motorcycles,-0.14224584412333405,S10_1678,Souveniers And Things Co.,+61 2 9495 8555,"Monitor Money Building, 815 Pacific Hwy",Level 6,Chatswood,NSW,2067,Australia,APAC,Huxley,Adrian,Small
10375,-1.4469423248454751,-2.416799457610595,12,-1.5317510508917163,2005-02-03,Shipped,1,2,2005,Motorcycles,-0.14224584412333405,S10_1678,La Rochelle Gifts,40.67.8555,"67, rue des Cinquante Otages",Desconocido,Nantes,Desconocido,44000,France,EMEA,Labrune,Janine,Small
10388,0.7091777697607561,-0.36183885595008414,4,-0.188303967369663,2005-03-03,Shipped,1,3,2005,Motorcycles,-0.14224584412333405,S10_1678,FunGiftIdeas.com,5085552555,1785 First Street,Desconocido,New Bedford,MA,50553,USA,Desconocido,Benitez,Violeta,Medium
10403,-1.1389251684731565,0.8101579745265014,7,-0.6078226753966304,2005-04-08,Shipped,2,4,2005,Motorcycles,-0.14224584412333405,S10_1678,"UK Collectables, Ltd.",(171) 555-2282,Berkeley Gardens 12  Brewery,Desconocido,Liverpool,Desconocido,WX1 6LT,UK,EMEA,Devon,Elizabeth,Small
10417,3.1733150207393064,0.8101579745265014,2,2.151565210609887,2005-05-13,Disputed,2,5,2005,Motorcycles,-0.14224584412333405,S10_1678,Euro Shopping Channel,(91) 555 94 44,"C/ Moralzarzal, 86",Desconocido,Madrid,Desconocido,28034,Spain,EMEA,Freyre,Diego,Large
10103,-0.9335803975582769,0.8101579745265014,11,1.0049915189217071,2003-01-29,Shipped,1,1,2003,Classic Cars,2.819368171201151,S10_1949,Baane Mini Imports,07-98 9555,Erling Skakkes gate 78,Desconocido,Stavern,Desconocido,4110,Norway,EMEA,Bergulfsen,Jonas,Medium
10112,-0.6255632411859583,0.8101579745265014,1,1.9848730989253085,2003-03-24,Shipped,1,3,2003,Classic Cars,2.819368171201151,S10_1949,"Volvo Model Replicas, Co",0921-12 3555,Berguvsvgen  8,Desconocido,Lule,Desconocido,S-958 22,Sweden,EMEA,Berglund,Christina,Large
10126,0.29848822793099766,0.8101579745265014,11,2.050008841169063,2003-05-28,Shipped,2,5,2003,Classic Cars,2.819368171201151,S10_1949,"Corrida Auto Replicas, Ltd",(91) 555 22 82,"C/ Araquil, 67",Desconocido,Madrid,Desconocido,28023,Spain,EMEA,Sommer,Mart¡n,Large
10140,0.19581584247355846,0.8101579745265014,11,2.074466647177055,2003-07-24,Shipped,3,7,2003,Classic Cars,2.819368171201151,S10_1949,Technics Stores Inc.,6505556809,9408 Furth Circle,Desconocido,Burlingame,CA,94217,USA,Desconocido,Hirano,Juri,Large
10150,1.0171949261330746,0.8101579745265014,8,4.039888118432111,2003-09-19,Shipped,3,9,2003,Classic Cars,2.819368171201151,S10_1949,"Dragon Souveniers, Ltd.",+65 221 7555,"Bronz Sok., Bronz Apt. 3/6 Tesvikiye",Desconocido,Singapore,Desconocido,79903,Singapore,Japan,Natividad,Eric,Large
10163,-1.4469423248454751,0.8101579745265014,1,0.7093800527886938,2003-10-20,Shipped,4,10,2003,Classic Cars,2.819368171201151,S10_1949,Classic Legends Inc.,2125558493,5905 Pompton St.,Suite 750,NYC,NY,10022,USA,Desconocido,Hernandez,Maria,Medium
10174,-0.11220131389876072,0.8101579745265014,4,2.4223930562676608,2003-11-06,Shipped,4,11,2003,Classic Cars,2.819368171201151,S10_1949,"Australian Gift Network, Co",61-7-3844-6555,31 Duncan St. West End,Desconocido,South Brisbane,Queensland,4101,Australia,APAC,Calaghan,Tony,Large
10183,-1.2415975539305957,0.8101579745265014,8,0.9875875961296074,2003-11-13,Shipped,4,11,2003,Classic Cars,2.819368171201151,S10_1949,"Classic Gift Ideas, Inc",2155554695,782 First Street,Desconocido,Philadelphia,PA,71270,USA,Desconocido,Cervantes,Francisca,Medium
10194,0.7091777697607561,0.8101579745265014,11,2.028993808031644,2003-11-25,Shipped,4,11,2003,Classic Cars,2.819368171201151,S10_1949,"Saveley & Henriot, Co.",78.32.5555,"2, rue du Commerce",Desconocido,Lyon,Desconocido,69004,France,EMEA,Saveley,Mary,Large
10206,1.222539697047954,0.8101579745265014,6,2.9926063856373895,2003-12-05,Shipped,4,12,2003,Classic Cars,2.819368171201151,S10_1949,Canadian Gift Exchange Network,(604) 555-3392,1900 Oak St.,Desconocido,Vancouver,BC,V3F 2K1,Canada,Desconocido,Tannamuri,Yoshi,Large
10215,-0.009528928441320991,0.8101579745265014,3,1.3691869304101696,2004-01-29,Shipped,1,1,2004,Classic Cars,2.819368171201151,S10_1949,West Coast Collectables Co.,3105553722,3675 Furth Circle,Desconocido,Burbank,CA,94019,USA,Desconocido,Thompson,Steve,Medium
10228,-0.6255632411859583,0.8101579745265014,2,1.5798422742085816,2004-03-10,Shipped,1,3,2004,Classic Cars,2.819368171201151,S10_1949,Cambridge Collectables Co.,6175555555,4658 Baden Av.,Desconocido,Cambridge,MA,51247,USA,Desconocido,Tseng,Kyung,Medium
10245,-0.11220131389876072,0.8101579745265014,9,1.393644736418162,2004-05-04,Shipped,2,5,2004,Classic Cars,2.819368171201151,S10_1949,Super Scale Inc.,2035559545,567 North Pendale Street,Desconocido,New Haven,CT,97823,USA,Desconocido,Murphy,Leslie,Medium
10258,-0.31754608481363966,0.8101579745265014,6,2.2409252584934407,2004-06-15,Shipped,2,6,2004,Classic Cars,2.819368171201151,S10_1949,"Tokyo Collectables, Ltd",+81 3 3584 0555,2-2-8 Roppongi,Desconocido,Minato-ku,Tokyo,106-0032,Japan,Japan,Shimamura,Akiko,Large
10270,-1.4469423248454751,0.8101579745265014,9,0.7338975914490153,2004-07-19,Shipped,3,7,2004,Classic Cars,2.819368171201151,S10_1949,Souveniers And Things Co.,+61 2 9495 8555,"Monitor Money Building, 815 Pacific Hwy",Level 6,Chatswood,NSW,2067,Australia,APAC,Huxley,Adrian,Medium
10280,-0.11220131389876072,0.8101579745265014,2,2.4223930562676608,2004-08-17,Shipped,3,8,2004,Classic Cars,2.819368171201151,S10_1949,Amica Models & Co.,011-4988555,Via Monte Bianco 34,Desconocido,Torino,Desconocido,10100,Italy,EMEA,Accorti,Paolo,Large
10291,0.19581584247355846,0.8101579745265014,11,1.9452757806725816,2004-09-08,Shipped,3,9,2004,Classic Cars,2.819368171201151,S10_1949,Scandinavian Gift Ideas,0695-34 6555,?kergatan 24,Desconocido,Boras,Desconocido,S-844 67,Sweden,EMEA,Larsson,Maria,Large
10304,1.222539697047954,0.8101579745265014,6,3.594173927238502,2004-10-11,Shipped,4,10,2004,Classic Cars,2.819368171201151,S10_1949,Auto Assoc. & Cie.,30.59.8555,"67, avenue de l'Europe",Desconocido,Versailles,Desconocido,78000,France,EMEA,Tonini,Daniel,Large
10312,1.3252120825053932,0.8101579745265014,3,4.382101913863656,2004-10-21,Shipped,4,10,2004,Classic Cars,2.819368171201151,S10_1949,Mini Gifts Distributors Ltd.,4155551450,5677 Strong St.,Desconocido,San Rafael,CA,97562,USA,Desconocido,Nelson,Valarie,Large
10322,0.5038329988458771,0.8101579745265014,1,1.328514424415528,2004-11-04,Shipped,4,11,2004,Classic Cars,2.819368171201151,S10_1949,Online Diecast Creations Co.,6035558647,2304 Long Airport Avenue,Desconocido,Nashua,NH,62005,USA,Desconocido,Young,Valarie,Medium
10333,-0.9335803975582769,0.8101579745265014,3,-0.2991460491270211,2004-11-18,Shipped,4,11,2004,Classic Cars,2.819368171201151,S10_1949,Mini Wheels Co.,6505555787,5557 North Pendale Street,Desconocido,San Francisco,CA,Desconocido,USA,Desconocido,Murphy,Julie,Medium
10347,-0.5228908557285186,0.8101579745265014,1,0.21221975721681646,2004-11-29,Shipped,4,11,2004,Classic Cars,2.819368171201151,S10_1949,"Australian Collectors, Co.",03 9520 4555,636 St Kilda Road,Level 3,Melbourne,Victoria,3004,Australia,APAC,Ferguson,Peter,Medium
10357,-0.31754608481363966,0.8101579745265014,10,1.1609589043927455,2004-12-10,Shipped,4,12,2004,Classic Cars,2.819368171201151,S10_1949,Mini Gifts Distributors Ltd.,4155551450,5677 Strong St.,Desconocido,San Rafael,CA,97562,USA,Desconocido,Nelson,Valarie,Medium
10369,0.6065053843033164,0.8101579745265014,2,0.5218629664059246,2005-01-20,Shipped,1,1,2005,Classic Cars,2.819368171201151,S10_1949,Collectables For Less Inc.,6175558555,7825 Douglas Av.,Desconocido,Brickhaven,MA,58339,USA,Desconocido,Nelson,Allen,Medium
10381,0.09314345701611873,0.8101579745265014,3,2.5527079826841352,2005-02-17,Shipped,1,2,2005,Classic Cars,2.819368171201151,S10_1949,Corporate Gift Ideas Co.,6505551386,7734 Strong St.,Desconocido,San Francisco,CA,Desconocido,USA,Desconocido,Brown,Julie,Large
10391,-1.1389251684731565,0.8101579745265014,4,-0.6175971094140341,2005-03-09,Shipped,1,3,2005,Classic Cars,2.819368171201151,S10_1949,"Anna's Decorations, Ltd",02 9936 8555,201 Miller Street,Level 15,North Sydney,NSW,2060,Australia,APAC,O'Hara,Anna,Small
10411,-1.2415975539305957,0.8101579745265014,9,0.31839726185142453,2005-05-01,Shipped,2,5,2005,Classic Cars,2.819368171201151,S10_1949,Quebec Home Shopping Network,(514) 555-8054,43 rue St. Laurent,Desconocido,Montreal,Quebec,H1J 1C3,Canada,Desconocido,Fresnisre,Jean,Medium
10424,1.5305568534202727,0.8101579745265014,6,4.5869849113506795,2005-05-31,In Process,2,5,2005,Classic Cars,2.819368171201151,S10_1949,Euro Shopping Channel,(91) 555 94 44,"C/ Moralzarzal, 86",Desconocido,Madrid,Desconocido,28034,Spain,EMEA,Freyre,Diego,Large
10107,0.4011606133884374,0.8056960576592047,5,0.18604056477353678,2003-02-24,Shipped,1,2,2003,Motorcycles,0.4301669487545078,S10_2016,Land of Toys Inc.,2125557818,897 Long Airport Avenue,Desconocido,NYC,NY,10022,USA,Desconocido,Yu,Kwai,Medium
10120,-0.6255632411859583,0.6287066885897711,3,-0.4127141119270105,2003-04-29,Shipped,2,4,2003,Motorcycles,0.4301669487545078,S10_2016,"Australian Collectors, Co.",03 9520 4555,636 St Kilda Road,Level 3,Melbourne,Victoria,3004,Australia,APAC,Ferguson,Peter,Small
10134,-0.8309080121008378,0.8101579745265014,5,-0.133648590489014,2003-07-01,Shipped,3,7,2003,Motorcycles,0.4301669487545078,S10_2016,Lyon Souveniers,+33 1 46 62 7555,27 rue du Colonel Pierre Avia,Desconocido,Paris,Desconocido,75508,France,EMEA,Da Cunha,Daniel,Medium
10145,0.19581584247355846,0.8101579745265014,9,0.89004960511816,2003-08-25,Shipped,3,8,2003,Motorcycles,0.4301669487545078,S10_2016,Toys4GrownUps.com,6265557265,78934 Hillside Dr.,Desconocido,Pasadena,CA,90003,USA,Desconocido,Young,Julie,Medium
10159,0.19581584247355846,0.8101579745265014,17,0.7944121984989855,2003-10-10,Shipped,4,10,2003,Motorcycles,0.4301669487545078,S10_2016,Corporate Gift Ideas Co.,6505551386,7734 Strong St.,Desconocido,San Francisco,CA,Desconocido,USA,Desconocido,Brown,Julie,Medium
10168,-0.8309080121008378,0.8101579745265014,4,0.05812580493244679,2003-10-28,Shipped,4,10,2003,Motorcycles,0.4301669487545078,S10_2016,Technics Stores Inc.,6505556809,9408 Furth Circle,Desconocido,Burlingame,CA,94217,USA,Desconocido,Hirano,Juri,Medium
10180,0.7091777697607561,0.8101579745265014,12,0.619976562976175,2003-11-11,Shipped,4,11,2003,Motorcycles,0.4301669487545078,S10_2016,Daedalus Designs Imports,20.16.1555,"184, chausse de Tournai",Desconocido,Lille,Desconocido,59000,France,EMEA,Rance,Martine,Medium
10188,0.29848822793099766,0.6287066885897711,4,0.05812037469132628,2003-11-18,Shipped,4,11,2003,Motorcycles,0.4301669487545078,S10_2016,Herkku Gifts,+47 2267 3215,"Drammen 121, PR 744 Sentrum",Desconocido,Bergen,Desconocido,N 5804,Norway,EMEA,Oeztan,Veysel,Medium
10201,-1.1389251684731565,0.8101579745265014,5,-0.2866999364781937,2003-12-01,Shipped,4,12,2003,Motorcycles,0.4301669487545078,S10_2016,Mini Wheels Co.,6505555787,5557 North Pendale Street,Desconocido,San Francisco,CA,Desconocido,USA,Desconocido,Murphy,Julie,Medium
10210,-1.2415975539305957,0.8101579745265014,2,-0.2958390322844662,2004-01-12,Shipped,1,1,2004,Motorcycles,0.4301669487545078,S10_2016,Osaka Souveniers Co.,+81 06 6342 5555,"Dojima Avanza 4F, 1-6-20 Dojima, Kita-ku",Desconocido,Osaka,Osaka,530-0003,Japan,Japan,Kentary,Mory,Medium
10223,1.222539697047954,0.8101579745265014,4,1.0146410573933329,2004-02-20,Shipped,1,2,2004,Motorcycles,0.4301669487545078,S10_2016,"Australian Collectors, Co.",03 9520 4555,636 St Kilda Road,Level 3,Melbourne,Victoria,3004,Australia,APAC,Ferguson,Peter,Medium
10236,-1.3442699393880353,0.8101579745265014,1,-0.38109924812183055,2004-04-03,Shipped,2,4,2004,Motorcycles,0.4301669487545078,S10_2016,Motor Mint Distributors Inc.,2155559857,11328 Douglas Av.,Desconocido,Philadelphia,PA,71270,USA,Desconocido,Hernandez,Rosa,Small
10251,0.9145225406756355,0.8101579745265014,5,1.1960817039619496,2004-05-18,Shipped,2,5,2004,Motorcycles,0.4301669487545078,S10_2016,Tekni Collectables Inc.,2015559350,7476 Moss Rd.,Desconocido,Newark,NJ,94019,USA,Desconocido,Brown,William,Medium
10263,0.5038329988458771,0.8101579745265014,5,0.49855637151553756,2004-06-28,Shipped,2,6,2004,Motorcycles,0.4301669487545078,S10_2016,Gift Depot Inc.,2035552570,25593 South Bay Ln.,Desconocido,Bridgewater,CT,97562,USA,Desconocido,King,Julie,Medium
10275,-1.3442699393880353,0.8101579745265014,4,-0.3526665056134271,2004-07-23,Shipped,3,7,2004,Motorcycles,0.4301669487545078,S10_2016,La Rochelle Gifts,40.67.8555,"67, rue des Cinquante Otages",Desconocido,Nantes,Desconocido,44000,France,EMEA,Labrune,Janine,Small
10285,1.222539697047954,0.8101579745265014,9,1.5914412692425677,2004-08-27,Shipped,3,8,2004,Motorcycles,0.4301669487545078,S10_2016,Marta's Replicas Co.,6175558555,39323 Spinnaker Dr.,Desconocido,Cambridge,MA,51247,USA,Desconocido,Hernandez,Marta,Medium
10298,0.4011606133884374,0.6287066885897711,1,0.1104353176489192,2004-09-27,Shipped,3,9,2004,Motorcycles,0.4301669487545078,S10_2016,Atelier graphique,40.32.2555,"54, rue Royale",Desconocido,Nantes,Desconocido,44000,France,EMEA,Schmitt,Carine,Medium
10308,-0.11220131389876072,0.8101579745265014,2,0.26612033058167717,2004-10-15,Shipped,4,10,2004,Motorcycles,0.4301669487545078,S10_2016,Mini Classics,9145554562,3758 North Pendale Street,Desconocido,White Plains,NY,24067,USA,Desconocido,Frick,Steve,Medium
10318,1.0171949261330746,0.8101579745265014,4,1.092896262184891,2004-11-02,Shipped,4,11,2004,Motorcycles,0.4301669487545078,S10_2016,Diecast Classics Inc.,2155551555,7586 Pompton St.,Desconocido,Allentown,PA,70267,USA,Desconocido,Yu,Kyung,Medium
10329,-1.5496147103029148,0.8101579745265014,2,-0.20520287773752977,2004-11-15,Shipped,4,11,2004,Motorcycles,0.4301669487545078,S10_2016,Land of Toys Inc.,2125557818,897 Long Airport Avenue,Desconocido,NYC,NY,10022,USA,Desconocido,Yu,Kwai,Medium
10339,0.5038329988458771,-0.7306906503132735,4,-0.43283858552062077,2004-11-23,Shipped,4,11,2004,Motorcycles,0.4301669487545078,S10_2016,"Tokyo Collectables, Ltd",+81 3 3584 0555,2-2-8 Roppongi,Desconocido,Minato-ku,Tokyo,106-0032,Japan,Japan,Shimamura,Akiko,Small
10361,-0.9335803975582769,-1.611671347333956,8,-1.207679691044696,2004-12-17,Shipped,4,12,2004,Motorcycles,0.4301669487545078,S10_2016,Souveniers And Things Co.,+61 2 9495 8555,"Monitor Money Building, 815 Pacific Hwy",Level 6,Chatswood,NSW,2067,Australia,APAC,Huxley,Adrian,Small
10374,0.4011606133884374,0.8101579745265014,5,0.9416694772122932,2005-02-02,Shipped,1,2,2005,Motorcycles,0.4301669487545078,S10_2016,"Australian Gift Network, Co",61-7-3844-6555,31 Duncan St. West End,Desconocido,South Brisbane,Queensland,4101,Australia,APAC,Calaghan,Tony,Medium
10388,1.5305568534202727,-1.940861658432286,5,-0.7213472962676537,2005-03-03,Shipped,1,3,2005,Motorcycles,0.4301669487545078,S10_2016,FunGiftIdeas.com,5085552555,1785 First Street,Desconocido,New Bedford,MA,50553,USA,Desconocido,Benitez,Violeta,Small
10402,1.0171949261330746,0.8101579745265014,1,1.238046607343336,2005-04-07,Shipped,2,4,2005,Motorcycles,0.4301669487545078,S10_2016,Auto Canal Petit,(1) 47.55.6555,"25, rue Lauriston",Desconocido,Paris,Desconocido,75016,France,EMEA,Perrier,Dominique,Medium
10417,1.0171949261330746,0.8101579745265014,5,1.2671255485451123,2005-05-13,Disputed,2,5,2005,Motorcycles,0.4301669487545078,S10_2016,Euro Shopping Channel,(91) 555 94 44,"C/ Moralzarzal, 86",Desconocido,Madrid,Desconocido,28034,Spain,EMEA,Freyre,Diego,Medium
10107,-0.8309080121008378,0.8101579745265014,4,1.3638924453174093,2003-02-24,Shipped,1,2,2003,Motorcycles,2.2967304037909484,S10_4698,Land of Toys Inc.,2125557818,897 Long Airport Avenue,Desconocido,NYC,NY,10022,USA,Desconocido,Yu,Kwai,Medium
10120,1.119867311590515,0.8101579745265014,2,3.101194917329625,2003-04-29,Shipped,2,4,2003,Motorcycles,2.2967304037909484,S10_4698,"Australian Collectors, Co.",03 9520 4555,636 St Kilda Road,Level 3,Melbourne,Victoria,3004,Australia,APAC,Ferguson,Peter,Large
10134,-0.4202184702710794,0.8101579745265014,4,1.884343045056311,2003-07-01,Shipped,3,7,2003,Motorcycles,2.2967304037909484,S10_4698,Lyon Souveniers,+33 1 46 62 7555,27 rue du Colonel Pierre Avia,Desconocido,Paris,Desconocido,75508,France,EMEA,Da Cunha,Daniel,Large
10145,-0.21487369935619993,0.8101579745265014,8,0.8810516955810278,2003-08-25,Shipped,3,8,2003,Motorcycles,2.2967304037909484,S10_4698,Toys4GrownUps.com,6265557265,78934 Hillside Dr.,Desconocido,Pasadena,CA,90003,USA,Desconocido,Young,Julie,Medium
10159,-1.3442699393880353,0.8101579745265014,16,0.31430829028747753,2003-10-10,Shipped,4,10,2003,Motorcycles,2.2967304037909484,S10_4698,Corporate Gift Ideas Co.,6505551386,7734 Strong St.,Desconocido,San Francisco,CA,Desconocido,USA,Desconocido,Brown,Julie,Medium
10168,-1.5496147103029148,0.8101579745265014,3,0.34162240312500025,2003-10-28,Shipped,4,10,2003,Motorcycles,2.2967304037909484,S10_4698,Technics Stores Inc.,6505556809,9408 Furth Circle,Desconocido,Burlingame,CA,94217,USA,Desconocido,Hirano,Juri,Medium
10180,0.6065053843033164,0.8101579745265014,11,2.899211668601097,2003-11-11,Shipped,4,11,2003,Motorcycles,2.2967304037909484,S10_4698,Daedalus Designs Imports,20.16.1555,"184, chausse de Tournai",Desconocido,Lille,Desconocido,59000,France,EMEA,Rance,Martine,Large
10188,1.0171949261330746,0.8101579745265014,3,2.8024447718288013,2003-11-18,Shipped,4,11,2003,Motorcycles,2.2967304037909484,S10_4698,Herkku Gifts,+47 2267 3215,"Drammen 121, PR 744 Sentrum",Desconocido,Bergen,Desconocido,N 5804,Norway,EMEA,Oeztan,Veysel,Large
10201,1.4278844679628335,0.8101579745265014,4,2.4501252976714842,2003-12-01,Shipped,4,12,2003,Motorcycles,2.2967304037909484,S10_4698,Mini Wheels Co.,6505555787,5557 North Pendale Street,Desconocido,San Francisco,CA,Desconocido,USA,Desconocido,Murphy,Julie,Large
10210,-0.11220131389876072,0.8101579745265014,1,1.39530639020112,2004-01-12,Shipped,1,1,2004,Motorcycles,2.2967304037909484,S10_4698,Osaka Souveniers Co.,+81 06 6342 5555,"Dojima Avanza 4F, 1-6-20 Dojima, Kita-ku",Desconocido,Osaka,Osaka,530-0003,Japan,Japan,Kentary,Mory,Medium
10223,1.4278844679628335,0.8101579745265014,3,3.377686504476372,2004-02-20,Shipped,1,2,2004,Motorcycles,2.2967304037909484,S10_4698,"Australian Collectors, Co.",03 9520 4555,636 St Kilda Road,Level 3,Melbourne,Victoria,3004,Australia,APAC,Ferguson,Peter,Large
10237,0.4011606133884374,0.8101579745265014,9,1.8842996031273453,2004-04-05,Shipped,2,4,2004,Motorcycles,2.2967304037909484,S10_4698,Vitachrome Inc.,2125551500,2678 Kingston Rd.,Suite 101,NYC,NY,10022,USA,Desconocido,Frick,Michael,Large
10251,0.8118501552181958,0.8101579745265014,4,1.9138021031365422,2004-05-18,Shipped,2,5,2004,Motorcycles,2.2967304037909484,S10_4698,Tekni Collectables Inc.,2015559350,7476 Moss Rd.,Desconocido,Newark,NJ,94019,USA,Desconocido,Brown,William,Large
10263,0.6065053843033164,0.8101579745265014,4,2.597311983250221,2004-06-28,Shipped,2,6,2004,Motorcycles,2.2967304037909484,S10_4698,Gift Depot Inc.,2035552570,25593 South Bay Ln.,Desconocido,Bridgewater,CT,97562,USA,Desconocido,King,Julie,Large
10275,0.09314345701611873,0.8101579745265014,3,1.818061521936073,2004-07-23,Shipped,3,7,2004,Motorcycles,2.2967304037909484,S10_4698,La Rochelle Gifts,40.67.8555,"67, rue des Cinquante Otages",Desconocido,Nantes,Desconocido,44000,France,EMEA,Labrune,Janine,Medium
10285,-0.8309080121008378,0.8101579745265014,8,1.0231556754707154,2004-08-27,Shipped,3,8,2004,Motorcycles,2.2967304037909484,S10_4698,Marta's Replicas Co.,6175558555,39323 Spinnaker Dr.,Desconocido,Cambridge,MA,51247,USA,Desconocido,Hernandez,Marta,Medium
10299,-0.6255632411859583,0.8101579745265014,11,1.6993673115180667,2004-09-30,Shipped,3,9,2004,Motorcycles,2.2967304037909484,S10_4698,"Toys of Finland, Co.",90-224 8555,Keskuskatu 45,Desconocido,Helsinki,Desconocido,21240,Finland,EMEA,Karttunen,Matti,Medium
10308,-1.5496147103029148,0.8101579745265014,1,0.5519899441440108,2004-10-15,Shipped,4,10,2004,Motorcycles,2.2967304037909484,S10_4698,Mini Classics,9145554562,3758 North Pendale Street,Desconocido,White Plains,NY,24067,USA,Desconocido,Frick,Steve,Medium
10318,0.19581584247355846,0.8101579745265014,3,2.2335944329803876,2004-11-02,Shipped,4,11,2004,Motorcycles,2.2967304037909484,S10_4698,Diecast Classics Inc.,2155551555,7586 Pompton St.,Desconocido,Allentown,PA,70267,USA,Desconocido,Yu,Kyung,Large
10329,-0.9335803975582769,0.8101579745265014,3,1.2567266367988188,2004-11-15,Shipped,4,11,2004,Motorcycles,2.2967304037909484,S10_4698,Land of Toys Inc.,2125557818,897 Long Airport Avenue,Desconocido,NYC,NY,10022,USA,Desconocido,Yu,Kwai,Medium
10339,0.4011606133884374,-0.34647003118495084,3,-0.30613476944946477,2004-11-23,Shipped,4,11,2004,Motorcycles,2.2967304037909484,S10_4698,"Tokyo Collectables, Ltd",+81 3 3584 0555,2-2-8 Roppongi,Desconocido,Minato-ku,Tokyo,106-0032,Japan,Japan,Shimamura,Akiko,Small
10362,-1.3442699393880353,0.8101579745265014,4,0.05984719136773413,2005-01-05,Shipped,1,1,2005,Motorcycles,2.2967304037909484,S10_4698,Technics Stores Inc.,6505556809,9408 Furth Circle,Desconocido,Burlingame,CA,94217,USA,Desconocido,Hirano,Juri,Medium
10374,-1.3442699393880353,0.8101579745265014,1,0.1523133371723735,2005-02-02,Shipped,1,2,2005,Motorcycles,2.2967304037909484,S10_4698,"Australian Gift Network, Co",61-7-3844-6555,31 Duncan St. West End,Desconocido,South Brisbane,Queensland,4101,Australia,APAC,Calaghan,Tony,Medium
10388,-1.4469423248454751,0.1542561950338942,7,-0.9403652113920671,2005-03-03,Shipped,1,3,2005,Motorcycles,2.2967304037909484,S10_4698,FunGiftIdeas.com,5085552555,1785 First Street,Desconocido,New Bedford,MA,50553,USA,Desconocido,Benitez,Violeta,Small
10403,3.1733150207393064,0.8101579745265014,9,4.524862952928959,2005-04-08,Shipped,2,4,2005,Motorcycles,2.2967304037909484,S10_4698,"UK Collectables, Ltd.",(171) 555-2282,Berkeley Gardens 12  Brewery,Desconocido,Liverpool,Desconocido,WX1 6LT,UK,EMEA,Devon,Elizabeth,Large
10417,2.14659116616491,0.8101579745265014,4,3.075835691295582,2005-05-13,Disputed,2,5,2005,Motorcycles,2.2967304037909484,S10_4698,Euro Shopping Channel,(91) 555 94 44,"C/ Moralzarzal, 86",Desconocido,Madrid,Desconocido,28034,Spain,EMEA,Freyre,Diego,Large
10105,1.5305568534202727,0.8101579745265014,2,1.9842703421609023,2003-02-11,Shipped,1,2,2003,Classic Cars,0.8781421779632533,S10_4757,Danish Wholesale Imports,31 12 3555,Vinb'ltet 34,Desconocido,Kobenhavn,Desconocido,1734,Denmark,EMEA,Petersen,Jytte,Large
10119,1.119867311590515,0.8101579745265014,11,0.7878796184306873,2003-04-28,Shipped,2,4,2003,Classic Cars,0.8781421779632533,S10_4757,Salzburg Collectables,6562-9555,Geislweg 14,Desconocido,Salzburg,Desconocido,5020,Austria,EMEA,Pipps,Georg,Medium
10129,-0.21487369935619993,0.8101579745265014,2,0.4585029130086651,2003-06-12,Shipped,2,6,2003,Classic Cars,0.8781421779632533,S10_4757,"Stylish Desk Decors, Co.",(171) 555-0297,35 King George,Desconocido,London,Desconocido,WX3 6FW,UK,EMEA,Brown,Ann,Medium
10143,1.4278844679628335,0.8101579745265014,15,1.1098711959284489,2003-08-10,Shipped,3,8,2003,Classic Cars,0.8781421779632533,S10_4757,Mini Creations Ltd.,5085559555,4575 Hillside Dr.,Desconocido,New Bedford,MA,50553,USA,Desconocido,Tam,Wing C,Medium
10155,-0.31754608481363966,0.8101579745265014,13,0.5279231154967148,2003-10-06,Shipped,4,10,2003,Classic Cars,0.8781421779632533,S10_4757,"Toys of Finland, Co.",90-224 8555,Keskuskatu 45,Desconocido,Helsinki,Desconocido,21240,Finland,EMEA,Karttunen,Matti,Medium
10167,0.9145225406756355,0.8101579745265014,9,1.2871142661107027,2003-10-23,Cancelled,4,10,2003,Classic Cars,0.8781421779632533,S10_4757,Scandinavian Gift Ideas,0695-34 6555,?kergatan 24,Desconocido,Boras,Desconocido,S-844 67,Sweden,EMEA,Larsson,Maria,Medium
10178,-1.1389251684731565,0.8101579745265014,12,-0.03334660674708961,2003-11-08,Shipped,4,11,2003,Classic Cars,0.8781421779632533,S10_4757,Alpha Cognac,61.77.6555,1 rue Alsace-Lorraine,Desconocido,Toulouse,Desconocido,31000,France,EMEA,Roulet,Annette,Medium
10186,-0.9335803975582769,0.8101579745265014,9,0.16309779603824195,2003-11-14,Shipped,4,11,2003,Classic Cars,0.8781421779632533,S10_4757,"Double Decker Gift Stores, Ltd",(171) 555-7555,120 Hanover Sq.,Desconocido,London,Desconocido,WA1 1DP,UK,EMEA,Hardy,Thomas,Medium
10197,1.0171949261330746,0.8101579745265014,6,0.961430124650811,2003-11-26,Shipped,4,11,2003,Classic Cars,0.8781421779632533,S10_4757,Enaco Distributors,(93) 203 4555,"Rambla de Catalu¤a, 23",Desconocido,Barcelona,Desconocido,8022,Spain,EMEA,Saavedra,Eduardo,Medium
10209,0.4011606133884374,0.8101579745265014,8,0.8927484349551875,2004-01-09,Shipped,1,1,2004,Classic Cars,0.8781421779632533,S10_4757,"Men 'R' US Retailers, Ltd.",2155554369,6047 Douglas Av.,Desconocido,Los Angeles,CA,Desconocido,USA,Desconocido,Chandler,Michael,Medium
10222,1.4278844679628335,0.8101579745265014,12,1.32699395690171,2004-02-19,Shipped,1,2,2004,Classic Cars,0.8781421779632533,S10_4757,Collectable Mini Designs Co.,7605558146,361 Furth Circle,Desconocido,San Diego,CA,91217,USA,Desconocido,Thompson,Valarie,Medium
10248,-1.5496147103029148,0.8101579745265014,3,-0.3494300819054424,2004-05-07,Cancelled,2,5,2004,Classic Cars,0.8781421779632533,S10_4757,Land of Toys Inc.,2125557818,897 Long Airport Avenue,Desconocido,NYC,NY,10022,USA,Desconocido,Yu,Kwai,Small
10261,-0.8309080121008378,0.8101579745265014,1,-0.09538168131087839,2004-06-17,Shipped,2,6,2004,Classic Cars,0.8781421779632533,S10_4757,Quebec Home Shopping Network,(514) 555-8054,43 rue St. Laurent,Desconocido,Montreal,Quebec,H1J 1C3,Canada,Desconocido,Fresnisre,Jean,Medium
10273,-0.5228908557285186,0.8101579745265014,4,-0.024484453237976548,2004-07-21,Shipped,3,7,2004,Classic Cars,0.8781421779632533,S10_4757,Petit Auto,(02) 5554 67,Rue Joseph-Bens 532,Desconocido,Bruxelles,Desconocido,B-1180,Belgium,EMEA,Dewey,Catherine,Medium
10283,-1.0362527830157167,0.8101579745265014,6,-0.30511931435987893,2004-08-20,Shipped,3,8,2004,Classic Cars,0.8781421779632533,S10_4757,"Royal Canadian Collectables, Ltd.",(604) 555-4555,23 Tsawassen Blvd.,Desconocido,Tsawassen,BC,T2F 8M4,Canada,Desconocido,Lincoln,Elizabeth,Small
10295,-1.1389251684731565,0.8101579745265014,1,-0.06879522078354022,2004-09-10,Shipped,3,9,2004,Classic Cars,0.8781421779632533,S10_4757,Gifts4AllAges.com,6175559555,8616 Spinnaker Dr.,Desconocido,Boston,MA,51003,USA,Desconocido,Yoshido,Juri,Medium
10307,-1.3442699393880353,0.8101579745265014,9,-0.46759212869361166,2004-10-14,Shipped,4,10,2004,Classic Cars,0.8781421779632533,S10_4757,"Classic Gift Ideas, Inc",2155554695,782 First Street,Desconocido,Philadelphia,PA,71270,USA,Desconocido,Cervantes,Francisca,Small
10316,-0.21487369935619993,0.8101579745265014,17,0.3122773801083059,2004-11-01,Shipped,4,11,2004,Classic Cars,0.8781421779632533,S10_4757,giftsbymail.co.uk,(198) 555-8888,Garden House Crowther Way,Desconocido,Cowes,Isle of Wight,PO31 7PJ,UK,EMEA,Bennett,Helen,Medium
10325,1.222539697047954,-0.9285022980967578,6,-0.2726953446277025,2004-11-05,Shipped,4,11,2004,Classic Cars,0.8781421779632533,S10_4757,Baane Mini Imports,07-98 9555,Erling Skakkes gate 78,Desconocido,Stavern,Desconocido,4110,Norway,EMEA,Bergulfsen,Jonas,Medium
10337,-1.0362527830157167,-1.7653595949852847,8,-1.277539743063529,2004-11-21,Shipped,4,11,2004,Classic Cars,0.8781421779632533,S10_4757,Classic Legends Inc.,2125558493,5905 Pompton St.,Suite 750,NYC,NY,10022,USA,Desconocido,Hernandez,Maria,Small
10350,-0.9335803975582769,-0.4059622560822402,5,-0.8643146844955454,2004-12-02,Shipped,4,12,2004,Classic Cars,0.8781421779632533,S10_4757,Euro Shopping Channel,(91) 555 94 44,"C/ Moralzarzal, 86",Desconocido,Madrid,Desconocido,28034,Spain,EMEA,Freyre,Diego,Small
10359,1.3252120825053932,-1.4366650524277649,6,-0.5046046521728472,2004-12-15,Shipped,4,12,2004,Classic Cars,0.8781421779632533,S10_4757,Reims Collectables,26.47.1555,59 rue de l'Abbaye,Desconocido,Reims,Desconocido,51100,France,EMEA,Henriot,Paul,Small
10373,0.4011606133884374,0.8101579745265014,3,0.2673638557983356,2005-01-31,Shipped,1,1,2005,Classic Cars,0.8781421779632533,S10_4757,"Oulu Toy Supplies, Inc.",981-443655,Torikatu 38,Desconocido,Oulu,Desconocido,90110,Finland,EMEA,Koskitalo,Pirkko,Medium
10384,-0.11220131389876072,0.8101579745265014,4,0.7020275063111582,2005-02-23,Shipped,1,2,2005,Classic Cars,0.8781421779632533,S10_4757,Corporate Gift Ideas Co.,6505551386,7734 Strong St.,Desconocido,San Francisco,CA,Desconocido,USA,Desconocido,Brown,Julie,Medium
10395,-0.31754608481363966,0.8101579745265014,2,-0.09955210649163722,2005-03-17,Shipped,1,3,2005,Classic Cars,0.8781421779632533,S10_4757,Lyon Souveniers,+33 1 46 62 7555,27 rue du Colonel Pierre Avia,Desconocido,Paris,Desconocido,75508,France,EMEA,Da Cunha,Daniel,Medium
10400,2.9679702498244267,0.8101579745265014,9,3.3165474196975113,2005-04-01,Shipped,2,4,2005,Classic Cars,0.8781421779632533,S10_4757,The Sharp Gifts Warehouse,4085553659,3086 Ingle Ln.,Desconocido,San Jose,CA,94217,USA,Desconocido,Frick,Sue,Large
10414,-1.6522870957603546,0.8101579745265014,3,-0.42845095069503053,2005-05-06,On Hold,2,5,2005,Classic Cars,0.8781421779632533,S10_4757,Gifts4AllAges.com,6175559555,8616 Spinnaker Dr.,Desconocido,Boston,MA,51003,USA,Desconocido,Yoshido,Juri,Small
10103,0.7091777697607561,0.8101579745265014,4,1.001537885568891,2003-01-29,Shipped,1,1,2003,Classic Cars,1.1519048180352645,S10_4962,Baane Mini Imports,07-98 9555,Erling Skakkes gate 78,Desconocido,Stavern,Desconocido,4110,Norway,EMEA,Bergulfsen,Jonas,Medium
10114,-0.4202184702710794,0.8101579745265014,8,0.40802339154989586,2003-04-01,Shipped,2,4,2003,Classic Cars,1.1519048180352645,S10_4962,"La Corne D'abondance, Co.",(1) 42.34.2555,"265, boulevard Charonne",Desconocido,Paris,Desconocido,75012,France,EMEA,Bertrand,Marie,Medium
10126,-1.3442699393880353,0.8101579745265014,4,-0.11194391672925691,2003-05-28,Shipped,2,5,2003,Classic Cars,1.1519048180352645,S10_4962,"Corrida Auto Replicas, Ltd",(91) 555 22 82,"C/ Araquil, 67",Desconocido,Madrid,Desconocido,28023,Spain,EMEA,Sommer,Mart¡n,Medium
10140,-0.9335803975582769,0.8101579745265014,4,-0.1986214254991448,2003-07-24,Shipped,3,7,2003,Classic Cars,1.1519048180352645,S10_4962,Technics Stores Inc.,6505556809,9408 Furth Circle,Desconocido,Burlingame,CA,94217,USA,Desconocido,Hirano,Juri,Medium
10150,-1.5496147103029148,0.8101579745265014,1,-0.19694891123394467,2003-09-19,Shipped,3,9,2003,Classic Cars,1.1519048180352645,S10_4962,"Dragon Souveniers, Ltd.",+65 221 7555,"Bronz Sok., Bronz Apt. 3/6 Tesvikiye",Desconocido,Singapore,Desconocido,79903,Singapore,Japan,Natividad,Eric,Medium
10164,-1.4469423248454751,0.8101579745265014,2,-0.009268917617551761,2003-10-21,Resolved,4,10,2003,Classic Cars,1.1519048180352645,S10_4962,Mini Auto Werke,7675-3555,Kirchgasse 6,Desconocido,Graz,Desconocido,8010,Austria,EMEA,Mendel,Roland,Medium
10175,-0.21487369935619993,0.8101579745265014,9,0.9822985412779681,2003-11-06,Shipped,4,11,2003,Classic Cars,1.1519048180352645,S10_4962,"Stylish Desk Decors, Co.",(171) 555-0297,35 King George,Desconocido,London,Desconocido,WX3 6FW,UK,EMEA,Brown,Ann,Medium
10183,-0.728235626643398,0.8101579745265014,1,-0.06545019225313994,2003-11-13,Shipped,4,11,2003,Classic Cars,1.1519048180352645,S10_4962,"Classic Gift Ideas, Inc",2155554695,782 First Street,Desconocido,Philadelphia,PA,71270,USA,Desconocido,Cervantes,Francisca,Medium
10194,-0.9335803975582769,0.8101579745265014,4,0.38546616993417643,2003-11-25,Shipped,4,11,2003,Classic Cars,1.1519048180352645,S10_4962,"Saveley & Henriot, Co.",78.32.5555,"2, rue du Commerce",Desconocido,Lyon,Desconocido,69004,France,EMEA,Saveley,Mary,Medium
10207,-0.4202184702710794,0.8101579745265014,15,0.28362199771395075,2003-12-09,Shipped,4,12,2003,Classic Cars,1.1519048180352645,S10_4962,Diecast Collectables,6175552555,6251 Ingle Ln.,Desconocido,Boston,MA,51003,USA,Desconocido,Franco,Valarie,Medium
10217,1.3252120825053932,0.8101579745265014,4,1.882442460664038,2004-02-04,Shipped,1,2,2004,Classic Cars,1.1519048180352645,S10_4962,Handji Gifts& Co,+65 224 1555,Village Close - 106 Linden Road Sandown,2nd Floor,Singapore,Desconocido,69045,Singapore,APAC,Victorino,Wendy,Large
10229,1.5305568534202727,0.8101579745265014,9,1.5598969985719575,2004-03-11,Shipped,1,3,2004,Classic Cars,1.1519048180352645,S10_4962,Mini Gifts Distributors Ltd.,4155551450,5677 Strong St.,Desconocido,San Rafael,CA,97562,USA,Desconocido,Nelson,Valarie,Medium
10245,-0.728235626643398,0.8101579745265014,2,0.5635672182135137,2004-05-04,Shipped,2,5,2004,Classic Cars,1.1519048180352645,S10_4962,Super Scale Inc.,2035559545,567 North Pendale Street,Desconocido,New Haven,CT,97823,USA,Desconocido,Murphy,Leslie,Medium
10259,-0.9335803975582769,0.8101579745265014,12,0.2603751354758922,2004-06-15,Shipped,2,6,2004,Classic Cars,1.1519048180352645,S10_4962,Handji Gifts& Co,+65 224 1555,Village Close - 106 Linden Road Sandown,2nd Floor,Singapore,Desconocido,69045,Singapore,APAC,Victorino,Wendy,Medium
10270,-0.31754608481363966,0.8101579745265014,2,0.40628571439124656,2004-07-19,Shipped,3,7,2004,Classic Cars,1.1519048180352645,S10_4962,Souveniers And Things Co.,+61 2 9495 8555,"Monitor Money Building, 815 Pacific Hwy",Level 6,Chatswood,NSW,2067,Australia,APAC,Huxley,Adrian,Medium
10281,0.9145225406756355,0.8101579745265014,9,1.882529344521971,2004-08-19,Shipped,3,8,2004,Classic Cars,1.1519048180352645,S10_4962,Diecast Classics Inc.,2155551555,7586 Pompton St.,Desconocido,Allentown,PA,70267,USA,Desconocido,Yu,Kyung,Large
10291,-0.5228908557285186,0.8101579745265014,4,0.16399921606429146,2004-09-08,Shipped,3,9,2004,Classic Cars,1.1519048180352645,S10_4962,Scandinavian Gift Ideas,0695-34 6555,?kergatan 24,Desconocido,Boras,Desconocido,S-844 67,Sweden,EMEA,Larsson,Maria,Medium
10305,0.29848822793099766,0.8101579745265014,13,1.697977169791147,2004-10-13,Shipped,4,10,2004,Classic Cars,1.1519048180352645,S10_4962,Marta's Replicas Co.,6175558555,39323 Spinnaker Dr.,Desconocido,Cambridge,MA,51247,USA,Desconocido,Hernandez,Marta,Medium
10313,0.5038329988458771,0.8101579745265014,7,1.6964675627595704,2004-10-22,Shipped,4,10,2004,Classic Cars,1.1519048180352645,S10_4962,Canadian Gift Exchange Network,(604) 555-3392,1900 Oak St.,Desconocido,Vancouver,BC,V3F 2K1,Canada,Desconocido,Tannamuri,Yoshi,Medium
10322,1.119867311590515,-1.0742582490951151,8,-0.3813924811423527,2004-11-04,Shipped,4,11,2004,Classic Cars,1.1519048180352645,S10_4962,Online Diecast Creations Co.,6035558647,2304 Long Airport Avenue,Desconocido,Nashua,NH,62005,USA,Desconocido,Young,Valarie,Small
10334,-0.9335803975582769,0.8101579745265014,2,-0.1986214254991448,2004-11-19,On Hold,4,11,2004,Classic Cars,1.1519048180352645,S10_4962,"Volvo Model Replicas, Co",0921-12 3555,Berguvsvgen  8,Desconocido,Lule,Desconocido,S-958 22,Sweden,EMEA,Berglund,Christina,Medium
10347,-0.8309080121008378,0.8101579745265014,2,0.47466331058410627,2004-11-29,Shipped,4,11,2004,Classic Cars,1.1519048180352645,S10_4962,"Australian Collectors, Co.",03 9520 4555,636 St Kilda Road,Level 3,Melbourne,Victoria,3004,Australia,APAC,Ferguson,Peter,Medium
10357,0.8118501552181958,0.8101579745265014,9,1.2093314922966525,2004-12-10,Shipped,4,12,2004,Classic Cars,1.1519048180352645,S10_4962,Mini Gifts Distributors Ltd.,4155551450,5677 Strong St.,Desconocido,San Rafael,CA,97562,USA,Desconocido,Nelson,Valarie,Medium
10370,-0.009528928441320991,-0.8937985002400066,4,-0.6824939210484738,2005-01-20,Shipped,1,1,2005,Classic Cars,1.1519048180352645,S10_4962,"Anna's Decorations, Ltd",02 9936 8555,201 Miller Street,Level 15,North Sydney,NSW,2060,Australia,APAC,O'Hara,Anna,Small
10381,0.19581584247355846,0.8101579745265014,6,1.4540290176812334,2005-02-17,Shipped,1,2,2005,Classic Cars,1.1519048180352645,S10_4962,Corporate Gift Ideas Co.,6505551386,7734 Strong St.,Desconocido,San Francisco,CA,Desconocido,USA,Desconocido,Brown,Julie,Medium
10391,0.19581584247355846,-1.8223729771785195,7,-0.9875377160082816,2005-03-09,Shipped,1,3,2005,Classic Cars,1.1519048180352645,S10_4962,"Anna's Decorations, Ltd",02 9936 8555,201 Miller Street,Level 15,North Sydney,NSW,2060,Australia,APAC,O'Hara,Anna,Small
10411,-0.8309080121008378,0.8101579745265014,2,0.4745166940738449,2005-05-01,Shipped,2,5,2005,Classic Cars,1.1519048180352645,S10_4962,Quebec Home Shopping Network,(514) 555-8054,43 rue St. Laurent,Desconocido,Montreal,Quebec,H1J 1C3,Canada,Desconocido,Fresnisre,Jean,Medium
10425,0.29848822793099766,0.8101579745265014,12,1.2712471015557838,2005-05-31,In Process,2,5,2005,Classic Cars,1.1519048180352645,S10_4962,La Rochelle Gifts,40.67.8555,"67, rue des Cinquante Otages",Desconocido,Nantes,Desconocido,44000,France,EMEA,Labrune,Janine,Medium
10108,-0.21487369935619993,0.8101579745265014,6,0.9292559460101905,2003-03-03,Shipped,1,3,2003,Classic Cars,2.321617916524767,S12_1099,Cruz & Sons Co.,+63 2 555 3587,15 McCallum Street - NatWest Center #13-03,Desconocido,Makati City,Desconocido,1227 MM,Philippines,Japan,Cruz,Arnold,Medium
10122,0.7091777697607561,0.8101579745265014,10,2.1970814916842634,2003-05-08,Shipped,2,5,2003,Classic Cars,2.321617916524767,S12_1099,Marseille Mini Autos,91.24.4555,"12, rue des Bouchers",Desconocido,Marseille,Desconocido,13008,France,EMEA,Lebihan,Laurence,Large
10135,0.7091777697607561,0.8101579745265014,7,2.4189937253260534,2003-07-02,Shipped,3,7,2003,Classic Cars,2.321617916524767,S12_1099,Mini Gifts Distributors Ltd.,4155551450,5677 Strong St.,Desconocido,San Rafael,CA,97562,USA,Desconocido,Nelson,Valarie,Large
10147,1.3252120825053932,0.8101579745265014,7,3.0908231567889355,2003-09-05,Shipped,3,9,2003,Classic Cars,2.321617916524767,S12_1099,Collectables For Less Inc.,6175558555,7825 Douglas Av.,Desconocido,Brickhaven,MA,58339,USA,Desconocido,Nelson,Allen,Large
10159,0.6065053843033164,0.8101579745265014,2,2.575270634540976,2003-10-10,Shipped,4,10,2003,Classic Cars,2.321617916524767,S12_1099,Corporate Gift Ideas Co.,6505551386,7734 Strong St.,Desconocido,San Francisco,CA,Desconocido,USA,Desconocido,Brown,Julie,Large
10169,-0.5228908557285186,0.8101579745265014,2,0.7960792825230649,2003-11-04,Shipped,4,11,2003,Classic Cars,2.321617916524767,S12_1099,"Anna's Decorations, Ltd",02 9936 8555,201 Miller Street,Level 15,North Sydney,NSW,2060,Australia,APAC,O'Hara,Anna,Medium
10181,-0.8309080121008378,0.8101579745265014,14,1.0084940244446097,2003-11-12,Shipped,4,11,2003,Classic Cars,2.321617916524767,S12_1099,Herkku Gifts,+47 2267 3215,"Drammen 121, PR 744 Sentrum",Desconocido,Bergen,Desconocido,N 5804,Norway,EMEA,Oeztan,Veysel,Medium
10191,-1.4469423248454751,0.8101579745265014,3,0.15585385438312174,2003-11-20,Shipped,4,11,2003,Classic Cars,2.321617916524767,S12_1099,"Toms Spezialitten, Ltd",0221-5554327,Mehrheimerstr. 369,Desconocido,Koln,Desconocido,50739,Germany,EMEA,Pfalzheim,Henriette,Medium
10203,-1.5496147103029148,0.8101579745265014,8,0.20445451241410129,2003-12-02,Shipped,4,12,2003,Classic Cars,2.321617916524767,S12_1099,Euro Shopping Channel,(91) 555 94 44,"C/ Moralzarzal, 86",Desconocido,Madrid,Desconocido,28034,Spain,EMEA,Freyre,Diego,Medium
10211,0.6065053843033164,0.8101579745265014,2,2.1422360563643874,2004-01-15,Shipped,1,1,2004,Classic Cars,2.321617916524767,S12_1099,Auto Canal Petit,(1) 47.55.6555,"25, rue Lauriston",Desconocido,Paris,Desconocido,75016,France,EMEA,Perrier,Dominique,Large
10225,-0.8309080121008378,0.8101579745265014,9,0.5234866085010376,2004-02-22,Shipped,1,2,2004,Classic Cars,2.321617916524767,S12_1099,"Vida Sport, Ltd",0897-034555,Grenzacherweg 237,Desconocido,Gensve,Desconocido,1203,Switzerland,EMEA,Holz,Michael,Medium
10238,-0.728235626643398,0.8101579745265014,3,1.205964742801769,2004-04-09,Shipped,2,4,2004,Classic Cars,2.321617916524767,S12_1099,Danish Wholesale Imports,31 12 3555,Vinb'ltet 34,Desconocido,Kobenhavn,Desconocido,1734,Denmark,EMEA,Petersen,Jytte,Medium
10253,-1.1389251684731565,0.8101579745265014,13,0.20019720337541008,2004-06-01,Cancelled,2,6,2004,Classic Cars,2.321617916524767,S12_1099,"UK Collectables, Ltd.",(171) 555-2282,Berkeley Gardens 12  Brewery,Desconocido,Liverpool,Desconocido,WX1 6LT,UK,EMEA,Devon,Elizabeth,Medium
10266,0.9145225406756355,0.8101579745265014,14,3.044448897617475,2004-07-06,Shipped,3,7,2004,Classic Cars,2.321617916524767,S12_1099,L'ordine Souveniers,0522-556555,Strada Provinciale 124,Desconocido,Reggio Emilia,Desconocido,42100,Italy,EMEA,Moroni,Maurizio,Large
10276,1.5305568534202727,0.8101579745265014,3,3.300017765725858,2004-08-02,Shipped,3,8,2004,Classic Cars,2.321617916524767,S12_1099,Online Mini Collectables,6175557555,7635 Spinnaker Dr.,Desconocido,Brickhaven,MA,58339,USA,Desconocido,Barajas,Miguel,Large
10287,-1.4469423248454751,0.8101579745265014,12,-0.06605837925866749,2004-08-30,Shipped,3,8,2004,Classic Cars,2.321617916524767,S12_1099,"Vida Sport, Ltd",0897-034555,Grenzacherweg 237,Desconocido,Gensve,Desconocido,1203,Switzerland,EMEA,Holz,Michael,Medium
10300,-0.21487369935619993,0.8101579745265014,5,1.0686719565450922,2003-10-04,Shipped,4,10,2003,Classic Cars,2.321617916524767,S12_1099,"Blauer See Auto, Co.",+49 69 66 90 2555,Lyonerstr. 34,Desconocido,Frankfurt,Desconocido,60528,Germany,EMEA,Keitel,Roland,Medium
10310,-0.21487369935619993,0.8101579745265014,10,1.835818410401023,2004-10-16,Shipped,4,10,2004,Classic Cars,2.321617916524767,S12_1099,"Toms Spezialitten, Ltd",0221-5554327,Mehrheimerstr. 369,Desconocido,Koln,Desconocido,50739,Germany,EMEA,Pfalzheim,Henriette,Medium
10320,-0.4202184702710794,0.8101579745265014,3,1.8040460696033391,2004-11-03,Shipped,4,11,2004,Classic Cars,2.321617916524767,S12_1099,"Volvo Model Replicas, Co",0921-12 3555,Berguvsvgen  8,Desconocido,Lule,Desconocido,S-958 22,Sweden,EMEA,Berglund,Christina,Medium
10329,0.6065053843033164,-0.6042696724065354,5,-0.3386401927984528,2004-11-15,Shipped,4,11,2004,Classic Cars,2.321617916524767,S12_1099,Land of Toys Inc.,2125557818,897 Long Airport Avenue,Desconocido,NYC,NY,10022,USA,Desconocido,Yu,Kwai,Small
10341,1.0171949261330746,-0.19873100602335103,2,0.016486716018306938,2004-11-24,Shipped,4,11,2004,Classic Cars,2.321617916524767,S12_1099,Salzburg Collectables,6562-9555,Geislweg 14,Desconocido,Salzburg,Desconocido,5020,Austria,EMEA,Pipps,Georg,Medium
10363,-0.21487369935619993,0.08584013640201293,3,-0.39967610299601836,2005-01-06,Shipped,1,1,2005,Classic Cars,2.321617916524767,S12_1099,Suominen Souveniers,+358 9 8045 555,"Software Engineering Center, SEC Oy",Desconocido,Espoo,Desconocido,FIN-02271,Finland,EMEA,Suominen,Kalle,Small
10375,1.0171949261330746,-0.37968652341927045,7,-0.07270499439050157,2005-02-03,Shipped,1,2,2005,Classic Cars,2.321617916524767,S12_1099,La Rochelle Gifts,40.67.8555,"67, rue des Cinquante Otages",Desconocido,Nantes,Desconocido,44000,France,EMEA,Labrune,Janine,Medium
10389,-0.9335803975582769,0.7625641946086705,4,-0.5315386481319152,2005-03-03,Shipped,1,3,2005,Classic Cars,2.321617916524767,S12_1099,Scandinavian Gift Ideas,0695-34 6555,?kergatan 24,Desconocido,Boras,Desconocido,S-844 67,Sweden,EMEA,Larsson,Maria,Small
10419,-2.3709937939624317,0.8101579745265014,13,-0.8648251271608985,2005-05-17,Shipped,2,5,2005,Classic Cars,2.321617916524767,S12_1099,Salzburg Collectables,6562-9555,Geislweg 14,Desconocido,Salzburg,Desconocido,5020,Austria,EMEA,Pipps,Georg,Small
10105,0.6065053843033164,0.8101579745265014,15,2.7892275649408225,2003-02-11,Shipped,1,2,2003,Classic Cars,2.645155582064416,S12_1108,Danish Wholesale Imports,31 12 3555,Vinb'ltet 34,Desconocido,Kobenhavn,Desconocido,1734,Denmark,EMEA,Petersen,Jytte,Large
10117,-0.21487369935619993,0.8101579745265014,9,1.346966383743938,2003-04-16,Shipped,2,4,2003,Classic Cars,2.645155582064416,S12_1108,"Dragon Souveniers, Ltd.",+65 221 7555,"Bronz Sok., Bronz Apt. 3/6 Tesvikiye",Desconocido,Singapore,Desconocido,79903,Singapore,Japan,Natividad,Eric,Medium
10127,1.119867311590515,0.8101579745265014,2,4.195030107252792,2003-06-03,Shipped,2,6,2003,Classic Cars,2.645155582064416,S12_1108,Muscle Machine Inc,2125557413,4092 Furth Circle,Suite 400,NYC,NY,10022,USA,Desconocido,Young,Jeff,Large
10142,-0.21487369935619993,0.8101579745265014,12,2.426992470496962,2003-08-08,Shipped,3,8,2003,Classic Cars,2.645155582064416,S12_1108,Mini Gifts Distributors Ltd.,4155551450,5677 Strong St.,Desconocido,San Rafael,CA,97562,USA,Desconocido,Nelson,Valarie,Large
10153,-1.5496147103029148,0.8101579745265014,11,0.7331427879332264,2003-09-28,Shipped,3,9,2003,Classic Cars,2.645155582064416,S12_1108,Euro Shopping Channel,(91) 555 94 44,"C/ Moralzarzal, 86",Desconocido,Madrid,Desconocido,28034,Spain,EMEA,Freyre,Diego,Medium
10165,0.9145225406756355,0.8101579745265014,3,2.7371841340392686,2003-10-22,Shipped,4,10,2003,Classic Cars,2.645155582064416,S12_1108,"Dragon Souveniers, Ltd.",+65 221 7555,"Bronz Sok., Bronz Apt. 3/6 Tesvikiye",Desconocido,Singapore,Desconocido,79903,Singapore,Japan,Natividad,Eric,Large
10176,-0.21487369935619993,0.8101579745265014,2,2.128986268029685,2003-11-06,Shipped,4,11,2003,Classic Cars,2.645155582064416,S12_1108,L'ordine Souveniers,0522-556555,Strada Provinciale 124,Desconocido,Reggio Emilia,Desconocido,42100,Italy,EMEA,Moroni,Maurizio,Large
10185,-1.4469423248454751,0.8101579745265014,13,0.17911700734454225,2003-11-14,Shipped,4,11,2003,Classic Cars,2.645155582064416,S12_1108,Mini Creations Ltd.,5085559555,4575 Hillside Dr.,Desconocido,New Bedford,MA,50553,USA,Desconocido,Tam,Wing C,Medium
10196,1.222539697047954,0.8101579745265014,5,2.8963879432182926,2003-11-26,Shipped,4,11,2003,Classic Cars,2.645155582064416,S12_1108,Super Scale Inc.,2035559545,567 North Pendale Street,Desconocido,New Haven,CT,97823,USA,Desconocido,Murphy,Leslie,Large
10208,1.119867311590515,0.8101579745265014,13,2.7417455365807237,2004-01-02,Shipped,1,1,2004,Classic Cars,2.645155582064416,S12_1108,"Saveley & Henriot, Co.",78.32.5555,"2, rue du Commerce",Desconocido,Lyon,Desconocido,69004,France,EMEA,Saveley,Mary,Large
10220,-0.31754608481363966,0.8101579745265014,2,1.9698476217441103,2004-02-12,Shipped,1,2,2004,Classic Cars,2.645155582064416,S12_1108,"Clover Collections, Co.",+353 1862 1555,25 Maiden Lane,Floor No. 4,Dublin,Desconocido,2,Ireland,EMEA,Cassidy,Dean,Large
10231,0.7091777697607561,0.8101579745265014,2,2.619923507277149,2004-03-19,Shipped,1,3,2004,Classic Cars,2.645155582064416,S12_1108,CAF Imports,+34 913 728 555,"Merchants House, 27-30 Merchant's Quay",Desconocido,Madrid,Desconocido,28023,Spain,EMEA,Fernandez,Jesus,Large
10247,0.9145225406756355,0.8101579745265014,2,3.829574879824308,2004-05-05,Shipped,2,5,2004,Classic Cars,2.645155582064416,S12_1108,Suominen Souveniers,+358 9 8045 555,"Software Engineering Center, SEC Oy",Desconocido,Espoo,Desconocido,FIN-02271,Finland,EMEA,Suominen,Kalle,Large
10272,-0.009528928441320991,0.8101579745265014,2,1.2296840360173351,2004-07-20,Shipped,3,7,2004,Classic Cars,2.645155582064416,S12_1108,Diecast Classics Inc.,2155551555,7586 Pompton St.,Desconocido,Allentown,PA,70267,USA,Desconocido,Yu,Kyung,Medium
10282,0.6065053843033164,0.8101579745265014,5,1.9100226553164799,2004-08-20,Shipped,3,8,2004,Classic Cars,2.645155582064416,S12_1108,Mini Gifts Distributors Ltd.,4155551450,5677 Strong St.,Desconocido,San Rafael,CA,97562,USA,Desconocido,Nelson,Valarie,Large
10293,1.119867311590515,0.8101579745265014,8,2.6378324424934805,2004-09-09,Shipped,3,9,2004,Classic Cars,2.645155582064416,S12_1108,Amica Models & Co.,011-4988555,Via Monte Bianco 34,Desconocido,Torino,Desconocido,10100,Italy,EMEA,Accorti,Paolo,Large
10306,-0.4202184702710794,0.8101579745265014,13,1.6382336569803273,2004-10-14,Shipped,4,10,2004,Classic Cars,2.645155582064416,S12_1108,"AV Stores, Co.",(171) 555-1555,Fauntleroy Circus,Desconocido,Manchester,Desconocido,EC2 5NT,UK,EMEA,Ashworth,Victoria,Medium
10314,0.29848822793099766,0.8101579745265014,5,2.40100876673403,2004-10-22,Shipped,4,10,2004,Classic Cars,2.645155582064416,S12_1108,Heintze Collectables,86 21 3555,Smagsloget 45,Desconocido,Aaarhus,Desconocido,8200,Denmark,EMEA,Ibsen,Palle,Large
10325,0.7091777697607561,-0.9746087723921568,8,-0.47019864443158615,2004-11-05,Shipped,4,11,2004,Classic Cars,2.645155582064416,S12_1108,Baane Mini Imports,07-98 9555,Erling Skakkes gate 78,Desconocido,Stavern,Desconocido,4110,Norway,EMEA,Bergulfsen,Jonas,Small
10336,-0.21487369935619993,-1.3107398430618376,10,-0.9044767478248331,2004-11-20,Shipped,4,11,2004,Classic Cars,2.645155582064416,S12_1108,"La Corne D'abondance, Co.",(1) 42.34.2555,"265, boulevard Charonne",Desconocido,Paris,Desconocido,75012,France,EMEA,Bertrand,Marie,Small
10348,1.3252120825053932,-1.5516833538958563,8,-0.5650758172938513,2004-11-01,Shipped,4,11,2004,Classic Cars,2.645155582064416,S12_1108,"Corrida Auto Replicas, Ltd",(91) 555 22 82,"C/ Araquil, 67",Desconocido,Madrid,Desconocido,28023,Spain,EMEA,Sommer,Mart¡n,Small
10359,0.7091777697607561,0.8101579745265014,8,0.657380063816106,2004-12-15,Shipped,4,12,2004,Classic Cars,2.645155582064416,S12_1108,Reims Collectables,26.47.1555,59 rue de l'Abbaye,Desconocido,Reims,Desconocido,51100,France,EMEA,Henriot,Paul,Medium
10371,-0.31754608481363966,0.8101579745265014,6,0.00366591673214595,2005-01-23,Shipped,1,1,2005,Classic Cars,2.645155582064416,S12_1108,Mini Gifts Distributors Ltd.,4155551450,5677 Strong St.,Desconocido,San Rafael,CA,97562,USA,Desconocido,Nelson,Valarie,Medium
10382,-0.11220131389876072,0.8101579745265014,10,0.14648125820865554,2005-02-17,Shipped,1,2,2005,Classic Cars,2.645155582064416,S12_1108,Mini Gifts Distributors Ltd.,4155551450,5677 Strong St.,Desconocido,San Rafael,CA,97562,USA,Desconocido,Nelson,Valarie,Medium
10395,-0.21487369935619993,-0.7207752794970586,1,-0.6912311790118087,2005-03-17,Shipped,1,3,2005,Classic Cars,2.645155582064416,S12_1108,Lyon Souveniers,+33 1 46 62 7555,27 rue du Colonel Pierre Avia,Desconocido,Paris,Desconocido,75508,France,EMEA,Da Cunha,Daniel,Small
10413,0.09314345701611873,0.8101579745265014,2,2.7824071820931224,2005-05-05,Shipped,2,5,2005,Classic Cars,2.645155582064416,S12_1108,Gift Depot Inc.,2035552570,25593 South Bay Ln.,Desconocido,Bridgewater,CT,97562,USA,Desconocido,King,Julie,Large
10103,-0.8309080121008378,0.8101579745265014,8,-0.0862914576746929,2003-01-29,Shipped,1,1,2003,Trucks and Buses,0.8781421779632533,S12_1666,Baane Mini Imports,07-98 9555,Erling Skakkes gate 78,Desconocido,Stavern,Desconocido,4110,Norway,EMEA,Bergulfsen,Jonas,Medium
10113,-1.4469423248454751,0.8101579745265014,2,-0.07518118434157743,2003-03-26,Shipped,1,3,2003,Trucks and Buses,0.8781421779632533,S12_1666,Mini Gifts Distributors Ltd.,4155551450,5677 Strong St.,Desconocido,San Rafael,CA,97562,USA,Desconocido,Nelson,Valarie,Medium
10126,-1.4469423248454751,0.8101579745265014,8,-0.6051021245951196,2003-05-28,Shipped,2,5,2003,Trucks and Buses,0.8781421779632533,S12_1666,"Corrida Auto Replicas, Ltd",(91) 555 22 82,"C/ Araquil, 67",Desconocido,Madrid,Desconocido,28023,Spain,EMEA,Sommer,Mart¡n,Small
10140,0.29848822793099766,0.8101579745265014,8,0.6928503988170404,2003-07-24,Shipped,3,7,2003,Trucks and Buses,0.8781421779632533,S12_1666,Technics Stores Inc.,6505556809,9408 Furth Circle,Desconocido,Burlingame,CA,94217,USA,Desconocido,Hirano,Juri,Medium
10150,-0.5228908557285186,0.8101579745265014,5,0.29660570423373545,2003-09-19,Shipped,3,9,2003,Trucks and Buses,0.8781421779632533,S12_1666,"Dragon Souveniers, Ltd.",+65 221 7555,"Bronz Sok., Bronz Apt. 3/6 Tesvikiye",Desconocido,Singapore,Desconocido,79903,Singapore,Japan,Natividad,Eric,Medium
10164,1.4278844679628335,0.8101579745265014,6,1.634052371317327,2003-10-21,Resolved,4,10,2003,Trucks and Buses,0.8781421779632533,S12_1666,Mini Auto Werke,7675-3555,Kirchgasse 6,Desconocido,Graz,Desconocido,8010,Austria,EMEA,Mendel,Roland,Medium
10174,0.8118501552181958,0.8101579745265014,1,1.7720673796430675,2003-11-06,Shipped,4,11,2003,Trucks and Buses,0.8781421779632533,S12_1666,"Australian Gift Network, Co",61-7-3844-6555,31 Duncan St. West End,Desconocido,South Brisbane,Queensland,4101,Australia,APAC,Calaghan,Tony,Medium
10183,0.6065053843033164,0.8101579745265014,5,1.4173205877047617,2003-11-13,Shipped,4,11,2003,Trucks and Buses,0.8781421779632533,S12_1666,"Classic Gift Ideas, Inc",2155554695,782 First Street,Desconocido,Philadelphia,PA,71270,USA,Desconocido,Cervantes,Francisca,Medium
10194,0.29848822793099766,0.8101579745265014,8,0.7493900693665998,2003-11-25,Shipped,4,11,2003,Trucks and Buses,0.8781421779632533,S12_1666,"Saveley & Henriot, Co.",78.32.5555,"2, rue du Commerce",Desconocido,Lyon,Desconocido,69004,France,EMEA,Saveley,Mary,Medium
10206,-0.728235626643398,0.8101579745265014,3,0.2728538295714442,2003-12-05,Shipped,4,12,2003,Trucks and Buses,0.8781421779632533,S12_1666,Canadian Gift Exchange Network,(604) 555-3392,1900 Oak St.,Desconocido,Vancouver,BC,V3F 2K1,Canada,Desconocido,Tannamuri,Yoshi,Medium
10216,0.8118501552181958,0.8101579745265014,1,1.1976564738869755,2004-02-02,Shipped,1,2,2004,Trucks and Buses,0.8781421779632533,S12_1666,Auto Assoc. & Cie.,30.59.8555,"67, avenue de l'Europe",Desconocido,Versailles,Desconocido,78000,France,EMEA,Tonini,Daniel,Medium
10229,-1.0362527830157167,0.8101579745265014,13,-0.05587124691608434,2004-03-11,Shipped,1,3,2004,Trucks and Buses,0.8781421779632533,S12_1666,Mini Gifts Distributors Ltd.,4155551450,5677 Strong St.,Desconocido,San Rafael,CA,97562,USA,Desconocido,Nelson,Valarie,Medium
10245,0.29848822793099766,0.8101579745265014,6,1.2850724954492891,2004-05-04,Shipped,2,5,2004,Trucks and Buses,0.8781421779632533,S12_1666,Super Scale Inc.,2035559545,567 North Pendale Street,Desconocido,New Haven,CT,97823,USA,Desconocido,Murphy,Leslie,Medium
10258,0.6065053843033164,0.8101579745265014,3,1.6911676474256891,2004-06-15,Shipped,2,6,2004,Trucks and Buses,0.8781421779632533,S12_1666,"Tokyo Collectables, Ltd",+81 3 3584 0555,2-2-8 Roppongi,Desconocido,Minato-ku,Tokyo,106-0032,Japan,Japan,Shimamura,Akiko,Medium
10270,-0.728235626643398,0.8101579745265014,6,0.29368423451075537,2004-07-19,Shipped,3,7,2004,Trucks and Buses,0.8781421779632533,S12_1666,Souveniers And Things Co.,+61 2 9495 8555,"Monitor Money Building, 815 Pacific Hwy",Level 6,Chatswood,NSW,2067,Australia,APAC,Huxley,Adrian,Medium
10281,-1.0362527830157167,0.8101579745265014,13,-0.33417110435605113,2004-08-19,Shipped,3,8,2004,Trucks and Buses,0.8781421779632533,S12_1666,Diecast Classics Inc.,2155551555,7586 Pompton St.,Desconocido,Allentown,PA,70267,USA,Desconocido,Yu,Kyung,Small
10291,0.6065053843033164,0.8101579745265014,8,1.5388819654345394,2004-09-08,Shipped,3,9,2004,Trucks and Buses,0.8781421779632533,S12_1666,Scandinavian Gift Ideas,0695-34 6555,?kergatan 24,Desconocido,Boras,Desconocido,S-844 67,Sweden,EMEA,Larsson,Maria,Medium
10304,0.4011606133884374,0.8101579745265014,3,1.543334763153579,2004-10-11,Shipped,4,10,2004,Trucks and Buses,0.8781421779632533,S12_1666,Auto Assoc. & Cie.,30.59.8555,"67, avenue de l'Europe",Desconocido,Versailles,Desconocido,78000,France,EMEA,Tonini,Daniel,Medium
10313,-1.4469423248454751,0.8101579745265014,11,-0.48046180014986006,2004-10-22,Shipped,4,10,2004,Trucks and Buses,0.8781421779632533,S12_1666,Canadian Gift Exchange Network,(604) 555-3392,1900 Oak St.,Desconocido,Vancouver,BC,V3F 2K1,Canada,Desconocido,Tannamuri,Yoshi,Small
10322,-0.8309080121008378,0.8101579745265014,9,0.6680504876184385,2004-11-04,Shipped,4,11,2004,Trucks and Buses,0.8781421779632533,S12_1666,Online Diecast Creations Co.,6035558647,2304 Long Airport Avenue,Desconocido,Nashua,NH,62005,USA,Desconocido,Young,Valarie,Medium
10333,-0.21487369935619993,0.7709922598024531,6,-0.15202452644173292,2004-11-18,Shipped,4,11,2004,Trucks and Buses,0.8781421779632533,S12_1666,Mini Wheels Co.,6505555787,5557 North Pendale Street,Desconocido,San Francisco,CA,Desconocido,USA,Desconocido,Murphy,Julie,Medium
10347,-0.6255632411859583,0.8101579745265014,3,0.017670508582636964,2004-11-29,Shipped,4,11,2004,Trucks and Buses,0.8781421779632533,S12_1666,"Australian Collectors, Co.",03 9520 4555,636 St Kilda Road,Level 3,Melbourne,Victoria,3004,Australia,APAC,Ferguson,Peter,Medium
10357,1.4278844679628335,0.8101579745265014,8,1.3067717389679256,2004-12-10,Shipped,4,12,2004,Trucks and Buses,0.8781421779632533,S12_1666,Mini Gifts Distributors Ltd.,4155551450,5677 Strong St.,Desconocido,San Rafael,CA,97562,USA,Desconocido,Nelson,Valarie,Medium
10370,1.4278844679628335,0.8101579745265014,8,2.6696427949790085,2005-01-20,Shipped,1,1,2005,Trucks and Buses,0.8781421779632533,S12_1666,"Anna's Decorations, Ltd",02 9936 8555,201 Miller Street,Level 15,North Sydney,NSW,2060,Australia,APAC,O'Hara,Anna,Large
10381,-1.5496147103029148,0.8101579745265014,1,-0.3268402788429984,2005-02-17,Shipped,1,2,2005,Trucks and Buses,0.8781421779632533,S12_1666,Corporate Gift Ideas Co.,6505551386,7734 Strong St.,Desconocido,San Francisco,CA,Desconocido,USA,Desconocido,Brown,Julie,Small
10391,0.4011606133884374,-1.0142702556570156,9,-0.5914016262473919,2005-03-09,Shipped,1,3,2005,Trucks and Buses,0.8781421779632533,S12_1666,"Anna's Decorations, Ltd",02 9936 8555,201 Miller Street,Level 15,North Sydney,NSW,2060,Australia,APAC,O'Hara,Anna,Small
10411,0.5038329988458771,0.8101579745265014,6,1.4542788087727891,2005-05-01,Shipped,2,5,2005,Trucks and Buses,0.8781421779632533,S12_1666,Quebec Home Shopping Network,(514) 555-8054,43 rue St. Laurent,Desconocido,Montreal,Quebec,H1J 1C3,Canada,Desconocido,Fresnisre,Jean,Medium
10424,1.4278844679628335,0.8101579745265014,3,2.397707180132596,2005-05-31,In Process,2,5,2005,Trucks and Buses,0.8781421779632533,S12_1666,Euro Shopping Channel,(91) 555 94 44,"C/ Moralzarzal, 86",Desconocido,Madrid,Desconocido,28034,Spain,EMEA,Freyre,Diego,Large
10107,-1.4469423248454751,0.8101579745265014,1,-0.2809004389612008,2003-02-24,Shipped,1,2,2003,Motorcycles,1.2265673562367223,S12_2823,Land of Toys Inc.,2125557818,897 Long Airport Avenue,Desconocido,NYC,NY,10022,USA,Desconocido,Yu,Kwai,Medium
10121,1.5305568534202727,0.8101579745265014,4,2.5685642867568133,2003-05-07,Shipped,2,5,2003,Motorcycles,1.2265673562367223,S12_2823,Reims Collectables,26.47.1555,59 rue de l'Abbaye,Desconocido,Reims,Desconocido,51100,France,EMEA,Henriot,Paul,Large
10134,-1.5496147103029148,0.8101579745265014,1,-0.4576004850313769,2003-07-01,Shipped,3,7,2003,Motorcycles,1.2265673562367223,S12_2823,Lyon Souveniers,+33 1 46 62 7555,27 rue du Colonel Pierre Avia,Desconocido,Paris,Desconocido,75508,France,EMEA,Da Cunha,Daniel,Small
10145,1.4278844679628335,0.8101579745265014,5,2.598865032210764,2003-08-25,Shipped,3,8,2003,Motorcycles,1.2265673562367223,S12_2823,Toys4GrownUps.com,6265557265,78934 Hillside Dr.,Desconocido,Pasadena,CA,90003,USA,Desconocido,Young,Julie,Large
10159,0.29848822793099766,0.8101579745265014,13,1.457993093699403,2003-10-10,Shipped,4,10,2003,Motorcycles,1.2265673562367223,S12_2823,Corporate Gift Ideas Co.,6505551386,7734 Strong St.,Desconocido,San Francisco,CA,Desconocido,USA,Desconocido,Brown,Julie,Medium
10169,-0.009528928441320991,0.8101579745265014,13,0.5893771542605803,2003-11-04,Shipped,4,11,2003,Motorcycles,1.2265673562367223,S12_2823,"Anna's Decorations, Ltd",02 9936 8555,201 Miller Street,Level 15,North Sydney,NSW,2060,Australia,APAC,O'Hara,Anna,Medium
10180,0.5038329988458771,0.8101579745265014,8,1.734262040960198,2003-11-11,Shipped,4,11,2003,Motorcycles,1.2265673562367223,S12_2823,Daedalus Designs Imports,20.16.1555,"184, chausse de Tournai",Desconocido,Lille,Desconocido,59000,France,EMEA,Rance,Martine,Medium
10189,-0.728235626643398,0.8101579745265014,1,0.5205379875724541,2003-11-18,Shipped,4,11,2003,Motorcycles,1.2265673562367223,S12_2823,Toys4GrownUps.com,6265557265,78934 Hillside Dr.,Desconocido,Pasadena,CA,90003,USA,Desconocido,Young,Julie,Medium
10201,-1.0362527830157167,0.8101579745265014,1,0.2579966898649907,2003-12-01,Shipped,4,12,2003,Motorcycles,1.2265673562367223,S12_2823,Mini Wheels Co.,6505555787,5557 North Pendale Street,Desconocido,San Francisco,CA,Desconocido,USA,Desconocido,Murphy,Julie,Medium
10211,0.09314345701611873,0.8101579745265014,13,0.6613550003165172,2004-01-15,Shipped,1,1,2004,Motorcycles,1.2265673562367223,S12_2823,Auto Canal Petit,(1) 47.55.6555,"25, rue Lauriston",Desconocido,Paris,Desconocido,75016,France,EMEA,Perrier,Dominique,Medium
10224,0.8118501552181958,0.8101579745265014,6,1.3760507551868348,2004-02-21,Shipped,1,2,2004,Motorcycles,1.2265673562367223,S12_2823,Daedalus Designs Imports,20.16.1555,"184, chausse de Tournai",Desconocido,Lille,Desconocido,59000,France,EMEA,Rance,Martine,Medium
10237,-0.31754608481363966,0.8101579745265014,6,0.34720469099716156,2004-04-05,Shipped,2,4,2004,Motorcycles,1.2265673562367223,S12_2823,Vitachrome Inc.,2125551500,2678 Kingston Rd.,Suite 101,NYC,NY,10022,USA,Desconocido,Frick,Michael,Medium
10251,1.119867311590515,0.8101579745265014,1,2.17122268346711,2004-05-18,Shipped,2,5,2004,Motorcycles,1.2265673562367223,S12_2823,Tekni Collectables Inc.,2015559350,7476 Moss Rd.,Desconocido,Newark,NJ,94019,USA,Desconocido,Brown,William,Large
10263,1.3252120825053932,0.8101579745265014,1,1.5641868890573734,2004-06-28,Shipped,2,6,2004,Motorcycles,1.2265673562367223,S12_2823,Gift Depot Inc.,2035552570,25593 South Bay Ln.,Desconocido,Bridgewater,CT,97562,USA,Desconocido,King,Julie,Medium
10276,0.8118501552181958,0.8101579745265014,14,0.883831979034867,2004-08-02,Shipped,3,8,2004,Motorcycles,1.2265673562367223,S12_2823,Online Mini Collectables,6175557555,7635 Spinnaker Dr.,Desconocido,Brickhaven,MA,58339,USA,Desconocido,Barajas,Miguel,Medium
10285,1.4278844679628335,0.8101579745265014,5,1.7974266056771093,2004-08-27,Shipped,3,8,2004,Motorcycles,1.2265673562367223,S12_2823,Marta's Replicas Co.,6175558555,39323 Spinnaker Dr.,Desconocido,Cambridge,MA,51247,USA,Desconocido,Hernandez,Marta,Medium
10299,-1.1389251684731565,0.8101579745265014,8,0.32752549717545576,2004-09-30,Shipped,3,9,2004,Motorcycles,1.2265673562367223,S12_2823,"Toys of Finland, Co.",90-224 8555,Keskuskatu 45,Desconocido,Helsinki,Desconocido,21240,Finland,EMEA,Karttunen,Matti,Medium
10309,-0.9335803975582769,0.8101579745265014,4,0.6007752303730973,2004-10-15,Shipped,4,10,2004,Motorcycles,1.2265673562367223,S12_2823,Baane Mini Imports,07-98 9555,Erling Skakkes gate 78,Desconocido,Stavern,Desconocido,4110,Norway,EMEA,Bergulfsen,Jonas,Medium
10319,-0.5228908557285186,0.8101579745265014,9,0.3029590863450476,2004-11-03,Shipped,4,11,2004,Motorcycles,1.2265673562367223,S12_2823,Microscale Inc.,2125551957,5290 North Pendale Street,Suite 200,NYC,NY,10022,USA,Desconocido,Kuo,Kee,Medium
10329,-1.1389251684731565,0.8101579745265014,6,-0.0061085172852580255,2004-11-15,Shipped,4,11,2004,Motorcycles,1.2265673562367223,S12_2823,Land of Toys Inc.,2125557818,897 Long Airport Avenue,Desconocido,NYC,NY,10022,USA,Desconocido,Yu,Kwai,Medium
10341,2.043918780707471,0.8101579745265014,8,2.478720947413511,2004-11-24,Shipped,4,11,2004,Motorcycles,1.2265673562367223,S12_2823,Salzburg Collectables,6562-9555,Geislweg 14,Desconocido,Salzburg,Desconocido,5020,Austria,EMEA,Pipps,Georg,Large
10362,-1.3442699393880353,0.8101579745265014,1,0.17548960627586144,2005-01-05,Shipped,1,1,2005,Motorcycles,1.2265673562367223,S12_2823,Technics Stores Inc.,6505556809,9408 Furth Circle,Desconocido,Burlingame,CA,94217,USA,Desconocido,Hirano,Juri,Medium
10375,1.4278844679628335,-0.2349221095025354,13,0.17007022563732346,2005-02-03,Shipped,1,2,2005,Motorcycles,1.2265673562367223,S12_2823,La Rochelle Gifts,40.67.8555,"67, rue des Cinquante Otages",Desconocido,Nantes,Desconocido,44000,France,EMEA,Labrune,Janine,Medium
10388,0.9145225406756355,0.8101579745265014,6,1.3019279638881902,2005-03-03,Shipped,1,3,2005,Motorcycles,1.2265673562367223,S12_2823,FunGiftIdeas.com,5085552555,1785 First Street,Desconocido,New Bedford,MA,50553,USA,Desconocido,Benitez,Violeta,Medium
10403,3.1733150207393064,0.8101579745265014,6,2.7665725989849284,2005-04-08,Shipped,2,4,2005,Motorcycles,1.2265673562367223,S12_2823,"UK Collectables, Ltd.",(171) 555-2282,Berkeley Gardens 12  Brewery,Desconocido,Liverpool,Desconocido,WX1 6LT,UK,EMEA,Devon,Elizabeth,Large
10417,-1.4469423248454751,0.8101579745265014,1,-0.057619784556975424,2005-05-13,Disputed,2,5,2005,Motorcycles,1.2265673562367223,S12_2823,Euro Shopping Channel,(91) 555 94 44,"C/ Moralzarzal, 86",Desconocido,Madrid,Desconocido,28034,Spain,EMEA,Freyre,Diego,Medium
10104,-0.11220131389876072,0.8101579745265014,1,1.3057617141194606,2003-01-31,Shipped,1,1,2003,Classic Cars,1.2514548689705416,S12_3148,Euro Shopping Channel,(91) 555 94 44,"C/ Moralzarzal, 86",Desconocido,Madrid,Desconocido,28034,Spain,EMEA,Freyre,Diego,Medium
10117,0.8118501552181958,0.8101579745265014,10,1.2803156042274868,2003-04-16,Shipped,2,4,2003,Classic Cars,1.2514548689705416,S12_3148,"Dragon Souveniers, Ltd.",+65 221 7555,"Bronz Sok., Bronz Apt. 3/6 Tesvikiye",Desconocido,Singapore,Desconocido,79903,Singapore,Japan,Natividad,Eric,Medium
10127,1.119867311590515,0.8101579745265014,3,2.070307082478538,2003-06-03,Shipped,2,6,2003,Classic Cars,1.2514548689705416,S12_3148,Muscle Machine Inc,2125557413,4092 Furth Circle,Suite 400,NYC,NY,10022,USA,Desconocido,Young,Jeff,Large
10142,-0.21487369935619993,0.8101579745265014,13,0.7774752764432733,2003-08-08,Shipped,3,8,2003,Classic Cars,1.2514548689705416,S12_3148,Mini Gifts Distributors Ltd.,4155551450,5677 Strong St.,Desconocido,San Rafael,CA,97562,USA,Desconocido,Nelson,Valarie,Medium
10153,0.7091777697607561,0.8101579745265014,12,0.9990291141710909,2003-09-28,Shipped,3,9,2003,Classic Cars,1.2514548689705416,S12_3148,Euro Shopping Channel,(91) 555 94 44,"C/ Moralzarzal, 86",Desconocido,Madrid,Desconocido,28034,Spain,EMEA,Freyre,Diego,Medium
10165,-0.11220131389876072,0.8101579745265014,4,0.720121069725597,2003-10-22,Shipped,4,10,2003,Classic Cars,1.2514548689705416,S12_3148,"Dragon Souveniers, Ltd.",+65 221 7555,"Bronz Sok., Bronz Apt. 3/6 Tesvikiye",Desconocido,Singapore,Desconocido,79903,Singapore,Japan,Natividad,Eric,Medium
10176,1.222539697047954,0.8101579745265014,3,2.619983239929478,2003-11-06,Shipped,4,11,2003,Classic Cars,1.2514548689705416,S12_3148,L'ordine Souveniers,0522-556555,Strada Provinciale 124,Desconocido,Reggio Emilia,Desconocido,42100,Italy,EMEA,Moroni,Maurizio,Large
10185,-0.21487369935619993,0.8101579745265014,14,0.2629979419372286,2003-11-14,Shipped,4,11,2003,Classic Cars,1.2514548689705416,S12_3148,Mini Creations Ltd.,5085559555,4575 Hillside Dr.,Desconocido,New Bedford,MA,50553,USA,Desconocido,Tam,Wing C,Medium
10196,-1.1389251684731565,0.8101579745265014,6,0.1375104998771275,2003-11-26,Shipped,4,11,2003,Classic Cars,1.2514548689705416,S12_3148,Super Scale Inc.,2035559545,567 North Pendale Street,Desconocido,New Haven,CT,97823,USA,Desconocido,Murphy,Leslie,Medium
10208,-0.9335803975582769,0.8101579745265014,14,-0.2234702088678331,2004-01-02,Shipped,1,1,2004,Classic Cars,1.2514548689705416,S12_3148,"Saveley & Henriot, Co.",78.32.5555,"2, rue du Commerce",Desconocido,Lyon,Desconocido,69004,France,EMEA,Saveley,Mary,Medium
10220,-0.5228908557285186,0.8101579745265014,3,0.6297509969935785,2004-02-12,Shipped,1,2,2004,Classic Cars,1.2514548689705416,S12_3148,"Clover Collections, Co.",+353 1862 1555,25 Maiden Lane,Floor No. 4,Dublin,Desconocido,2,Ireland,EMEA,Cassidy,Dean,Medium
10230,0.8118501552181958,0.8101579745265014,1,1.8801780501166734,2004-03-15,Shipped,1,3,2004,Classic Cars,1.2514548689705416,S12_3148,"Blauer See Auto, Co.",+49 69 66 90 2555,Lyonerstr. 34,Desconocido,Frankfurt,Desconocido,60528,Germany,EMEA,Keitel,Roland,Large
10247,-1.0362527830157167,0.8101579745265014,3,0.4492769333444603,2004-05-05,Shipped,2,5,2004,Classic Cars,1.2514548689705416,S12_3148,Suominen Souveniers,+358 9 8045 555,"Software Engineering Center, SEC Oy",Desconocido,Espoo,Desconocido,FIN-02271,Finland,EMEA,Suominen,Kalle,Medium
10272,-0.8309080121008378,0.8101579745265014,3,0.39593024457391923,2004-07-20,Shipped,3,7,2004,Classic Cars,1.2514548689705416,S12_3148,Diecast Classics Inc.,2155551555,7586 Pompton St.,Desconocido,Allentown,PA,70267,USA,Desconocido,Yu,Kyung,Medium
10282,-0.8309080121008378,0.8101579745265014,6,0.44035504718301877,2004-08-20,Shipped,3,8,2004,Classic Cars,1.2514548689705416,S12_3148,Mini Gifts Distributors Ltd.,4155551450,5677 Strong St.,Desconocido,San Rafael,CA,97562,USA,Desconocido,Nelson,Valarie,Medium
10293,-1.1389251684731565,0.8101579745265014,9,0.37379115152449993,2004-09-09,Shipped,3,9,2004,Classic Cars,1.2514548689705416,S12_3148,Amica Models & Co.,011-4988555,Via Monte Bianco 34,Desconocido,Torino,Desconocido,10100,Italy,EMEA,Accorti,Paolo,Medium
10306,-0.11220131389876072,0.8101579745265014,14,0.7758787855537638,2004-10-14,Shipped,4,10,2004,Classic Cars,1.2514548689705416,S12_3148,"AV Stores, Co.",(171) 555-1555,Fauntleroy Circus,Desconocido,Manchester,Desconocido,EC2 5NT,UK,EMEA,Ashworth,Victoria,Medium
10314,1.119867311590515,0.8101579745265014,6,1.541998923837867,2004-10-22,Shipped,4,10,2004,Classic Cars,1.2514548689705416,S12_3148,Heintze Collectables,86 21 3555,Smagsloget 45,Desconocido,Aaarhus,Desconocido,8200,Denmark,EMEA,Ibsen,Palle,Medium
10324,-0.8309080121008378,-1.454016951356141,1,-1.1332799574488917,2004-11-05,Shipped,4,11,2004,Classic Cars,1.2514548689705416,S12_3148,Vitachrome Inc.,2125551500,2678 Kingston Rd.,Suite 101,NYC,NY,10022,USA,Desconocido,Frick,Michael,Small
10336,-0.21487369935619993,0.8101579745265014,11,0.27446661118431576,2004-11-20,Shipped,4,11,2004,Classic Cars,1.2514548689705416,S12_3148,"La Corne D'abondance, Co.",(1) 42.34.2555,"265, boulevard Charonne",Desconocido,Paris,Desconocido,75012,France,EMEA,Bertrand,Marie,Medium
10348,1.222539697047954,0.8101579745265014,4,0.6774936769274751,2004-11-01,Shipped,4,11,2004,Classic Cars,1.2514548689705416,S12_3148,"Corrida Auto Replicas, Ltd",(91) 555 22 82,"C/ Araquil, 67",Desconocido,Madrid,Desconocido,28023,Spain,EMEA,Sommer,Mart¡n,Medium
10358,1.4278844679628335,-1.4039443287342561,5,-0.45735069393982103,2004-12-10,Shipped,4,12,2004,Classic Cars,1.2514548689705416,S12_3148,Euro Shopping Channel,(91) 555 94 44,"C/ Moralzarzal, 86",Desconocido,Madrid,Desconocido,28034,Spain,EMEA,Freyre,Diego,Small
10372,0.5038329988458771,0.8101579745265014,4,1.2533598873039353,2005-01-26,Shipped,1,1,2005,Classic Cars,1.2514548689705416,S12_3148,"Tokyo Collectables, Ltd",+81 3 3584 0555,2-2-8 Roppongi,Desconocido,Minato-ku,Tokyo,106-0032,Japan,Japan,Shimamura,Akiko,Medium
10382,0.19581584247355846,0.8101579745265014,11,0.28126527306753213,2005-02-17,Shipped,1,2,2005,Classic Cars,1.2514548689705416,S12_3148,Mini Gifts Distributors Ltd.,4155551450,5677 Strong St.,Desconocido,San Rafael,CA,97562,USA,Desconocido,Nelson,Valarie,Medium
10413,1.222539697047954,0.8101579745265014,3,2.542906397461128,2005-05-05,Shipped,2,5,2005,Classic Cars,1.2514548689705416,S12_3148,Gift Depot Inc.,2035552570,25593 South Bay Ln.,Desconocido,Bridgewater,CT,97562,USA,Desconocido,King,Julie,Large
10108,1.0171949261330746,0.8101579745265014,4,1.3990804077800627,2003-03-03,Shipped,1,3,2003,Classic Cars,0.4052794360206886,S12_3380,Cruz & Sons Co.,+63 2 555 3587,15 McCallum Street - NatWest Center #13-03,Desconocido,Makati City,Desconocido,1227 MM,Philippines,Japan,Cruz,Arnold,Medium
10122,0.19581584247355846,0.8012341407919079,8,0.07572521640489437,2003-05-08,Shipped,2,5,2003,Classic Cars,0.4052794360206886,S12_3380,Marseille Mini Autos,91.24.4555,"12, rue des Bouchers",Desconocido,Marseille,Desconocido,13008,France,EMEA,Lebihan,Laurence,Medium
10135,1.3252120825053932,0.8101579745265014,5,1.345500218641328,2003-07-02,Shipped,3,7,2003,Classic Cars,0.4052794360206886,S12_3380,Mini Gifts Distributors Ltd.,4155551450,5677 Strong St.,Desconocido,San Rafael,CA,97562,USA,Desconocido,Nelson,Valarie,Medium
10147,-0.4202184702710794,0.8101579745265014,5,-0.0320107674313777,2003-09-05,Shipped,3,9,2003,Classic Cars,0.4052794360206886,S12_3380,Collectables For Less Inc.,6175558555,7825 Douglas Av.,Desconocido,Brickhaven,MA,58339,USA,Desconocido,Nelson,Allen,Medium
10160,1.119867311590515,0.8101579745265014,6,0.9449982150193316,2003-10-11,Shipped,4,10,2003,Classic Cars,0.4052794360206886,S12_3380,"Men 'R' US Retailers, Ltd.",2155554369,6047 Douglas Av.,Desconocido,Los Angeles,CA,Desconocido,USA,Desconocido,Chandler,Michael,Medium
10170,1.222539697047954,0.8101579745265014,4,1.037610977334231,2003-11-04,Shipped,4,11,2003,Classic Cars,0.4052794360206886,S12_3380,Mini Auto Werke,7675-3555,Kirchgasse 6,Desconocido,Graz,Desconocido,8010,Austria,EMEA,Mendel,Roland,Medium
10181,-0.728235626643398,0.8101579745265014,12,-0.3763857988289935,2003-11-12,Shipped,4,11,2003,Classic Cars,0.4052794360206886,S12_3380,Herkku Gifts,+47 2267 3215,"Drammen 121, PR 744 Sentrum",Desconocido,Bergen,Desconocido,N 5804,Norway,EMEA,Oeztan,Veysel,Small
10191,0.5038329988458771,0.8101579745265014,1,1.1056573288187237,2003-11-20,Shipped,4,11,2003,Classic Cars,0.4052794360206886,S12_3380,"Toms Spezialitten, Ltd",0221-5554327,Mehrheimerstr. 369,Desconocido,Koln,Desconocido,50739,Germany,EMEA,Pfalzheim,Henriette,Medium
10203,-1.5496147103029148,0.8101579745265014,6,-0.7054366897837686,2003-12-02,Shipped,4,12,2003,Classic Cars,0.4052794360206886,S12_3380,Euro Shopping Channel,(91) 555 94 44,"C/ Moralzarzal, 86",Desconocido,Madrid,Desconocido,28034,Spain,EMEA,Freyre,Diego,Small
10212,0.4011606133884374,0.8101579745265014,16,0.7563624989656813,2004-01-16,Shipped,1,1,2004,Classic Cars,0.4052794360206886,S12_3380,Euro Shopping Channel,(91) 555 94 44,"C/ Moralzarzal, 86",Desconocido,Madrid,Desconocido,28034,Spain,EMEA,Freyre,Diego,Medium
10225,-1.0362527830157167,0.8012341407919079,7,-0.574730786006598,2004-02-22,Shipped,1,2,2004,Classic Cars,0.4052794360206886,S12_3380,"Vida Sport, Ltd",0897-034555,Grenzacherweg 237,Desconocido,Gensve,Desconocido,1203,Switzerland,EMEA,Holz,Michael,Small
10238,-0.6255632411859583,0.8101579745265014,1,-0.20988374558364195,2004-04-09,Shipped,2,4,2004,Classic Cars,0.4052794360206886,S12_3380,Danish Wholesale Imports,31 12 3555,Vinb'ltet 34,Desconocido,Kobenhavn,Desconocido,1734,Denmark,EMEA,Petersen,Jytte,Medium
10253,-1.3442699393880353,0.8101579745265014,11,-0.625047400231744,2004-06-01,Cancelled,2,6,2004,Classic Cars,0.4052794360206886,S12_3380,"UK Collectables, Ltd.",(171) 555-2282,Berkeley Gardens 12  Brewery,Desconocido,Liverpool,Desconocido,WX1 6LT,UK,EMEA,Devon,Elizabeth,Small
10266,-1.3442699393880353,0.8101579745265014,12,-0.5969730536373122,2004-07-06,Shipped,3,7,2004,Classic Cars,0.4052794360206886,S12_3380,L'ordine Souveniers,0522-556555,Strada Provinciale 124,Desconocido,Reggio Emilia,Desconocido,42100,Italy,EMEA,Moroni,Maurizio,Small
10276,1.222539697047954,0.8101579745265014,1,1.037610977334231,2004-08-02,Shipped,3,8,2004,Classic Cars,0.4052794360206886,S12_3380,Online Mini Collectables,6175557555,7635 Spinnaker Dr.,Desconocido,Brickhaven,MA,58339,USA,Desconocido,Barajas,Miguel,Medium
10287,1.0171949261330746,0.8101579745265014,10,0.6530467314017241,2004-08-30,Shipped,3,8,2004,Classic Cars,0.4052794360206886,S12_3380,"Vida Sport, Ltd",0897-034555,Grenzacherweg 237,Desconocido,Gensve,Desconocido,1203,Switzerland,EMEA,Holz,Michael,Medium
10300,-0.6255632411859583,0.8101579745265014,3,0.2338864192887282,2003-10-04,Shipped,4,10,2003,Classic Cars,0.4052794360206886,S12_3380,"Blauer See Auto, Co.",+49 69 66 90 2555,Lyonerstr. 34,Desconocido,Frankfurt,Desconocido,60528,Germany,EMEA,Keitel,Roland,Medium
10310,-1.1389251684731565,0.8101579745265014,8,-0.2462989425395916,2004-10-16,Shipped,4,10,2004,Classic Cars,0.4052794360206886,S12_3380,"Toms Spezialitten, Ltd",0221-5554327,Mehrheimerstr. 369,Desconocido,Koln,Desconocido,50739,Germany,EMEA,Pfalzheim,Henriette,Medium
10320,-0.009528928441320991,0.8101579745265014,1,0.7039823931146391,2004-11-03,Shipped,4,11,2004,Classic Cars,0.4052794360206886,S12_3380,"Volvo Model Replicas, Co",0921-12 3555,Berguvsvgen  8,Desconocido,Lule,Desconocido,S-958 22,Sweden,EMEA,Berglund,Christina,Medium
10329,1.119867311590515,-0.0014151267806773126,13,0.15915544098455595,2004-11-15,Shipped,4,11,2004,Classic Cars,0.4052794360206886,S12_3380,Land of Toys Inc.,2125557818,897 Long Airport Avenue,Desconocido,NYC,NY,10022,USA,Desconocido,Yu,Kwai,Medium
10341,0.9145225406756355,0.6083801784165309,1,0.36221387745499734,2004-11-24,Shipped,4,11,2004,Classic Cars,0.4052794360206886,S12_3380,Salzburg Collectables,6562-9555,Geislweg 14,Desconocido,Salzburg,Desconocido,5020,Austria,EMEA,Pipps,Georg,Medium
10363,-0.11220131389876072,0.6480416616813902,4,-0.14393889741289165,2005-01-06,Shipped,1,1,2005,Classic Cars,0.4052794360206886,S12_3380,Suominen Souveniers,+358 9 8045 555,"Software Engineering Center, SEC Oy",Desconocido,Espoo,Desconocido,FIN-02271,Finland,EMEA,Suominen,Kalle,Medium
10376,-0.009528928441320991,0.8101579745265014,1,0.23529828198013084,2005-02-08,Shipped,1,2,2005,Classic Cars,0.4052794360206886,S12_3380,Boards & Toys Co.,3105552373,4097 Douglas Av.,Desconocido,Glendale,CA,92561,USA,Desconocido,Young,Leslie,Medium
10389,-1.0362527830157167,-0.5591547351927583,6,-0.9472453268920951,2005-03-03,Shipped,1,3,2005,Classic Cars,0.4052794360206886,S12_3380,Scandinavian Gift Ideas,0695-34 6555,?kergatan 24,Desconocido,Boras,Desconocido,S-844 67,Sweden,EMEA,Larsson,Maria,Small
10419,-2.5763385648773105,0.8101579745265014,11,-1.336756522485633,2005-05-17,Shipped,2,5,2005,Classic Cars,0.4052794360206886,S12_3380,Salzburg Collectables,6562-9555,Geislweg 14,Desconocido,Salzburg,Desconocido,5020,Austria,EMEA,Pipps,Georg,Small
10105,-0.6255632411859583,0.8101579745265014,14,0.549627789256472,2003-02-11,Shipped,1,2,2003,Classic Cars,1.798980149114564,S12_3891,Danish Wholesale Imports,31 12 3555,Vinb'ltet 34,Desconocido,Kobenhavn,Desconocido,1734,Denmark,EMEA,Petersen,Jytte,Medium
10117,0.4011606133884374,0.8101579745265014,8,1.294705743197553,2003-04-16,Shipped,2,4,2003,Classic Cars,1.798980149114564,S12_3891,"Dragon Souveniers, Ltd.",+65 221 7555,"Bronz Sok., Bronz Apt. 3/6 Tesvikiye",Desconocido,Singapore,Desconocido,79903,Singapore,Japan,Natividad,Eric,Medium
10127,0.7091777697607561,0.8101579745265014,1,2.489695464718607,2003-06-03,Shipped,2,6,2003,Classic Cars,1.798980149114564,S12_3891,Muscle Machine Inc,2125557413,4092 Furth Circle,Suite 400,NYC,NY,10022,USA,Desconocido,Young,Jeff,Large
10142,1.119867311590515,0.8101579745265014,11,3.2131013263466555,2003-08-08,Shipped,3,8,2003,Classic Cars,1.798980149114564,S12_3891,Mini Gifts Distributors Ltd.,4155551450,5677 Strong St.,Desconocido,San Rafael,CA,97562,USA,Desconocido,Nelson,Valarie,Large
10153,1.4278844679628335,0.8101579745265014,10,1.8913534863432384,2003-09-28,Shipped,3,9,2003,Classic Cars,1.798980149114564,S12_3891,Euro Shopping Channel,(91) 555 94 44,"C/ Moralzarzal, 86",Desconocido,Madrid,Desconocido,28034,Spain,EMEA,Freyre,Diego,Large
10165,-0.8309080121008378,0.8101579745265014,2,1.0888398720676684,2003-10-22,Shipped,4,10,2003,Classic Cars,1.798980149114564,S12_3891,"Dragon Souveniers, Ltd.",+65 221 7555,"Bronz Sok., Bronz Apt. 3/6 Tesvikiye",Desconocido,Singapore,Desconocido,79903,Singapore,Japan,Natividad,Eric,Medium
10176,1.5305568534202727,0.8101579745265014,1,2.345109864636722,2003-11-06,Shipped,4,11,2003,Classic Cars,1.798980149114564,S12_3891,L'ordine Souveniers,0522-556555,Strada Provinciale 124,Desconocido,Reggio Emilia,Desconocido,42100,Italy,EMEA,Moroni,Maurizio,Large
10185,0.8118501552181958,0.8101579745265014,12,2.352549294972191,2003-11-14,Shipped,4,11,2003,Classic Cars,1.798980149114564,S12_3891,Mini Creations Ltd.,5085559555,4575 Hillside Dr.,Desconocido,New Bedford,MA,50553,USA,Desconocido,Tam,Wing C,Large
10196,0.29848822793099766,0.8101579745265014,4,1.997389804708706,2003-11-26,Shipped,4,11,2003,Classic Cars,1.798980149114564,S12_3891,Super Scale Inc.,2035559545,567 North Pendale Street,Desconocido,New Haven,CT,97823,USA,Desconocido,Murphy,Leslie,Large
10208,-1.5496147103029148,0.8101579745265014,12,-0.23865316304153364,2004-01-02,Shipped,1,1,2004,Classic Cars,1.798980149114564,S12_3891,"Saveley & Henriot, Co.",78.32.5555,"2, rue du Commerce",Desconocido,Lyon,Desconocido,69004,France,EMEA,Saveley,Mary,Medium
10220,-0.8309080121008378,0.8101579745265014,1,0.8098286530408796,2004-02-12,Shipped,1,2,2004,Classic Cars,1.798980149114564,S12_3891,"Clover Collections, Co.",+353 1862 1555,25 Maiden Lane,Floor No. 4,Dublin,Desconocido,2,Ireland,EMEA,Cassidy,Dean,Medium
10231,1.4278844679628335,0.8101579745265014,1,1.845321332362387,2004-03-19,Shipped,1,3,2004,Classic Cars,1.798980149114564,S12_3891,CAF Imports,+34 913 728 555,"Merchants House, 27-30 Merchant's Quay",Desconocido,Madrid,Desconocido,28023,Spain,EMEA,Fernandez,Jesus,Medium
10247,-0.8309080121008378,0.8101579745265014,1,0.32790018381278935,2004-05-05,Shipped,2,5,2004,Classic Cars,1.798980149114564,S12_3891,Suominen Souveniers,+358 9 8045 555,"Software Engineering Center, SEC Oy",Desconocido,Espoo,Desconocido,FIN-02271,Finland,EMEA,Suominen,Kalle,Medium
10272,0.4011606133884374,0.8101579745265014,1,2.3938408484546008,2004-07-20,Shipped,3,7,2004,Classic Cars,1.798980149114564,S12_3891,Diecast Classics Inc.,2155551555,7586 Pompton St.,Desconocido,Allentown,PA,70267,USA,Desconocido,Yu,Kyung,Large
10282,-1.1389251684731565,0.8101579745265014,4,0.12213205702307899,2004-08-20,Shipped,3,8,2004,Classic Cars,1.798980149114564,S12_3891,Mini Gifts Distributors Ltd.,4155551450,5677 Strong St.,Desconocido,San Rafael,CA,97562,USA,Desconocido,Nelson,Valarie,Medium
10293,1.0171949261330746,0.8101579745265014,7,2.5517305392823952,2004-09-09,Shipped,3,9,2004,Classic Cars,1.798980149114564,S12_3891,Amica Models & Co.,011-4988555,Via Monte Bianco 34,Desconocido,Torino,Desconocido,10100,Italy,EMEA,Accorti,Paolo,Large
10306,-1.5496147103029148,0.8101579745265014,12,0.0431763511269402,2004-10-14,Shipped,4,10,2004,Classic Cars,1.798980149114564,S12_3891,"AV Stores, Co.",(171) 555-1555,Fauntleroy Circus,Desconocido,Manchester,Desconocido,EC2 5NT,UK,EMEA,Ashworth,Victoria,Medium
10314,0.09314345701611873,0.8101579745265014,4,1.8245126483875589,2004-10-22,Shipped,4,10,2004,Classic Cars,1.798980149114564,S12_3891,Heintze Collectables,86 21 3555,Smagsloget 45,Desconocido,Aaarhus,Desconocido,8200,Denmark,EMEA,Ibsen,Palle,Medium
10325,-1.1389251684731565,0.8101579745265014,1,-0.5268903617325277,2004-11-05,Shipped,4,11,2004,Classic Cars,1.798980149114564,S12_3891,Baane Mini Imports,07-98 9555,Erling Skakkes gate 78,Desconocido,Stavern,Desconocido,4110,Norway,EMEA,Bergulfsen,Jonas,Small
10336,1.4278844679628335,-1.0053464219224224,1,-0.2434209147455784,2004-11-20,Shipped,4,11,2004,Classic Cars,1.798980149114564,S12_3891,"La Corne D'abondance, Co.",(1) 42.34.2555,"265, boulevard Charonne",Desconocido,Paris,Desconocido,75012,France,EMEA,Bertrand,Marie,Medium
10349,-0.9335803975582769,0.8101579745265014,10,0.46410692184531044,2004-12-01,Shipped,4,12,2004,Classic Cars,1.798980149114564,S12_3891,Muscle Machine Inc,2125557413,4092 Furth Circle,Suite 400,NYC,NY,10022,USA,Desconocido,Young,Jeff,Medium
10359,1.4278844679628335,-1.0693005636870079,5,-0.2777454688700278,2004-12-15,Shipped,4,12,2004,Classic Cars,1.798980149114564,S12_3891,Reims Collectables,26.47.1555,59 rue de l'Abbaye,Desconocido,Reims,Desconocido,51100,France,EMEA,Henriot,Paul,Medium
10372,-0.11220131389876072,0.8101579745265014,1,1.296530304214135,2005-01-26,Shipped,1,1,2005,Classic Cars,1.798980149114564,S12_3891,"Tokyo Collectables, Ltd",+81 3 3584 0555,2-2-8 Roppongi,Desconocido,Minato-ku,Tokyo,106-0032,Japan,Japan,Shimamura,Akiko,Medium
10382,-0.11220131389876072,0.5796256030495082,12,-0.16941758875159071,2005-02-17,Shipped,1,2,2005,Classic Cars,1.798980149114564,S12_3891,Mini Gifts Distributors Ltd.,4155551450,5677 Strong St.,Desconocido,San Rafael,CA,97562,USA,Desconocido,Nelson,Valarie,Medium
10396,-0.21487369935619993,0.8101579745265014,3,1.3876443199797002,2005-03-23,Shipped,1,3,2005,Classic Cars,1.798980149114564,S12_3891,Mini Gifts Distributors Ltd.,4155551450,5677 Strong St.,Desconocido,San Rafael,CA,97562,USA,Desconocido,Nelson,Valarie,Medium
10413,-1.3442699393880353,0.8101579745265014,1,-0.09020123128165425,2005-05-05,Shipped,2,5,2005,Classic Cars,1.798980149114564,S12_3891,Gift Depot Inc.,2035552570,25593 South Bay Ln.,Desconocido,Bridgewater,CT,97562,USA,Desconocido,King,Julie,Medium
10108,0.4011606133884374,0.2836517841854968,7,-0.036963147333528595,2003-03-03,Shipped,1,3,2003,Classic Cars,-0.5404460478644413,S12_3990,Cruz & Sons Co.,+63 2 555 3587,15 McCallum Street - NatWest Center #13-03,Desconocido,Makati City,Desconocido,1227 MM,Philippines,Japan,Cruz,Arnold,Medium
10122,-0.31754608481363966,-0.9825410690451285,11,-0.8205143596153351,2003-05-08,Shipped,2,5,2003,Classic Cars,-0.5404460478644413,S12_3990,Marseille Mini Autos,91.24.4555,"12, rue des Bouchers",Desconocido,Marseille,Desconocido,13008,France,EMEA,Lebihan,Laurence,Small
10135,-1.1389251684731565,-0.42876760895953336,8,-0.9522737301699371,2003-07-02,Shipped,3,7,2003,Classic Cars,-0.5404460478644413,S12_3990,Mini Gifts Distributors Ltd.,4155551450,5677 Strong St.,Desconocido,San Rafael,CA,97562,USA,Desconocido,Nelson,Valarie,Small
10147,-1.4469423248454751,-0.9825410690451285,8,-1.2018476120809785,2003-09-05,Shipped,3,9,2003,Classic Cars,-0.5404460478644413,S12_3990,Collectables For Less Inc.,6175558555,7825 Douglas Av.,Desconocido,Brickhaven,MA,58339,USA,Desconocido,Nelson,Allen,Small
10159,-1.1389251684731565,-0.5075948069484411,3,-0.972995530286833,2003-10-10,Shipped,4,10,2003,Classic Cars,-0.5404460478644413,S12_3990,Corporate Gift Ideas Co.,6505551386,7734 Strong St.,Desconocido,San Francisco,CA,Desconocido,USA,Desconocido,Brown,Julie,Small
10169,0.09314345701611873,-0.9825410690451285,3,-0.6818477223551013,2003-11-04,Shipped,4,11,2003,Classic Cars,-0.5404460478644413,S12_3990,"Anna's Decorations, Ltd",02 9936 8555,201 Miller Street,Level 15,North Sydney,NSW,2060,Australia,APAC,O'Hara,Anna,Small
10181,-1.5496147103029148,-0.11197151138147171,15,-1.0458042032342492,2003-11-12,Shipped,4,11,2003,Classic Cars,-0.5404460478644413,S12_3990,Herkku Gifts,+47 2267 3215,"Drammen 121, PR 744 Sentrum",Desconocido,Bergen,Desconocido,N 5804,Norway,EMEA,Oeztan,Veysel,Small
10191,-0.5228908557285186,-0.9428795857802695,4,-0.8768150995555805,2003-11-20,Shipped,4,11,2003,Classic Cars,-0.5404460478644413,S12_3990,"Toms Spezialitten, Ltd",0221-5554327,Mehrheimerstr. 369,Desconocido,Koln,Desconocido,50739,Germany,EMEA,Pfalzheim,Henriette,Small
10203,0.9145225406756355,-0.03314431339256489,9,0.053037669002276334,2003-12-02,Shipped,4,12,2003,Classic Cars,-0.5404460478644413,S12_3990,Euro Shopping Channel,(91) 555 94 44,"C/ Moralzarzal, 86",Desconocido,Madrid,Desconocido,28034,Spain,EMEA,Freyre,Diego,Medium
10211,-0.728235626643398,0.44180194870412215,3,-0.5223506801555555,2004-01-15,Shipped,1,1,2004,Classic Cars,-0.5404460478644413,S12_3990,Auto Canal Petit,(1) 47.55.6555,"25, rue Lauriston",Desconocido,Paris,Desconocido,75016,France,EMEA,Perrier,Dominique,Small
10225,0.19581584247355846,-0.30978315916495636,10,-0.3745340866068077,2004-02-22,Shipped,1,2,2004,Classic Cars,-0.5404460478644413,S12_3990,"Vida Sport, Ltd",0897-034555,Grenzacherweg 237,Desconocido,Gensve,Desconocido,1203,Switzerland,EMEA,Holz,Michael,Small
10238,-1.5496147103029148,-0.4684290922243935,4,-1.1238910705510632,2004-04-09,Shipped,2,4,2004,Classic Cars,-0.5404460478644413,S12_3990,Danish Wholesale Imports,31 12 3555,Vinb'ltet 34,Desconocido,Kobenhavn,Desconocido,1734,Denmark,EMEA,Petersen,Jytte,Small
10253,-1.0362527830157167,0.3228174989095459,14,-0.7057353530454117,2004-06-01,Cancelled,2,6,2004,Classic Cars,-0.5404460478644413,S12_3990,"UK Collectables, Ltd.",(171) 555-2282,Berkeley Gardens 12  Brewery,Desconocido,Liverpool,Desconocido,WX1 6LT,UK,EMEA,Devon,Elizabeth,Small
10266,-0.009528928441320991,-0.34944464242981566,15,-0.4738097547769046,2004-07-06,Shipped,3,7,2004,Classic Cars,-0.5404460478644413,S12_3990,L'ordine Souveniers,0522-556555,Strada Provinciale 124,Desconocido,Reggio Emilia,Desconocido,42100,Italy,EMEA,Moroni,Maurizio,Small
10276,0.29848822793099766,0.006517169872295187,4,-0.20084782435866438,2004-08-02,Shipped,3,8,2004,Classic Cars,-0.5404460478644413,S12_3990,Online Mini Collectables,6175557555,7635 Spinnaker Dr.,Desconocido,Brickhaven,MA,58339,USA,Desconocido,Barajas,Miguel,Medium
10287,0.6065053843033164,-0.7054064547319256,13,-0.3840587295326554,2004-08-30,Shipped,3,8,2004,Classic Cars,-0.5404460478644413,S12_3990,"Vida Sport, Ltd",0897-034555,Grenzacherweg 237,Desconocido,Gensve,Desconocido,1203,Switzerland,EMEA,Holz,Michael,Small
10300,-1.3442699393880353,-0.34944464242981566,6,-1.0146237587187312,2003-10-04,Shipped,4,10,2003,Classic Cars,-0.5404460478644413,S12_3990,"Blauer See Auto, Co.",+49 69 66 90 2555,Lyonerstr. 34,Desconocido,Frankfurt,Desconocido,60528,Germany,EMEA,Keitel,Roland,Small
10310,1.4278844679628335,-0.11197151138147171,11,0.23605851573703987,2004-10-16,Shipped,4,10,2004,Classic Cars,-0.5404460478644413,S12_3990,"Toms Spezialitten, Ltd",0221-5554327,Mehrheimerstr. 369,Desconocido,Koln,Desconocido,50739,Germany,EMEA,Pfalzheim,Henriette,Medium
10320,0.29848822793099766,-0.5075948069484411,4,-0.41483190596411473,2004-11-03,Shipped,4,11,2004,Classic Cars,-0.5404460478644413,S12_3990,"Volvo Model Replicas, Co",0921-12 3555,Berguvsvgen  8,Desconocido,Lule,Desconocido,S-958 22,Sweden,EMEA,Berglund,Christina,Small
10329,-0.21487369935619993,0.8101579745265014,14,0.029144608070845034,2004-11-15,Shipped,4,11,2004,Classic Cars,-0.5404460478644413,S12_3990,Land of Toys Inc.,2125557818,897 Long Airport Avenue,Desconocido,NYC,NY,10022,USA,Desconocido,Yu,Kwai,Medium
10341,0.09314345701611873,0.4908830342443859,10,-0.10085536436062448,2004-11-24,Shipped,4,11,2004,Classic Cars,-0.5404460478644413,S12_3990,Salzburg Collectables,6562-9555,Geislweg 14,Desconocido,Salzburg,Desconocido,5020,Austria,EMEA,Pipps,Georg,Medium
10363,-0.11220131389876072,-0.10106460348363523,5,-0.4229121047518353,2005-01-06,Shipped,1,1,2005,Classic Cars,-0.5404460478644413,S12_3990,Suominen Souveniers,+358 9 8045 555,"Software Engineering Center, SEC Oy",Desconocido,Espoo,Desconocido,FIN-02271,Finland,EMEA,Suominen,Kalle,Small
10377,-1.1389251684731565,-0.7847294212616442,5,-1.0458476451632153,2005-02-09,Shipped,1,2,2005,Classic Cars,-0.5404460478644413,S12_3990,"Toys of Finland, Co.",90-224 8555,Keskuskatu 45,Desconocido,Helsinki,Desconocido,21240,Finland,EMEA,Karttunen,Matti,Small
10389,0.09314345701611873,-0.6642576658446344,7,-0.5563439895716374,2005-03-03,Shipped,1,3,2005,Classic Cars,-0.5404460478644413,S12_3990,Scandinavian Gift Ideas,0695-34 6555,?kergatan 24,Desconocido,Boras,Desconocido,S-844 67,Sweden,EMEA,Larsson,Maria,Small
10419,-0.11220131389876072,0.3228174989095459,14,-0.26505499537076527,2005-05-17,Shipped,2,5,2005,Classic Cars,-0.5404460478644413,S12_3990,Salzburg Collectables,6562-9555,Geislweg 14,Desconocido,Salzburg,Desconocido,5020,Austria,EMEA,Pipps,Georg,Medium
10104,0.6065053843033164,0.8101579745265014,9,0.5766323783501097,2003-01-31,Shipped,1,1,2003,Trucks and Buses,0.4301669487545078,S12_4473,Euro Shopping Channel,(91) 555 94 44,"C/ Moralzarzal, 86",Desconocido,Madrid,Desconocido,28034,Spain,EMEA,Freyre,Diego,Medium
10115,1.119867311590515,0.8101579745265014,5,1.1783030945325164,2003-04-04,Shipped,2,4,2003,Trucks and Buses,0.4301669487545078,S12_4473,Classic Legends Inc.,2125558493,5905 Pompton St.,Suite 750,NYC,NY,10022,USA,Desconocido,Hernandez,Maria,Medium
10127,-1.1389251684731565,0.8101579745265014,11,-0.5399229404223992,2003-06-03,Shipped,2,6,2003,Trucks and Buses,0.4301669487545078,S12_4473,Muscle Machine Inc,2125557413,4092 Furth Circle,Suite 400,NYC,NY,10022,USA,Desconocido,Young,Jeff,Small
10141,-1.4469423248454751,0.8101579745265014,5,-0.7677161251979928,2003-08-01,Shipped,3,8,2003,Trucks and Buses,0.4301669487545078,S12_4473,Suominen Souveniers,+358 9 8045 555,"Software Engineering Center, SEC Oy",Desconocido,Espoo,Desconocido,FIN-02271,Finland,EMEA,Suominen,Kalle,Small
10151,-1.1389251684731565,0.8101579745265014,3,-0.12288042234650746,2003-09-21,Shipped,3,9,2003,Trucks and Buses,0.4301669487545078,S12_4473,"Oulu Toy Supplies, Inc.",981-443655,Torikatu 38,Desconocido,Oulu,Desconocido,90110,Finland,EMEA,Koskitalo,Pirkko,Medium
10165,1.3252120825053932,0.8101579745265014,12,1.7766179217022806,2003-10-22,Shipped,4,10,2003,Trucks and Buses,0.4301669487545078,S12_4473,"Dragon Souveniers, Ltd.",+65 221 7555,"Bronz Sok., Bronz Apt. 3/6 Tesvikiye",Desconocido,Singapore,Desconocido,79903,Singapore,Japan,Natividad,Eric,Medium
10175,-0.9335803975582769,0.8101579745265014,1,-0.005760981853527763,2003-11-06,Shipped,4,11,2003,Trucks and Buses,0.4301669487545078,S12_4473,"Stylish Desk Decors, Co.",(171) 555-0297,35 King George,Desconocido,London,Desconocido,WX3 6FW,UK,EMEA,Brown,Ann,Medium
10184,0.19581584247355846,0.8101579745265014,6,0.5225688977516261,2003-11-14,Shipped,4,11,2003,Trucks and Buses,0.4301669487545078,S12_4473,"Iberia Gift Imports, Corp.",(95) 555 82 82,"C/ Romero, 33",Desconocido,Sevilla,Desconocido,41101,Spain,EMEA,Roel,Jose Pedro,Medium
10195,1.4278844679628335,0.8101579745265014,6,1.570192735736956,2003-11-25,Shipped,4,11,2003,Trucks and Buses,0.4301669487545078,S12_4473,Mini Classics,9145554562,3758 North Pendale Street,Desconocido,White Plains,NY,24067,USA,Desconocido,Frick,Steve,Medium
10207,-0.11220131389876072,0.7873526216492074,7,-0.09205837374496094,2003-12-09,Shipped,4,12,2003,Trucks and Buses,0.4301669487545078,S12_4473,Diecast Collectables,6175552555,6251 Ingle Ln.,Desconocido,Boston,MA,51003,USA,Desconocido,Franco,Valarie,Medium
10219,1.3252120825053932,0.8101579745265014,2,0.7264527308724259,2004-02-10,Shipped,1,2,2004,Trucks and Buses,0.4301669487545078,S12_4473,Signal Collectibles Ltd.,4155554312,2793 Furth Circle,Desconocido,Brisbane,CA,94217,USA,Desconocido,Taylor,Sue,Medium
10229,0.09314345701611873,0.8101579745265014,1,0.5256858561549538,2004-03-11,Shipped,1,3,2004,Trucks and Buses,0.4301669487545078,S12_4473,Mini Gifts Distributors Ltd.,4155551450,5677 Strong St.,Desconocido,San Rafael,CA,97562,USA,Desconocido,Nelson,Valarie,Medium
10246,1.119867311590515,0.8101579745265014,5,0.8231001623400652,2004-05-05,Shipped,2,5,2004,Trucks and Buses,0.4301669487545078,S12_4473,Euro Shopping Channel,(91) 555 94 44,"C/ Moralzarzal, 86",Desconocido,Madrid,Desconocido,28034,Spain,EMEA,Freyre,Diego,Medium
10259,1.119867311590515,0.8101579745265014,4,1.622181864227302,2004-06-15,Shipped,2,6,2004,Trucks and Buses,0.4301669487545078,S12_4473,Handji Gifts& Co,+65 224 1555,Village Close - 106 Linden Road Sandown,2nd Floor,Singapore,Desconocido,69045,Singapore,APAC,Victorino,Wendy,Medium
10271,-0.4202184702710794,0.6698554774770624,5,-0.29411221560805817,2004-07-20,Shipped,3,7,2004,Trucks and Buses,0.4301669487545078,S12_4473,Mini Gifts Distributors Ltd.,4155551450,5677 Strong St.,Desconocido,San Rafael,CA,97562,USA,Desconocido,Nelson,Valarie,Medium
10281,0.6065053843033164,0.8101579745265014,1,0.9194978027161492,2004-08-19,Shipped,3,8,2004,Trucks and Buses,0.4301669487545078,S12_4473,Diecast Classics Inc.,2155551555,7586 Pompton St.,Desconocido,Allentown,PA,70267,USA,Desconocido,Yu,Kyung,Medium
10292,-1.4469423248454751,0.8101579745265014,8,-0.7271196425790427,2004-09-08,Shipped,3,9,2004,Trucks and Buses,0.4301669487545078,S12_4473,Land of Toys Inc.,2125557818,897 Long Airport Avenue,Desconocido,NYC,NY,10022,USA,Desconocido,Yu,Kwai,Small
10305,0.29848822793099766,0.8101579745265014,5,0.6621043735911847,2004-10-13,Shipped,4,10,2004,Trucks and Buses,0.4301669487545078,S12_4473,Marta's Replicas Co.,6175558555,39323 Spinnaker Dr.,Desconocido,Cambridge,MA,51247,USA,Desconocido,Hernandez,Marta,Medium
10314,1.0171949261330746,0.8101579745265014,14,1.4291367923835785,2004-10-22,Shipped,4,10,2004,Trucks and Buses,0.4301669487545078,S12_4473,Heintze Collectables,86 21 3555,Smagsloget 45,Desconocido,Aaarhus,Desconocido,8200,Denmark,EMEA,Ibsen,Palle,Medium
10324,-0.9335803975582769,-1.2532306923277916,7,-1.1056020184562767,2004-11-05,Shipped,4,11,2004,Trucks and Buses,0.4301669487545078,S12_4473,Vitachrome Inc.,2125551500,2678 Kingston Rd.,Suite 101,NYC,NY,10022,USA,Desconocido,Frick,Michael,Small
10336,0.29848822793099766,0.8101579745265014,3,1.5306279989309544,2004-11-20,Shipped,4,11,2004,Trucks and Buses,0.4301669487545078,S12_4473,"La Corne D'abondance, Co.",(1) 42.34.2555,"265, boulevard Charonne",Desconocido,Paris,Desconocido,75012,France,EMEA,Bertrand,Marie,Medium
10349,1.3252120825053932,0.8101579745265014,9,0.9117759998424001,2004-12-01,Shipped,4,12,2004,Trucks and Buses,0.4301669487545078,S12_4473,Muscle Machine Inc,2125557413,4092 Furth Circle,Suite 400,NYC,NY,10022,USA,Desconocido,Young,Jeff,Medium
10358,0.7091777697607561,-0.966676475739185,9,-0.4665495223984221,2004-12-10,Shipped,4,12,2004,Trucks and Buses,0.4301669487545078,S12_4473,Euro Shopping Channel,(91) 555 94 44,"C/ Moralzarzal, 86",Desconocido,Madrid,Desconocido,28034,Spain,EMEA,Freyre,Diego,Small
10371,1.4278844679628335,-2.3771379743457355,4,-0.9796692966242715,2005-01-23,Shipped,1,1,2005,Trucks and Buses,0.4301669487545078,S12_4473,Mini Gifts Distributors Ltd.,4155551450,5677 Strong St.,Desconocido,San Rafael,CA,97562,USA,Desconocido,Nelson,Valarie,Small
10382,-0.31754608481363966,-0.8467004888629862,13,-0.7729020054683376,2005-02-17,Shipped,1,2,2005,Trucks and Buses,0.4301669487545078,S12_4473,Mini Gifts Distributors Ltd.,4155551450,5677 Strong St.,Desconocido,San Rafael,CA,97562,USA,Desconocido,Nelson,Valarie,Small
10412,1.9412463952500307,0.8101579745265014,5,1.3018736614769826,2005-05-03,Shipped,2,5,2005,Trucks and Buses,0.4301669487545078,S12_4473,Euro Shopping Channel,(91) 555 94 44,"C/ Moralzarzal, 86",Desconocido,Madrid,Desconocido,28034,Spain,EMEA,Freyre,Diego,Medium
10425,-0.21487369935619993,0.8101579745265014,4,0.6183474906399411,2005-05-31,In Process,2,5,2005,Trucks and Buses,0.4301669487545078,S12_4473,La Rochelle Gifts,40.67.8555,"67, rue des Cinquante Otages",Desconocido,Nantes,Desconocido,44000,France,EMEA,Labrune,Janine,Medium
10108,0.09314345701611873,0.8101579745265014,3,0.09619722543023423,2003-03-03,Shipped,1,3,2003,Classic Cars,0.3555044105530498,S12_4675,Cruz & Sons Co.,+63 2 555 3587,15 McCallum Street - NatWest Center #13-03,Desconocido,Makati City,Desconocido,1227 MM,Philippines,Japan,Cruz,Arnold,Medium
10122,-1.5496147103029148,0.8101579745265014,7,-0.7666898096261654,2003-05-08,Shipped,2,5,2003,Classic Cars,0.3555044105530498,S12_4675,Marseille Mini Autos,91.24.4555,"12, rue des Bouchers",Desconocido,Marseille,Desconocido,13008,France,EMEA,Lebihan,Laurence,Small
10135,-0.6255632411859583,0.7055508124154358,4,-0.38830517808910536,2003-07-02,Shipped,3,7,2003,Classic Cars,0.3555044105530498,S12_4675,Mini Gifts Distributors Ltd.,4155551450,5677 Strong St.,Desconocido,San Rafael,CA,97562,USA,Desconocido,Nelson,Valarie,Small
10147,-0.21487369935619993,0.7055508124154358,4,-0.17567865676385,2003-09-05,Shipped,3,9,2003,Classic Cars,0.3555044105530498,S12_4675,Collectables For Less Inc.,6175558555,7825 Douglas Av.,Desconocido,Brickhaven,MA,58339,USA,Desconocido,Nelson,Allen,Medium
10160,1.5305568534202727,0.8101579745265014,5,0.8841034910909061,2003-10-11,Shipped,4,10,2003,Classic Cars,0.3555044105530498,S12_4675,"Men 'R' US Retailers, Ltd.",2155554369,6047 Douglas Av.,Desconocido,Los Angeles,CA,Desconocido,USA,Desconocido,Chandler,Michael,Medium
10170,0.6065053843033164,0.8101579745265014,3,0.45462572084842884,2003-11-04,Shipped,4,11,2003,Classic Cars,0.3555044105530498,S12_4675,Mini Auto Werke,7675-3555,Kirchgasse 6,Desconocido,Graz,Desconocido,8010,Austria,EMEA,Mendel,Roland,Medium
10181,0.09314345701611873,0.8101579745265014,11,0.5014452597917922,2003-11-12,Shipped,4,11,2003,Classic Cars,0.3555044105530498,S12_4675,Herkku Gifts,+47 2267 3215,"Drammen 121, PR 744 Sentrum",Desconocido,Bergen,Desconocido,N 5804,Norway,EMEA,Oeztan,Veysel,Medium
10192,-0.8309080121008378,0.8101579745265014,16,-0.00506591099006806,2003-11-20,Shipped,4,11,2003,Classic Cars,0.3555044105530498,S12_4675,Online Diecast Creations Co.,6035558647,2304 Long Airport Avenue,Desconocido,Nashua,NH,62005,USA,Desconocido,Young,Valarie,Medium
10203,1.222539697047954,0.8101579745265014,5,0.8916243750431864,2003-12-02,Shipped,4,12,2003,Classic Cars,0.3555044105530498,S12_4675,Euro Shopping Channel,(91) 555 94 44,"C/ Moralzarzal, 86",Desconocido,Madrid,Desconocido,28034,Spain,EMEA,Freyre,Diego,Medium
10212,-0.21487369935619993,0.8101579745265014,15,0.34023226139808005,2004-01-16,Shipped,1,1,2004,Classic Cars,0.3555044105530498,S12_4675,Euro Shopping Channel,(91) 555 94 44,"C/ Moralzarzal, 86",Desconocido,Madrid,Desconocido,28034,Spain,EMEA,Freyre,Diego,Medium
10225,-1.4469423248454751,0.8101579745265014,6,-0.4721372405117045,2004-02-22,Shipped,1,2,2004,Classic Cars,0.3555044105530498,S12_4675,"Vida Sport, Ltd",0897-034555,Grenzacherweg 237,Desconocido,Gensve,Desconocido,1203,Switzerland,EMEA,Holz,Michael,Small
10239,-1.4469423248454751,0.4770015151016855,5,-0.8661283850298859,2004-04-12,Shipped,2,4,2004,Classic Cars,0.3555044105530498,S12_4675,"Oulu Toy Supplies, Inc.",981-443655,Torikatu 38,Desconocido,Oulu,Desconocido,90110,Finland,EMEA,Koskitalo,Pirkko,Small
10253,0.6065053843033164,0.8101579745265014,10,0.7367104563495789,2004-06-01,Cancelled,2,6,2004,Classic Cars,0.3555044105530498,S12_4675,"UK Collectables, Ltd.",(171) 555-2282,Berkeley Gardens 12  Brewery,Desconocido,Liverpool,Desconocido,WX1 6LT,UK,EMEA,Devon,Elizabeth,Medium
10266,0.5038329988458771,0.8101579745265014,11,0.49660148471205673,2004-07-06,Shipped,3,7,2004,Classic Cars,0.3555044105530498,S12_4675,L'ordine Souveniers,0522-556555,Strada Provinciale 124,Desconocido,Reggio Emilia,Desconocido,42100,Italy,EMEA,Moroni,Maurizio,Medium
10277,-0.728235626643398,0.8101579745265014,1,-0.23133319801072247,2004-08-04,Shipped,3,8,2004,Classic Cars,0.3555044105530498,S12_4675,"Dragon Souveniers, Ltd.",+65 221 7555,"Bronz Sok., Bronz Apt. 3/6 Tesvikiye",Desconocido,Singapore,Desconocido,79903,Singapore,Japan,Natividad,Eric,Medium
10287,-1.2415975539305957,0.8101579745265014,9,-0.4771873647540296,2004-08-30,Shipped,3,8,2004,Classic Cars,0.3555044105530498,S12_4675,"Vida Sport, Ltd",0897-034555,Grenzacherweg 237,Desconocido,Gensve,Desconocido,1203,Switzerland,EMEA,Holz,Michael,Small
10300,-1.2415975539305957,0.8101579745265014,2,-0.4052475303859384,2003-10-04,Shipped,4,10,2003,Classic Cars,0.3555044105530498,S12_4675,"Blauer See Auto, Co.",+49 69 66 90 2555,Lyonerstr. 34,Desconocido,Frankfurt,Desconocido,60528,Germany,EMEA,Keitel,Roland,Small
10310,-1.0362527830157167,0.8101579745265014,7,-0.5697078129698767,2004-10-16,Shipped,4,10,2004,Classic Cars,0.3555044105530498,S12_4675,"Toms Spezialitten, Ltd",0221-5554327,Mehrheimerstr. 369,Desconocido,Koln,Desconocido,50739,Germany,EMEA,Pfalzheim,Henriette,Small
10321,-1.1389251684731565,0.8101579745265014,15,-0.3089856460378742,2004-11-04,Shipped,4,11,2004,Classic Cars,0.3555044105530498,S12_4675,FunGiftIdeas.com,5085552555,1785 First Street,Desconocido,New Bedford,MA,50553,USA,Desconocido,Benitez,Violeta,Small
10329,0.4011606133884374,-0.9379219003721623,15,-0.5587875980759882,2004-11-15,Shipped,4,11,2004,Classic Cars,0.3555044105530498,S12_4675,Land of Toys Inc.,2125557818,897 Long Airport Avenue,Desconocido,NYC,NY,10022,USA,Desconocido,Yu,Kwai,Small
10341,2.043918780707471,-0.4193480066841297,7,0.3161002698573347,2004-11-24,Shipped,4,11,2004,Classic Cars,0.3555044105530498,S12_4675,Salzburg Collectables,6562-9555,Geislweg 14,Desconocido,Salzburg,Desconocido,5020,Austria,EMEA,Pipps,Georg,Medium
10363,1.119867311590515,0.23754530989009862,6,0.2795547471144862,2005-01-06,Shipped,1,1,2005,Classic Cars,0.3555044105530498,S12_4675,Suominen Souveniers,+358 9 8045 555,"Software Engineering Center, SEC Oy",Desconocido,Espoo,Desconocido,FIN-02271,Finland,EMEA,Suominen,Kalle,Medium
10377,1.5305568534202727,0.8101579745265014,1,0.8841034910909061,2005-02-09,Shipped,1,2,2005,Classic Cars,0.3555044105530498,S12_4675,"Toys of Finland, Co.",90-224 8555,Keskuskatu 45,Desconocido,Helsinki,Desconocido,21240,Finland,EMEA,Karttunen,Matti,Medium
10389,1.222539697047954,0.8101579745265014,8,0.9176569509762047,2005-03-03,Shipped,1,3,2005,Classic Cars,0.3555044105530498,S12_4675,Scandinavian Gift Ideas,0695-34 6555,?kergatan 24,Desconocido,Boras,Desconocido,S-844 67,Sweden,EMEA,Larsson,Maria,Medium
10405,6.356158969919932,0.4770015151016855,5,2.983521592242325,2005-04-14,Shipped,2,4,2005,Classic Cars,0.3555044105530498,S12_4675,Mini Caravy,88.60.1555,"24, place Kluber",Desconocido,Strasbourg,Desconocido,67000,France,EMEA,Citeaux,Frederique,Large
10419,-0.31754608481363966,0.8101579745265014,10,0.15136847521735752,2005-05-17,Shipped,2,5,2005,Classic Cars,0.3555044105530498,S12_4675,Salzburg Collectables,6562-9555,Geislweg 14,Desconocido,Salzburg,Desconocido,5020,Austria,EMEA,Pipps,Georg,Medium
10103,-0.009528928441320991,0.8101579745265014,10,0.19880706164849027,2003-01-29,Shipped,1,1,2003,Trucks and Buses,0.380391923286869,S18_1097,Baane Mini Imports,07-98 9555,Erling Skakkes gate 78,Desconocido,Stavern,Desconocido,4110,Norway,EMEA,Bergulfsen,Jonas,Medium
10113,1.4278844679628335,0.8101579745265014,4,0.740017473192134,2003-03-26,Shipped,1,3,2003,Trucks and Buses,0.380391923286869,S18_1097,Mini Gifts Distributors Ltd.,4155551450,5677 Strong St.,Desconocido,San Rafael,CA,97562,USA,Desconocido,Nelson,Valarie,Medium
10126,0.29848822793099766,0.8101579745265014,10,0.16459654258757717,2003-05-28,Shipped,2,5,2003,Trucks and Buses,0.380391923286869,S18_1097,"Corrida Auto Replicas, Ltd",(91) 555 22 82,"C/ Araquil, 67",Desconocido,Madrid,Desconocido,28023,Spain,EMEA,Sommer,Mart¡n,Medium
10140,-0.31754608481363966,0.8101579745265014,10,0.3407752855101583,2003-07-24,Shipped,3,7,2003,Trucks and Buses,0.380391923286869,S18_1097,Technics Stores Inc.,6505556809,9408 Furth Circle,Desconocido,Burlingame,CA,94217,USA,Desconocido,Hirano,Juri,Medium
10150,-0.11220131389876072,0.8101579745265014,7,0.5903274464567169,2003-09-19,Shipped,3,9,2003,Trucks and Buses,0.380391923286869,S18_1097,"Dragon Souveniers, Ltd.",+65 221 7555,"Bronz Sok., Bronz Apt. 3/6 Tesvikiye",Desconocido,Singapore,Desconocido,79903,Singapore,Japan,Natividad,Eric,Medium
10164,0.09314345701611873,0.7690091856392102,8,0.008813785314645224,2003-10-21,Resolved,4,10,2003,Trucks and Buses,0.380391923286869,S18_1097,Mini Auto Werke,7675-3555,Kirchgasse 6,Desconocido,Graz,Desconocido,8010,Austria,EMEA,Mendel,Roland,Medium
10174,1.3252120825053932,0.47997612634654946,3,0.5030743321280261,2003-11-06,Shipped,4,11,2003,Trucks and Buses,0.380391923286869,S18_1097,"Australian Gift Network, Co",61-7-3844-6555,31 Duncan St. West End,Desconocido,South Brisbane,Queensland,4101,Australia,APAC,Calaghan,Tony,Medium
10183,-1.4469423248454751,0.653495115630308,7,-0.8255319024109358,2003-11-13,Shipped,4,11,2003,Trucks and Buses,0.380391923286869,S18_1097,"Classic Gift Ideas, Inc",2155554695,782 First Street,Desconocido,Philadelphia,PA,71270,USA,Desconocido,Cervantes,Francisca,Small
10194,-1.4469423248454751,0.47997612634654946,10,-0.8654441746486675,2003-11-25,Shipped,4,11,2003,Trucks and Buses,0.380391923286869,S18_1097,"Saveley & Henriot, Co.",78.32.5555,"2, rue du Commerce",Desconocido,Lyon,Desconocido,69004,France,EMEA,Saveley,Mary,Small
10206,-0.11220131389876072,0.8101579745265014,5,0.22420972961149863,2003-12-05,Shipped,4,12,2003,Trucks and Buses,0.380391923286869,S18_1097,Canadian Gift Exchange Network,(604) 555-3392,1900 Oak St.,Desconocido,Vancouver,BC,V3F 2K1,Canada,Desconocido,Tannamuri,Yoshi,Medium
10215,1.119867311590515,0.8101579745265014,2,0.8678127677285667,2004-01-29,Shipped,1,1,2004,Trucks and Buses,0.380391923286869,S18_1097,West Coast Collectables Co.,3105553722,3675 Furth Circle,Desconocido,Burbank,CA,94019,USA,Desconocido,Thompson,Steve,Medium
10228,-0.31754608481363966,0.8101579745265014,1,-0.1052864411151808,2004-03-10,Shipped,1,3,2004,Trucks and Buses,0.380391923286869,S18_1097,Cambridge Collectables Co.,6175555555,4658 Baden Av.,Desconocido,Cambridge,MA,51247,USA,Desconocido,Tseng,Kyung,Medium
10245,-0.6255632411859583,0.8101579745265014,8,-0.05587124691608434,2004-05-04,Shipped,2,5,2004,Trucks and Buses,0.380391923286869,S18_1097,Super Scale Inc.,2035559545,567 North Pendale Street,Desconocido,New Haven,CT,97823,USA,Desconocido,Murphy,Leslie,Medium
10258,0.6065053843033164,0.8101579745265014,5,1.0312630254640398,2004-06-15,Shipped,2,6,2004,Trucks and Buses,0.380391923286869,S18_1097,"Tokyo Collectables, Ltd",+81 3 3584 0555,2-2-8 Roppongi,Desconocido,Minato-ku,Tokyo,106-0032,Japan,Japan,Shimamura,Akiko,Medium
10270,0.8118501552181958,0.653495115630308,8,0.3313701078889678,2004-07-19,Shipped,3,7,2004,Trucks and Buses,0.380391923286869,S18_1097,Souveniers And Things Co.,+61 2 9495 8555,"Monitor Money Building, 815 Pacific Hwy",Level 6,Chatswood,NSW,2067,Australia,APAC,Huxley,Adrian,Medium
10280,-1.1389251684731565,0.8101579745265014,1,-0.4093365019498856,2004-08-17,Shipped,3,8,2004,Trucks and Buses,0.380391923286869,S18_1097,Amica Models & Co.,011-4988555,Via Monte Bianco 34,Desconocido,Torino,Desconocido,10100,Italy,EMEA,Accorti,Paolo,Small
10291,0.6065053843033164,0.8101579745265014,10,0.6158169982776573,2004-09-08,Shipped,3,9,2004,Trucks and Buses,0.380391923286869,S18_1097,Scandinavian Gift Ideas,0695-34 6555,?kergatan 24,Desconocido,Boras,Desconocido,S-844 67,Sweden,EMEA,Larsson,Maria,Medium
10304,1.119867311590515,0.7110042663643537,5,0.5181052395503447,2004-10-11,Shipped,4,10,2004,Trucks and Buses,0.380391923286869,S18_1097,Auto Assoc. & Cie.,30.59.8555,"67, avenue de l'Europe",Desconocido,Versailles,Desconocido,78000,France,EMEA,Tonini,Daniel,Medium
10312,-0.31754608481363966,0.8101579745265014,2,0.3407752855101583,2004-10-21,Shipped,4,10,2004,Trucks and Buses,0.380391923286869,S18_1097,Mini Gifts Distributors Ltd.,4155551450,5677 Strong St.,Desconocido,San Rafael,CA,97562,USA,Desconocido,Nelson,Valarie,Medium
10322,-1.3442699393880353,0.8101579745265014,10,-0.707478460445182,2004-11-04,Shipped,4,11,2004,Trucks and Buses,0.380391923286869,S18_1097,Online Diecast Creations Co.,6035558647,2304 Long Airport Avenue,Desconocido,Nashua,NH,62005,USA,Desconocido,Young,Valarie,Small
10333,-0.6255632411859583,-2.1520590568176607,7,-1.2960025628741803,2004-11-18,Shipped,4,11,2004,Trucks and Buses,0.380391923286869,S18_1097,Mini Wheels Co.,6505555787,5557 North Pendale Street,Desconocido,San Francisco,CA,Desconocido,USA,Desconocido,Murphy,Julie,Small
10347,0.7091777697607561,-1.6885154711596202,5,-0.798619627416351,2004-11-29,Shipped,4,11,2004,Trucks and Buses,0.380391923286869,S18_1097,"Australian Collectors, Co.",03 9520 4555,636 St Kilda Road,Level 3,Melbourne,Victoria,3004,Australia,APAC,Ferguson,Peter,Small
10357,0.4011606133884374,0.7110042663643537,1,0.14559069866484786,2004-12-10,Shipped,4,12,2004,Trucks and Buses,0.380391923286869,S18_1097,Mini Gifts Distributors Ltd.,4155551450,5677 Strong St.,Desconocido,San Rafael,CA,97562,USA,Desconocido,Nelson,Valarie,Medium
10370,-0.8309080121008378,0.8101579745265014,1,0.19418592645470648,2005-01-20,Shipped,1,1,2005,Trucks and Buses,0.380391923286869,S18_1097,"Anna's Decorations, Ltd",02 9936 8555,201 Miller Street,Level 15,North Sydney,NSW,2060,Australia,APAC,O'Hara,Anna,Medium
10381,1.3252120825053932,0.7110042663643537,2,0.62453796551763,2005-02-17,Shipped,1,2,2005,Trucks and Buses,0.380391923286869,S18_1097,Corporate Gift Ideas Co.,6505551386,7734 Strong St.,Desconocido,San Francisco,CA,Desconocido,USA,Desconocido,Brown,Julie,Medium
10391,-0.6255632411859583,0.07146284871850074,10,-0.5897182514999504,2005-03-09,Shipped,1,3,2005,Trucks and Buses,0.380391923286869,S18_1097,"Anna's Decorations, Ltd",02 9936 8555,201 Miller Street,Level 15,North Sydney,NSW,2060,Australia,APAC,O'Hara,Anna,Small
10411,-0.8309080121008378,0.8101579745265014,8,-0.1851109855906444,2005-05-01,Shipped,2,5,2005,Trucks and Buses,0.380391923286869,S18_1097,Quebec Home Shopping Network,(514) 555-8054,43 rue St. Laurent,Desconocido,Montreal,Quebec,H1J 1C3,Canada,Desconocido,Fresnisre,Jean,Medium
10424,1.9412463952500307,0.8101579745265014,5,1.9701517152468742,2005-05-31,In Process,2,5,2005,Trucks and Buses,0.380391923286869,S18_1097,Euro Shopping Channel,(91) 555 94 44,"C/ Moralzarzal, 86",Desconocido,Madrid,Desconocido,28034,Spain,EMEA,Freyre,Diego,Large
10109,-0.9335803975582769,0.8101579745265014,4,0.4481528734324591,2003-03-10,Shipped,1,3,2003,Classic Cars,1.0025797416323496,S18_1129,Motor Mint Distributors Inc.,2155559857,11328 Douglas Av.,Desconocido,Philadelphia,PA,71270,USA,Desconocido,Hernandez,Rosa,Medium
10122,-0.11220131389876072,0.8101579745265014,2,0.7878796184306873,2003-05-08,Shipped,2,5,2003,Classic Cars,1.0025797416323496,S18_1129,Marseille Mini Autos,91.24.4555,"12, rue des Bouchers",Desconocido,Marseille,Desconocido,13008,France,EMEA,Lebihan,Laurence,Medium
10136,-1.0362527830157167,0.8101579745265014,2,0.04933967479902528,2003-07-04,Shipped,3,7,2003,Classic Cars,1.0025797416323496,S18_1129,Alpha Cognac,61.77.6555,1 rue Alsace-Lorraine,Desconocido,Toulouse,Desconocido,31000,France,EMEA,Roulet,Annette,Medium
10148,-1.2415975539305957,0.8101579745265014,13,-0.46257458589801126,2003-09-11,Shipped,3,9,2003,Classic Cars,1.0025797416323496,S18_1129,"Anna's Decorations, Ltd",02 9936 8555,201 Miller Street,Level 15,North Sydney,NSW,2060,Australia,APAC,O'Hara,Anna,Small
10161,-0.728235626643398,0.8101579745265014,12,0.11457316138295358,2003-10-17,Shipped,4,10,2003,Classic Cars,1.0025797416323496,S18_1129,Heintze Collectables,86 21 3555,Smagsloget 45,Desconocido,Aaarhus,Desconocido,8200,Denmark,EMEA,Ibsen,Palle,Medium
10171,-0.009528928441320991,0.8101579745265014,2,0.5181052395503447,2003-11-05,Shipped,4,11,2003,Classic Cars,1.0025797416323496,S18_1129,Quebec Home Shopping Network,(514) 555-8054,43 rue St. Laurent,Desconocido,Montreal,Quebec,H1J 1C3,Canada,Desconocido,Fresnisre,Jean,Medium
10181,0.9145225406756355,0.8101579745265014,6,1.0123440653992428,2003-11-12,Shipped,4,11,2003,Classic Cars,1.0025797416323496,S18_1129,Herkku Gifts,+47 2267 3215,"Drammen 121, PR 744 Sentrum",Desconocido,Bergen,Desconocido,N 5804,Norway,EMEA,Oeztan,Veysel,Medium
10192,-1.3442699393880353,0.8101579745265014,11,-0.13750949192588835,2003-11-20,Shipped,4,11,2003,Classic Cars,1.0025797416323496,S18_1129,Online Diecast Creations Co.,6035558647,2304 Long Airport Avenue,Desconocido,Nashua,NH,62005,USA,Desconocido,Young,Valarie,Medium
10204,0.7091777697607561,0.8101579745265014,17,1.4273448128137214,2003-12-02,Shipped,4,12,2003,Classic Cars,1.0025797416323496,S18_1129,Muscle Machine Inc,2125557413,4092 Furth Circle,Suite 400,NYC,NY,10022,USA,Desconocido,Young,Jeff,Medium
10212,-0.6255632411859583,0.8101579745265014,10,0.34364788306305055,2004-01-16,Shipped,1,1,2004,Classic Cars,1.0025797416323496,S18_1129,Euro Shopping Channel,(91) 555 94 44,"C/ Moralzarzal, 86",Desconocido,Madrid,Desconocido,28034,Spain,EMEA,Freyre,Diego,Medium
10225,-0.31754608481363966,0.8101579745265014,1,0.5296607926553645,2004-02-22,Shipped,1,2,2004,Classic Cars,1.0025797416323496,S18_1129,"Vida Sport, Ltd",0897-034555,Grenzacherweg 237,Desconocido,Gensve,Desconocido,1203,Switzerland,EMEA,Holz,Michael,Medium
10240,0.6065053843033164,0.8101579745265014,3,1.1267755365374366,2004-04-13,Shipped,2,4,2004,Classic Cars,1.0025797416323496,S18_1129,Osaka Souveniers Co.,+81 06 6342 5555,"Dojima Avanza 4F, 1-6-20 Dojima, Kita-ku",Desconocido,Osaka,Osaka,530-0003,Japan,Japan,Kentary,Mory,Medium
10253,-0.9335803975582769,0.8101579745265014,5,-0.2711911678372464,2004-06-01,Cancelled,2,6,2004,Classic Cars,1.0025797416323496,S18_1129,"UK Collectables, Ltd.",(171) 555-2282,Berkeley Gardens 12  Brewery,Desconocido,Liverpool,Desconocido,WX1 6LT,UK,EMEA,Devon,Elizabeth,Medium
10266,-1.4469423248454751,0.8101579745265014,6,-0.5578916082910597,2004-07-06,Shipped,3,7,2004,Classic Cars,1.0025797416323496,S18_1129,L'ordine Souveniers,0522-556555,Strada Provinciale 124,Desconocido,Reggio Emilia,Desconocido,42100,Italy,EMEA,Moroni,Maurizio,Small
10278,-0.11220131389876072,0.8101579745265014,6,0.6049130741071312,2004-08-06,Shipped,3,8,2004,Classic Cars,1.0025797416323496,S18_1129,Signal Gift Stores,7025551838,8489 Strong St.,Desconocido,Las Vegas,NV,83030,USA,Desconocido,King,Sue,Medium
10287,0.6065053843033164,0.8101579745265014,4,1.599440014413476,2004-08-30,Shipped,3,8,2004,Classic Cars,1.0025797416323496,S18_1129,"Vida Sport, Ltd",0897-034555,Grenzacherweg 237,Desconocido,Gensve,Desconocido,1203,Switzerland,EMEA,Holz,Michael,Medium
10301,0.19581584247355846,0.8101579745265014,8,1.2836497722756453,2003-10-05,Shipped,4,10,2003,Classic Cars,1.0025797416323496,S18_1129,"Norway Gifts By Mail, Co.",+47 2212 1555,"Drammensveien 126 A, PB 744 Sentrum",Desconocido,Oslo,Desconocido,N 0106,Norway,EMEA,Klaeboe,Jan,Medium
10310,0.19581584247355846,0.8101579745265014,2,1.4542299366027023,2004-10-16,Shipped,4,10,2004,Classic Cars,1.0025797416323496,S18_1129,"Toms Spezialitten, Ltd",0221-5554327,Mehrheimerstr. 369,Desconocido,Koln,Desconocido,50739,Germany,EMEA,Pfalzheim,Henriette,Medium
10321,0.6065053843033164,0.8101579745265014,10,1.2213974880670253,2004-11-04,Shipped,4,11,2004,Classic Cars,1.0025797416323496,S18_1129,FunGiftIdeas.com,5085552555,1785 First Street,Desconocido,New Bedford,MA,50553,USA,Desconocido,Benitez,Violeta,Medium
10331,1.119867311590515,0.8101579745265014,6,1.563980539894784,2004-11-17,Shipped,4,11,2004,Classic Cars,1.0025797416323496,S18_1129,Motor Mint Distributors Inc.,2155559857,11328 Douglas Av.,Desconocido,Philadelphia,PA,71270,USA,Desconocido,Hernandez,Rosa,Medium
10342,0.5038329988458771,0.8101579745265014,2,1.575047371298933,2004-11-24,Shipped,4,11,2004,Classic Cars,1.0025797416323496,S18_1129,"Australian Collectors, Co.",03 9520 4555,636 St Kilda Road,Level 3,Melbourne,Victoria,3004,Australia,APAC,Ferguson,Peter,Medium
10356,0.8118501552181958,0.6911735247319236,8,0.34911613587167634,2004-12-09,Shipped,4,12,2004,Classic Cars,1.0025797416323496,S18_1129,Lyon Souveniers,+33 1 46 62 7555,27 rue du Colonel Pierre Avia,Desconocido,Paris,Desconocido,75508,France,EMEA,Da Cunha,Daniel,Medium
10365,-0.5228908557285186,0.1686334827174064,1,-0.5115770817719283,2005-01-07,Shipped,1,1,2005,Classic Cars,1.0025797416323496,S18_1129,Mini Creations Ltd.,5085559555,4575 Hillside Dr.,Desconocido,New Bedford,MA,50553,USA,Desconocido,Tam,Wing C,Small
10377,-0.009528928441320991,0.8101579745265014,2,1.2713068342081126,2005-02-09,Shipped,1,2,2005,Classic Cars,1.0025797416323496,S18_1129,"Toys of Finland, Co.",90-224 8555,Keskuskatu 45,Desconocido,Helsinki,Desconocido,21240,Finland,EMEA,Karttunen,Matti,Medium
10390,0.09314345701611873,0.5012941736014115,14,-0.09675010207331496,2005-03-04,Shipped,1,3,2005,Classic Cars,1.0025797416323496,S18_1129,Mini Gifts Distributors Ltd.,4155551450,5677 Strong St.,Desconocido,San Rafael,CA,97562,USA,Desconocido,Nelson,Valarie,Medium
10406,2.659953093452108,0.8101579745265014,3,2.6178111434811657,2005-04-15,Disputed,2,4,2005,Classic Cars,1.0025797416323496,S18_1129,Danish Wholesale Imports,31 12 3555,Vinb'ltet 34,Desconocido,Kobenhavn,Desconocido,1734,Denmark,EMEA,Petersen,Jytte,Large
10419,0.29848822793099766,0.8101579745265014,5,0.49434250440581207,2005-05-17,Shipped,2,5,2005,Classic Cars,1.0025797416323496,S18_1129,Salzburg Collectables,6562-9555,Geislweg 14,Desconocido,Salzburg,Desconocido,5020,Austria,EMEA,Pipps,Georg,Medium
10102,0.4011606133884374,0.8101579745265014,2,0.6811808106484847,2003-01-10,Shipped,1,1,2003,Vintage Cars,0.031966745013400466,S18_1342,Vitachrome Inc.,2125551500,2678 Kingston Rd.,Suite 101,NYC,NY,10022,USA,Desconocido,Frick,Michael,Medium
10111,-0.21487369935619993,0.7933018441389362,6,-0.14396061837737467,2003-03-25,Shipped,1,3,2003,Vintage Cars,0.031966745013400466,S18_1342,Mini Wheels Co.,6505555787,5557 North Pendale Street,Desconocido,San Francisco,CA,Desconocido,USA,Desconocido,Murphy,Julie,Medium
10125,-0.31754608481363966,0.8101579745265014,1,-0.16245601963475104,2003-05-21,Shipped,2,5,2003,Vintage Cars,0.031966745013400466,S18_1342,"Australian Collectors, Co.",03 9520 4555,636 St Kilda Road,Level 3,Melbourne,Victoria,3004,Australia,APAC,Ferguson,Peter,Medium
10139,-0.4202184702710794,0.8101579745265014,7,-0.20034824217555264,2003-07-16,Shipped,3,7,2003,Vintage Cars,0.031966745013400466,S18_1342,Souveniers And Things Co.,+61 2 9495 8555,"Monitor Money Building, 815 Pacific Hwy",Level 6,Chatswood,NSW,2067,Australia,APAC,Huxley,Adrian,Medium
10149,1.5305568534202727,0.8101579745265014,4,1.2780674844034834,2003-09-12,Shipped,3,9,2003,Vintage Cars,0.031966745013400466,S18_1342,Signal Collectibles Ltd.,4155554312,2793 Furth Circle,Desconocido,Brisbane,CA,94217,USA,Desconocido,Taylor,Sue,Medium
10162,1.3252120825053932,0.38578010359250936,2,0.4535505331065142,2003-10-18,Shipped,4,10,2003,Vintage Cars,0.031966745013400466,S18_1342,Corporate Gift Ideas Co.,6505551386,7734 Strong St.,Desconocido,San Francisco,CA,Desconocido,USA,Desconocido,Brown,Julie,Medium
10173,0.8118501552181958,0.8101579745265014,6,0.8049088545854529,2003-11-05,Shipped,4,11,2003,Vintage Cars,0.031966745013400466,S18_1342,Rovelli Gifts,035-640555,Via Ludovico il Moro 22,Desconocido,Bergamo,Desconocido,24100,Italy,EMEA,Rovelli,Giovanni,Medium
10182,-1.0362527830157167,0.18201923331929593,3,-0.7442900650029486,2003-11-12,Shipped,4,11,2003,Vintage Cars,0.031966745013400466,S18_1342,Mini Gifts Distributors Ltd.,4155551450,5677 Strong St.,Desconocido,San Rafael,CA,97562,USA,Desconocido,Nelson,Valarie,Small
10193,-0.728235626643398,0.8101579745265014,7,-0.2427367043643601,2003-11-21,Shipped,4,11,2003,Vintage Cars,0.031966745013400466,S18_1342,"Australian Collectables, Ltd",61-9-3844-6555,7 Allen Street,Desconocido,Glen Waverly,Victoria,3150,Australia,APAC,Connery,Sean,Medium
10205,0.09314345701611873,0.8101579745265014,2,0.09873857827475942,2003-12-03,Shipped,4,12,2003,Vintage Cars,0.031966745013400466,S18_1342,Euro Shopping Channel,(91) 555 94 44,"C/ Moralzarzal, 86",Desconocido,Madrid,Desconocido,28034,Spain,EMEA,Freyre,Diego,Medium
10215,-0.8309080121008378,0.2836517841854968,10,-0.6193890889838913,2004-01-29,Shipped,1,1,2004,Vintage Cars,0.031966745013400466,S18_1342,West Coast Collectables Co.,3105553722,3675 Furth Circle,Desconocido,Burbank,CA,94019,USA,Desconocido,Thompson,Steve,Small
10227,-1.0362527830157167,0.8101579745265014,3,-0.32588998664686186,2004-03-02,Shipped,1,3,2004,Vintage Cars,0.031966745013400466,S18_1342,"Saveley & Henriot, Co.",78.32.5555,"2, rue du Commerce",Desconocido,Lyon,Desconocido,69004,France,EMEA,Saveley,Mary,Small
10244,0.5038329988458771,0.8101579745265014,7,0.6141119025657328,2004-04-29,Shipped,2,4,2004,Vintage Cars,0.031966745013400466,S18_1342,Euro Shopping Channel,(91) 555 94 44,"C/ Moralzarzal, 86",Desconocido,Madrid,Desconocido,28034,Spain,EMEA,Freyre,Diego,Medium
10256,-0.11220131389876072,0.5895409738657228,2,-0.16572502478946058,2004-06-08,Shipped,2,6,2004,Vintage Cars,0.031966745013400466,S18_1342,Danish Wholesale Imports,31 12 3555,Vinb'ltet 34,Desconocido,Kobenhavn,Desconocido,1734,Denmark,EMEA,Petersen,Jytte,Medium
10280,1.5305568534202727,0.8101579745265014,9,0.9153273775353902,2004-08-17,Shipped,3,8,2004,Vintage Cars,0.031966745013400466,S18_1342,Amica Models & Co.,011-4988555,Via Monte Bianco 34,Desconocido,Torino,Desconocido,10100,Italy,EMEA,Accorti,Paolo,Medium
10289,0.29848822793099766,0.8101579745265014,2,0.5506758257927821,2004-09-03,Shipped,3,9,2004,Vintage Cars,0.031966745013400466,S18_1342,Herkku Gifts,+47 2267 3215,"Drammen 121, PR 744 Sentrum",Desconocido,Bergen,Desconocido,N 5804,Norway,EMEA,Oeztan,Veysel,Medium
10304,0.19581584247355846,0.5895409738657228,13,-0.01006716306230636,2004-10-11,Shipped,4,10,2004,Vintage Cars,0.031966745013400466,S18_1342,Auto Assoc. & Cie.,30.59.8555,"67, avenue de l'Europe",Desconocido,Versailles,Desconocido,78000,France,EMEA,Tonini,Daniel,Medium
10312,0.8118501552181958,0.2836517841854968,10,0.15717883321659223,2004-10-21,Shipped,4,10,2004,Vintage Cars,0.031966745013400466,S18_1342,Mini Gifts Distributors Ltd.,4155551450,5677 Strong St.,Desconocido,San Rafael,CA,97562,USA,Desconocido,Nelson,Valarie,Medium
10322,0.8118501552181958,0.13095507361579006,14,0.08526071981298389,2004-11-04,Shipped,4,11,2004,Vintage Cars,0.031966745013400466,S18_1342,Online Diecast Creations Co.,6035558647,2304 Long Airport Avenue,Desconocido,Nashua,NH,62005,USA,Desconocido,Young,Valarie,Medium
10332,1.119867311590515,0.5687186951516717,15,0.4464151962738094,2004-11-17,Shipped,4,11,2004,Vintage Cars,0.031966745013400466,S18_1342,"AV Stores, Co.",(171) 555-1555,Fauntleroy Circus,Desconocido,Manchester,Desconocido,EC2 5NT,UK,EMEA,Ashworth,Victoria,Medium
10346,0.7091777697607561,-2.3573072327133064,3,-1.106286228837495,2004-11-29,Shipped,4,11,2004,Vintage Cars,0.031966745013400466,S18_1342,Signal Gift Stores,7025551838,8489 Strong St.,Desconocido,Las Vegas,NV,83030,USA,Desconocido,King,Sue,Small
10356,1.5305568534202727,-1.6597608957925973,9,-0.5673999604935452,2004-12-09,Shipped,4,12,2004,Vintage Cars,0.031966745013400466,S18_1342,Lyon Souveniers,+33 1 46 62 7555,27 rue du Colonel Pierre Avia,Desconocido,Paris,Desconocido,75508,France,EMEA,Da Cunha,Daniel,Small
10369,0.9145225406756355,0.8101579745265014,8,3.08793426851268,2005-01-20,Shipped,1,1,2005,Vintage Cars,0.031966745013400466,S18_1342,Collectables For Less Inc.,6175558555,7825 Douglas Av.,Desconocido,Brickhaven,MA,58339,USA,Desconocido,Nelson,Allen,Large
10380,-0.8309080121008378,0.47105229261195586,13,-0.5639680481052122,2005-02-16,Shipped,1,2,2005,Vintage Cars,0.031966745013400466,S18_1342,Euro Shopping Channel,(91) 555 94 44,"C/ Moralzarzal, 86",Desconocido,Madrid,Desconocido,28034,Spain,EMEA,Freyre,Diego,Small
10391,-0.009528928441320991,0.8101579745265014,2,1.0833390378123182,2005-03-09,Shipped,1,3,2005,Vintage Cars,0.031966745013400466,S18_1342,"Anna's Decorations, Ltd",02 9936 8555,201 Miller Street,Level 15,North Sydney,NSW,2060,Australia,APAC,O'Hara,Anna,Medium
10422,1.633229238877712,0.5895409738657228,2,0.716336191664413,2005-05-30,In Process,2,5,2005,Vintage Cars,0.031966745013400466,S18_1342,Diecast Classics Inc.,2155551555,7586 Pompton St.,Desconocido,Allentown,PA,70267,USA,Desconocido,Yu,Kyung,Medium
10102,0.6065053843033164,-1.6617439699558403,1,-0.8135310695340123,2003-01-10,Shipped,1,1,2003,Vintage Cars,-1.1875213789437409,S18_1367,Vitachrome Inc.,2125551500,2678 Kingston Rd.,Suite 101,NYC,NY,10022,USA,Desconocido,Frick,Michael,Small
10111,1.3252120825053932,-1.7152869723633997,5,-0.6510908366470041,2003-03-25,Shipped,1,3,2003,Vintage Cars,-1.1875213789437409,S18_1367,Mini Wheels Co.,6505555787,5557 North Pendale Street,Desconocido,San Francisco,CA,Desconocido,USA,Desconocido,Murphy,Julie,Small
10126,0.7091777697607561,-1.421296227662632,17,-0.675689828924137,2003-05-28,Shipped,2,5,2003,Vintage Cars,-1.1875213789437409,S18_1367,"Corrida Auto Replicas, Ltd",(91) 555 22 82,"C/ Araquil, 67",Desconocido,Madrid,Desconocido,28023,Spain,EMEA,Sommer,Mart¡n,Small
10139,1.4278844679628335,-2.0092777170641676,6,-0.782236589954958,2003-07-16,Shipped,3,7,2003,Vintage Cars,-1.1875213789437409,S18_1367,Souveniers And Things Co.,+61 2 9495 8555,"Monitor Money Building, 815 Pacific Hwy",Level 6,Chatswood,NSW,2067,Australia,APAC,Huxley,Adrian,Small
10149,-0.5228908557285186,-1.2611629889807636,3,-0.9814015435418002,2003-09-12,Shipped,3,9,2003,Vintage Cars,-1.1875213789437409,S18_1367,Signal Collectibles Ltd.,4155554312,2793 Furth Circle,Desconocido,Brisbane,CA,94217,USA,Desconocido,Taylor,Sue,Small
10162,1.0171949261330746,-1.6086967360890911,1,-0.6784755426190968,2003-10-18,Shipped,4,10,2003,Vintage Cars,-1.1875213789437409,S18_1367,Corporate Gift Ideas Co.,6505551386,7734 Strong St.,Desconocido,San Francisco,CA,Desconocido,USA,Desconocido,Brown,Julie,Small
10173,1.3252120825053932,-1.955734714656608,5,-0.7775068499387588,2003-11-05,Shipped,4,11,2003,Vintage Cars,-1.1875213789437409,S18_1367,Rovelli Gifts,035-640555,Via Ludovico il Moro 22,Desconocido,Bergamo,Desconocido,24100,Italy,EMEA,Rovelli,Giovanni,Small
10182,-0.31754608481363966,-1.4480677288664119,2,-0.9836822448125278,2003-11-12,Shipped,4,11,2003,Vintage Cars,-1.1875213789437409,S18_1367,Mini Gifts Distributors Ltd.,4155551450,5677 Strong St.,Desconocido,San Rafael,CA,97562,USA,Desconocido,Nelson,Valarie,Small
10193,1.119867311590515,-1.501610731273972,6,-0.5967124020635147,2003-11-21,Shipped,4,11,2003,Vintage Cars,-1.1875213789437409,S18_1367,"Australian Collectables, Ltd",61-9-3844-6555,7 Allen Street,Desconocido,Glen Waverly,Victoria,3150,Australia,APAC,Connery,Sean,Small
10205,1.3252120825053932,-0.9939437454837755,1,-0.27184279677174,2003-12-03,Shipped,4,12,2003,Vintage Cars,-1.1875213789437409,S18_1367,Euro Shopping Channel,(91) 555 94 44,"C/ Moralzarzal, 86",Desconocido,Madrid,Desconocido,28034,Spain,EMEA,Freyre,Diego,Medium
10215,-0.21487369935619993,-2.0092777170641676,9,-1.1569666692177332,2004-01-29,Shipped,1,1,2004,Vintage Cars,-1.1875213789437409,S18_1367,West Coast Collectables Co.,3105553722,3675 Furth Circle,Desconocido,Burbank,CA,94019,USA,Desconocido,Thompson,Steve,Small
10227,-0.4202184702710794,-1.7420584735671796,2,-1.1130740302384698,2004-03-02,Shipped,1,3,2004,Vintage Cars,-1.1875213789437409,S18_1367,"Saveley & Henriot, Co.",78.32.5555,"2, rue du Commerce",Desconocido,Lyon,Desconocido,69004,France,EMEA,Saveley,Mary,Small
10244,-1.5496147103029148,-1.2611629889807636,6,-1.2975501815936026,2004-04-29,Shipped,2,4,2004,Vintage Cars,-1.1875213789437409,S18_1367,Euro Shopping Channel,(91) 555 94 44,"C/ Moralzarzal, 86",Desconocido,Madrid,Desconocido,28034,Spain,EMEA,Freyre,Diego,Small
10256,-0.6255632411859583,-1.5819252348853112,1,-1.1149040214961727,2004-06-08,Shipped,2,6,2004,Vintage Cars,-1.1875213789437409,S18_1367,Danish Wholesale Imports,31 12 3555,Vinb'ltet 34,Desconocido,Kobenhavn,Desconocido,1734,Denmark,EMEA,Petersen,Jytte,Small
10280,-0.8309080121008378,-1.2879344901845435,8,-1.084163426511438,2004-08-17,Shipped,3,8,2004,Vintage Cars,-1.1875213789437409,S18_1367,Amica Models & Co.,011-4988555,Via Monte Bianco 34,Desconocido,Torino,Desconocido,10100,Italy,EMEA,Accorti,Paolo,Small
10289,-1.1389251684731565,-1.3677532252550721,1,-1.1991107705561055,2004-09-03,Shipped,3,9,2004,Vintage Cars,-1.1875213789437409,S18_1367,Herkku Gifts,+47 2267 3215,"Drammen 121, PR 744 Sentrum",Desconocido,Bergen,Desconocido,N 5804,Norway,EMEA,Oeztan,Veysel,Small
10304,0.19581584247355846,-1.7420584735671796,12,-0.9549888507303272,2004-10-11,Shipped,4,10,2004,Vintage Cars,-1.1875213789437409,S18_1367,Auto Assoc. & Cie.,30.59.8555,"67, avenue de l'Europe",Desconocido,Versailles,Desconocido,78000,France,EMEA,Tonini,Daniel,Small
10312,-1.0362527830157167,-1.955734714656608,9,-1.3296700578230152,2004-10-21,Shipped,4,10,2004,Vintage Cars,-1.1875213789437409,S18_1367,Mini Gifts Distributors Ltd.,4155551450,5677 Strong St.,Desconocido,San Rafael,CA,97562,USA,Desconocido,Nelson,Valarie,Small
10322,0.6065053843033164,-1.2879344901845435,5,-0.6456605955262243,2004-11-04,Shipped,4,11,2004,Vintage Cars,-1.1875213789437409,S18_1367,Online Diecast Creations Co.,6035558647,2304 Long Airport Avenue,Desconocido,Nashua,NH,62005,USA,Desconocido,Young,Valarie,Small
10332,-0.8309080121008378,0.30893597976684467,16,-0.6119116469605774,2004-11-17,Shipped,4,11,2004,Vintage Cars,-1.1875213789437409,S18_1367,"AV Stores, Co.",(171) 555-1555,Fauntleroy Circus,Desconocido,Manchester,Desconocido,EC2 5NT,UK,EMEA,Ashworth,Victoria,Small
10347,-1.4469423248454751,-1.2249718855015796,7,-1.257610758150267,2004-11-29,Shipped,4,11,2004,Vintage Cars,-1.1875213789437409,S18_1367,"Australian Collectors, Co.",03 9520 4555,636 St Kilda Road,Level 3,Melbourne,Victoria,3004,Australia,APAC,Ferguson,Peter,Small
10356,-1.3442699393880353,-0.5576674295703259,6,-1.064799186674737,2004-12-09,Shipped,4,12,2004,Vintage Cars,-1.1875213789437409,S18_1367,Lyon Souveniers,+33 1 46 62 7555,27 rue du Colonel Pierre Avia,Desconocido,Paris,Desconocido,75508,France,EMEA,Da Cunha,Daniel,Small
10369,-0.31754608481363966,0.7422376844354303,7,-0.21597647612115722,2005-01-20,Shipped,1,1,2005,Vintage Cars,-1.1875213789437409,S18_1367,Collectables For Less Inc.,6175558555,7825 Douglas Av.,Desconocido,Brickhaven,MA,58339,USA,Desconocido,Nelson,Allen,Medium
10381,-1.0362527830157167,-1.5283822324777514,9,-1.2126483616702097,2005-02-17,Shipped,1,2,2005,Vintage Cars,-1.1875213789437409,S18_1367,Corporate Gift Ideas Co.,6505551386,7734 Strong St.,Desconocido,San Francisco,CA,Desconocido,USA,Desconocido,Brown,Julie,Small
10391,0.7091777697607561,0.8101579745265014,3,0.7841870544685572,2005-03-09,Shipped,1,3,2005,Vintage Cars,-1.1875213789437409,S18_1367,"Anna's Decorations, Ltd",02 9936 8555,201 Miller Street,Level 15,North Sydney,NSW,2060,Australia,APAC,O'Hara,Anna,Medium
10422,-1.0362527830157167,-1.5819252348853112,1,-1.2273100126963152,2005-05-30,In Process,2,5,2005,Vintage Cars,-1.1875213789437409,S18_1367,Diecast Classics Inc.,2155551555,7586 Pompton St.,Desconocido,Allentown,PA,70267,USA,Desconocido,Yu,Kyung,Small
10110,0.19581584247355846,0.8101579745265014,16,1.0204459851514462,2003-03-18,Shipped,1,3,2003,Classic Cars,0.5794920251574232,S18_1589,"AV Stores, Co.",(171) 555-1555,Fauntleroy Circus,Desconocido,Manchester,Desconocido,EC2 5NT,UK,EMEA,Ashworth,Victoria,Medium
10123,-0.9335803975582769,0.8101579745265014,2,-0.26074338392086616,2003-05-20,Shipped,2,5,2003,Classic Cars,0.5794920251574232,S18_1589,Atelier graphique,40.32.2555,"54, rue Royale",Desconocido,Nantes,Desconocido,44000,France,EMEA,Schmitt,Carine,Medium
10137,0.9145225406756355,0.7878483901900184,2,0.4487067580267783,2003-07-10,Shipped,3,7,2003,Classic Cars,0.5794920251574232,S18_1589,Reims Collectables,26.47.1555,59 rue de l'Abbaye,Desconocido,Reims,Desconocido,51100,France,EMEA,Henriot,Paul,Medium
10148,1.222539697047954,0.8101579745265014,9,1.2461268061310569,2003-09-11,Shipped,3,9,2003,Classic Cars,0.5794920251574232,S18_1589,"Anna's Decorations, Ltd",02 9936 8555,201 Miller Street,Level 15,North Sydney,NSW,2060,Australia,APAC,O'Hara,Anna,Medium
10161,0.8118501552181958,0.8101579745265014,8,1.4117763115204454,2003-10-17,Shipped,4,10,2003,Classic Cars,0.5794920251574232,S18_1589,Heintze Collectables,86 21 3555,Smagsloget 45,Desconocido,Aaarhus,Desconocido,8200,Denmark,EMEA,Ibsen,Palle,Medium
10172,0.7091777697607561,0.8101579745265014,6,0.7663975845568821,2003-11-05,Shipped,4,11,2003,Classic Cars,0.5794920251574232,S18_1589,Gift Depot Inc.,2035552570,25593 South Bay Ln.,Desconocido,Bridgewater,CT,97562,USA,Desconocido,King,Julie,Medium
10181,0.7091777697607561,0.8101579745265014,2,1.0218361268783662,2003-11-12,Shipped,4,11,2003,Classic Cars,0.5794920251574232,S18_1589,Herkku Gifts,+47 2267 3215,"Drammen 121, PR 744 Sentrum",Desconocido,Bergen,Desconocido,N 5804,Norway,EMEA,Oeztan,Veysel,Medium
10192,-0.6255632411859583,0.8101579745265014,7,0.38254470021119674,2003-11-20,Shipped,4,11,2003,Classic Cars,0.5794920251574232,S18_1589,Online Diecast Creations Co.,6035558647,2304 Long Airport Avenue,Desconocido,Nashua,NH,62005,USA,Desconocido,Young,Valarie,Medium
10204,0.5038329988458771,0.8101579745265014,13,0.2596257622012246,2003-12-02,Shipped,4,12,2003,Classic Cars,0.5794920251574232,S18_1589,Muscle Machine Inc,2125557413,4092 Furth Circle,Suite 400,NYC,NY,10022,USA,Desconocido,Young,Jeff,Medium
10212,0.29848822793099766,0.8101579745265014,6,0.5096123424374451,2004-01-16,Shipped,1,1,2004,Classic Cars,0.5794920251574232,S18_1589,Euro Shopping Channel,(91) 555 94 44,"C/ Moralzarzal, 86",Desconocido,Madrid,Desconocido,28034,Spain,EMEA,Freyre,Diego,Medium
10226,0.29848822793099766,0.8101579745265014,4,0.329882221821874,2004-02-26,Shipped,1,2,2004,Classic Cars,0.5794920251574232,S18_1589,Collectable Mini Designs Co.,7605558146,361 Furth Circle,Desconocido,San Diego,CA,91217,USA,Desconocido,Thompson,Valarie,Medium
10241,-1.4469423248454751,0.8101579745265014,11,-0.5675845886916517,2004-04-13,Shipped,2,4,2004,Classic Cars,0.5794920251574232,S18_1589,Mini Caravy,88.60.1555,"24, place Kluber",Desconocido,Strasbourg,Desconocido,67000,France,EMEA,Citeaux,Frederique,Small
10253,-1.1389251684731565,0.8101579745265014,1,-0.09720624232746042,2004-06-01,Cancelled,2,6,2004,Classic Cars,0.5794920251574232,S18_1589,"UK Collectables, Ltd.",(171) 555-2282,Berkeley Gardens 12  Brewery,Desconocido,Liverpool,Desconocido,WX1 6LT,UK,EMEA,Devon,Elizabeth,Medium
10266,0.09314345701611873,0.8101579745265014,2,0.892031643127245,2004-07-06,Shipped,3,7,2004,Classic Cars,0.5794920251574232,S18_1589,L'ordine Souveniers,0522-556555,Strada Provinciale 124,Desconocido,Reggio Emilia,Desconocido,42100,Italy,EMEA,Moroni,Maurizio,Medium
10278,-1.2415975539305957,0.8101579745265014,2,-0.5155302973078562,2004-08-06,Shipped,3,8,2004,Classic Cars,0.5794920251574232,S18_1589,Signal Gift Stores,7025551838,8489 Strong St.,Desconocido,Las Vegas,NV,83030,USA,Desconocido,King,Sue,Small
10288,-1.5496147103029148,0.8101579745265014,14,-0.33509424534658344,2004-09-01,Shipped,3,9,2004,Classic Cars,0.5794920251574232,S18_1589,Handji Gifts& Co,+65 224 1555,Village Close - 106 Linden Road Sandown,2nd Floor,Singapore,Desconocido,69045,Singapore,APAC,Victorino,Wendy,Small
10301,-0.31754608481363966,0.8101579745265014,4,-0.07018536251046004,2003-10-05,Shipped,4,10,2003,Classic Cars,0.5794920251574232,S18_1589,"Norway Gifts By Mail, Co.",+47 2212 1555,"Drammensveien 126 A, PB 744 Sentrum",Desconocido,Oslo,Desconocido,N 0106,Norway,EMEA,Klaeboe,Jan,Medium
10311,-0.6255632411859583,0.8101579745265014,9,-0.3424793732708443,2004-10-16,Shipped,4,10,2004,Classic Cars,0.5794920251574232,S18_1589,Euro Shopping Channel,(91) 555 94 44,"C/ Moralzarzal, 86",Desconocido,Madrid,Desconocido,28034,Spain,EMEA,Freyre,Diego,Small
10321,0.9145225406756355,0.8101579745265014,6,0.5082004797460425,2004-11-04,Shipped,4,11,2004,Classic Cars,0.5794920251574232,S18_1589,FunGiftIdeas.com,5085552555,1785 First Street,Desconocido,New Bedford,MA,50553,USA,Desconocido,Benitez,Violeta,Medium
10331,0.9145225406756355,0.8101579745265014,14,0.7034067875558362,2004-11-17,Shipped,4,11,2004,Classic Cars,0.5794920251574232,S18_1589,Motor Mint Distributors Inc.,2155559857,11328 Douglas Av.,Desconocido,Philadelphia,PA,71270,USA,Desconocido,Hernandez,Rosa,Medium
10343,0.09314345701611873,0.8101579745265014,4,1.2462571319179554,2004-11-24,Shipped,4,11,2004,Classic Cars,0.5794920251574232,S18_1589,Reims Collectables,26.47.1555,59 rue de l'Abbaye,Desconocido,Reims,Desconocido,51100,France,EMEA,Henriot,Paul,Medium
10367,1.4278844679628335,-1.3563505488164256,1,-0.43180683970767264,2005-01-12,Resolved,1,1,2005,Classic Cars,0.5794920251574232,S18_1589,Toys4GrownUps.com,6265557265,78934 Hillside Dr.,Desconocido,Pasadena,CA,90003,USA,Desconocido,Young,Julie,Small
10378,-0.11220131389876072,-2.033570375563894,5,-1.142592820971029,2005-02-10,Shipped,1,2,2005,Classic Cars,0.5794920251574232,S18_1589,Euro Shopping Channel,(91) 555 94 44,"C/ Moralzarzal, 86",Desconocido,Madrid,Desconocido,28034,Spain,EMEA,Freyre,Diego,Small
10407,2.454608322537229,0.8101579745265014,11,1.8974625076041156,2005-04-22,On Hold,2,4,2005,Classic Cars,0.5794920251574232,S18_1589,The Sharp Gifts Warehouse,4085553659,3086 Ingle Ln.,Desconocido,San Jose,CA,94217,USA,Desconocido,Frick,Sue,Large
10419,0.19581584247355846,0.8101579745265014,1,0.8954744159978189,2005-05-17,Shipped,2,5,2005,Classic Cars,0.5794920251574232,S18_1589,Salzburg Collectables,6562-9555,Geislweg 14,Desconocido,Salzburg,Desconocido,5020,Austria,EMEA,Pipps,Georg,Medium
10106,0.09314345701611873,0.8101579745265014,12,0.9369940396073015,2003-02-17,Shipped,1,2,2003,Planes,1.4007799453734568,S18_1662,Rovelli Gifts,035-640555,Via Ludovico il Moro 22,Desconocido,Bergamo,Desconocido,24100,Italy,EMEA,Rovelli,Giovanni,Medium
10119,0.8118501552181958,0.8101579745265014,3,1.8257724643275797,2003-04-28,Shipped,2,4,2003,Planes,1.4007799453734568,S18_1662,Salzburg Collectables,6562-9555,Geislweg 14,Desconocido,Salzburg,Desconocido,5020,Austria,EMEA,Pipps,Georg,Medium
10131,-1.4469423248454751,0.8101579745265014,4,-0.4193390060943622,2003-06-16,Shipped,2,6,2003,Planes,1.4007799453734568,S18_1662,Gift Ideas Corp.,2035554407,2440 Pompton St.,Desconocido,Glendale,CT,97561,USA,Desconocido,Lewis,Dan,Small
10143,-0.31754608481363966,0.8101579745265014,7,0.9199430824880531,2003-08-10,Shipped,3,8,2003,Planes,1.4007799453734568,S18_1662,Mini Creations Ltd.,5085559555,4575 Hillside Dr.,Desconocido,New Bedford,MA,50553,USA,Desconocido,Tam,Wing C,Medium
10155,0.29848822793099766,0.8101579745265014,5,1.6168819488934207,2003-10-06,Shipped,4,10,2003,Planes,1.4007799453734568,S18_1662,"Toys of Finland, Co.",90-224 8555,Keskuskatu 45,Desconocido,Helsinki,Desconocido,21240,Finland,EMEA,Karttunen,Matti,Medium
10167,0.8118501552181958,0.8101579745265014,1,1.1999914775689113,2003-10-23,Cancelled,4,10,2003,Planes,1.4007799453734568,S18_1662,Scandinavian Gift Ideas,0695-34 6555,?kergatan 24,Desconocido,Boras,Desconocido,S-844 67,Sweden,EMEA,Larsson,Maria,Medium
10178,0.7091777697607561,0.8101579745265014,4,1.5947482860851223,2003-11-08,Shipped,4,11,2003,Planes,1.4007799453734568,S18_1662,Alpha Cognac,61.77.6555,1 rue Alsace-Lorraine,Desconocido,Toulouse,Desconocido,31000,France,EMEA,Roulet,Annette,Medium
10186,-0.31754608481363966,0.8101579745265014,1,1.3309037305086713,2003-11-14,Shipped,4,11,2003,Planes,1.4007799453734568,S18_1662,"Double Decker Gift Stores, Ltd",(171) 555-7555,120 Hanover Sq.,Desconocido,London,Desconocido,WA1 1DP,UK,EMEA,Hardy,Thomas,Medium
10198,0.7091777697607561,0.8101579745265014,4,2.1341341366121838,2003-11-27,Shipped,4,11,2003,Planes,1.4007799453734568,S18_1662,Cruz & Sons Co.,+63 2 555 3587,15 McCallum Street - NatWest Center #13-03,Desconocido,Makati City,Desconocido,1227 MM,Philippines,Japan,Cruz,Arnold,Large
10210,-0.4202184702710794,0.8101579745265014,17,1.1759789513328225,2004-01-12,Shipped,1,1,2004,Planes,1.4007799453734568,S18_1662,Osaka Souveniers Co.,+81 06 6342 5555,"Dojima Avanza 4F, 1-6-20 Dojima, Kita-ku",Desconocido,Osaka,Osaka,530-0003,Japan,Japan,Kentary,Mory,Medium
10222,1.4278844679628335,0.8101579745265014,4,1.8463856596220607,2004-02-19,Shipped,1,2,2004,Planes,1.4007799453734568,S18_1662,Collectable Mini Designs Co.,7605558146,361 Furth Circle,Desconocido,San Diego,CA,91217,USA,Desconocido,Thompson,Valarie,Medium
10250,1.0171949261330746,0.8101579745265014,14,2.5013922040927667,2004-05-11,Shipped,2,5,2004,Planes,1.4007799453734568,S18_1662,The Sharp Gifts Warehouse,4085553659,3086 Ingle Ln.,Desconocido,San Jose,CA,94217,USA,Desconocido,Frick,Sue,Large
10262,1.4278844679628335,0.8101579745265014,9,1.6367131894665088,2004-06-24,Cancelled,2,6,2004,Planes,1.4007799453734568,S18_1662,Euro Shopping Channel,(91) 555 94 44,"C/ Moralzarzal, 86",Desconocido,Madrid,Desconocido,28034,Spain,EMEA,Freyre,Diego,Medium
10274,0.6065053843033164,0.8101579745265014,1,1.7214466719151578,2004-07-21,Shipped,3,7,2004,Planes,1.4007799453734568,S18_1662,Collectables For Less Inc.,6175558555,7825 Douglas Av.,Desconocido,Brickhaven,MA,58339,USA,Desconocido,Nelson,Allen,Medium
10284,1.0171949261330746,0.8101579745265014,11,1.1913736849102337,2004-08-21,Shipped,3,8,2004,Planes,1.4007799453734568,S18_1662,"Norway Gifts By Mail, Co.",+47 2212 1555,"Drammensveien 126 A, PB 744 Sentrum",Desconocido,Oslo,Desconocido,N 0106,Norway,EMEA,Klaeboe,Jan,Medium
10296,0.09314345701611873,0.8101579745265014,7,1.152813542711576,2004-09-15,Shipped,3,9,2004,Planes,1.4007799453734568,S18_1662,"Bavarian Collectables Imports, Co.",+49 89 61 08 9555,Hansastr. 15,Desconocido,Munich,Desconocido,80686,Germany,EMEA,Donnermeyer,Michael,Medium
10307,0.4011606133884374,0.8101579745265014,1,2.077654198714953,2004-10-14,Shipped,4,10,2004,Planes,1.4007799453734568,S18_1662,"Classic Gift Ideas, Inc",2155554695,782 First Street,Desconocido,Philadelphia,PA,71270,USA,Desconocido,Cervantes,Francisca,Large
10316,-0.8309080121008378,0.8101579745265014,9,0.08158444657421608,2004-11-01,Shipped,4,11,2004,Planes,1.4007799453734568,S18_1662,giftsbymail.co.uk,(198) 555-8888,Garden House Crowther Way,Desconocido,Cowes,Isle of Wight,PO31 7PJ,UK,EMEA,Bennett,Helen,Medium
10327,-1.0362527830157167,0.8101579745265014,6,-0.4068005793464815,2004-11-10,Resolved,4,11,2004,Planes,1.4007799453734568,S18_1662,Danish Wholesale Imports,31 12 3555,Vinb'ltet 34,Desconocido,Kobenhavn,Desconocido,1734,Denmark,EMEA,Petersen,Jytte,Small
10338,0.6065053843033164,0.8101579745265014,1,1.1245491376779166,2004-11-22,Shipped,4,11,2004,Planes,1.4007799453734568,S18_1662,Royale Belge,(071) 23 67 2555,"Boulevard Tirou, 255",Desconocido,Charleroi,Desconocido,B-6000,Belgium,EMEA,Cartrain,Pascale,Medium
10351,0.4011606133884374,0.7863610845675856,1,0.17778116802883076,2004-12-03,Shipped,4,12,2004,Planes,1.4007799453734568,S18_1662,"Stylish Desk Decors, Co.",(171) 555-0297,35 King George,Desconocido,London,Desconocido,WX3 6FW,UK,EMEA,Brown,Ann,Medium
10373,-0.728235626643398,-1.2943794812150833,4,-1.0548184034947437,2005-01-31,Shipped,1,1,2005,Planes,1.4007799453734568,S18_1662,"Oulu Toy Supplies, Inc.",981-443655,Torikatu 38,Desconocido,Oulu,Desconocido,90110,Finland,EMEA,Koskitalo,Pirkko,Small
10386,-1.0362527830157167,-1.442118506376683,7,-1.1890268127948174,2005-03-01,Resolved,1,3,2005,Planes,1.4007799453734568,S18_1662,Euro Shopping Channel,(91) 555 94 44,"C/ Moralzarzal, 86",Desconocido,Madrid,Desconocido,28034,Spain,EMEA,Freyre,Diego,Small
10398,-0.21487369935619993,0.8101579745265014,11,0.3590480468815827,2005-03-30,Shipped,1,3,2005,Planes,1.4007799453734568,S18_1662,Reims Collectables,26.47.1555,59 rue de l'Abbaye,Desconocido,Reims,Desconocido,51100,France,EMEA,Henriot,Paul,Medium
10400,-0.11220131389876072,0.8101579745265014,1,1.5638719350723682,2005-04-01,Shipped,2,4,2005,Planes,1.4007799453734568,S18_1662,The Sharp Gifts Warehouse,4085553659,3086 Ingle Ln.,Desconocido,San Jose,CA,94217,USA,Desconocido,Frick,Sue,Medium
10416,-1.1389251684731565,0.8101579745265014,14,0.43348036192411166,2005-05-10,Shipped,2,5,2005,Planes,1.4007799453734568,S18_1662,L'ordine Souveniers,0522-556555,Strada Provinciale 124,Desconocido,Reggio Emilia,Desconocido,42100,Italy,EMEA,Moroni,Maurizio,Medium
10100,-0.5228908557285186,0.8101579745265014,3,0.8672697436164885,2003-01-06,Shipped,1,1,2003,Vintage Cars,1.7243176109131062,S18_1749,Online Diecast Creations Co.,6035558647,2304 Long Airport Avenue,Desconocido,Nashua,NH,62005,USA,Desconocido,Young,Valarie,Medium
10110,0.7091777697607561,0.8101579745265014,7,1.365765878504078,2003-03-18,Shipped,1,3,2003,Vintage Cars,1.7243176109131062,S18_1749,"AV Stores, Co.",(171) 555-1555,Fauntleroy Circus,Desconocido,Manchester,Desconocido,EC2 5NT,UK,EMEA,Ashworth,Victoria,Medium
10124,-1.4469423248454751,0.8101579745265014,6,-0.3789705936024847,2003-05-21,Shipped,2,5,2003,Vintage Cars,1.7243176109131062,S18_1749,Signal Gift Stores,7025551838,8489 Strong St.,Desconocido,Las Vegas,NV,83030,USA,Desconocido,King,Sue,Small
10149,-0.11220131389876072,0.8101579745265014,11,0.9891243543667882,2003-09-12,Shipped,3,9,2003,Vintage Cars,1.7243176109131062,S18_1749,Signal Collectibles Ltd.,4155554312,2793 Furth Circle,Desconocido,Brisbane,CA,94217,USA,Desconocido,Taylor,Sue,Medium
10162,-0.6255632411859583,0.8101579745265014,9,0.8811168584744771,2003-10-18,Shipped,4,10,2003,Vintage Cars,1.7243176109131062,S18_1749,Corporate Gift Ideas Co.,6505551386,7734 Strong St.,Desconocido,San Francisco,CA,Desconocido,USA,Desconocido,Brown,Julie,Medium
10173,-1.1389251684731565,0.8101579745265014,13,-0.024484453237976548,2003-11-05,Shipped,4,11,2003,Vintage Cars,1.7243176109131062,S18_1749,Rovelli Gifts,035-640555,Via Ludovico il Moro 22,Desconocido,Bergamo,Desconocido,24100,Italy,EMEA,Rovelli,Giovanni,Medium
10182,0.9145225406756355,0.8101579745265014,10,2.1725911042295474,2003-11-12,Shipped,4,11,2003,Vintage Cars,1.7243176109131062,S18_1749,Mini Gifts Distributors Ltd.,4155551450,5677 Strong St.,Desconocido,San Rafael,CA,97562,USA,Desconocido,Nelson,Valarie,Large
10193,-1.4469423248454751,0.8101579745265014,14,-0.22388290719301246,2003-11-21,Shipped,4,11,2003,Vintage Cars,1.7243176109131062,S18_1749,"Australian Collectables, Ltd",61-9-3844-6555,7 Allen Street,Desconocido,Glen Waverly,Victoria,3150,Australia,APAC,Connery,Sean,Medium
10204,-0.21487369935619993,0.8101579745265014,4,1.2688360744981577,2003-12-02,Shipped,4,12,2003,Vintage Cars,1.7243176109131062,S18_1749,Muscle Machine Inc,2125557413,4092 Furth Circle,Suite 400,NYC,NY,10022,USA,Desconocido,Young,Jeff,Medium
10214,-0.5228908557285186,0.8101579745265014,7,1.3103774190721236,2004-01-26,Shipped,1,1,2004,Vintage Cars,1.7243176109131062,S18_1749,"Corrida Auto Replicas, Ltd",(91) 555 22 82,"C/ Araquil, 67",Desconocido,Madrid,Desconocido,28023,Spain,EMEA,Sommer,Mart¡n,Medium
10227,-0.9335803975582769,0.8101579745265014,10,0.08629246562593203,2004-03-02,Shipped,1,3,2004,Vintage Cars,1.7243176109131062,S18_1749,"Saveley & Henriot, Co.",78.32.5555,"2, rue du Commerce",Desconocido,Lyon,Desconocido,69004,France,EMEA,Saveley,Mary,Medium
10241,0.6065053843033164,0.8101579745265014,2,2.1956696289928614,2004-04-13,Shipped,2,4,2004,Vintage Cars,1.7243176109131062,S18_1749,Mini Caravy,88.60.1555,"24, place Kluber",Desconocido,Strasbourg,Desconocido,67000,France,EMEA,Citeaux,Frederique,Large
10280,-0.9335803975582769,0.8101579745265014,16,0.06229079987208492,2004-08-17,Shipped,3,8,2004,Vintage Cars,1.7243176109131062,S18_1749,Amica Models & Co.,011-4988555,Via Monte Bianco 34,Desconocido,Torino,Desconocido,10100,Italy,EMEA,Accorti,Paolo,Medium
10288,-0.31754608481363966,0.8101579745265014,5,1.2605278055833646,2004-09-01,Shipped,3,9,2004,Vintage Cars,1.7243176109131062,S18_1749,Handji Gifts& Co,+65 224 1555,Village Close - 106 Linden Road Sandown,2nd Floor,Singapore,Desconocido,69045,Singapore,APAC,Victorino,Wendy,Medium
10302,0.8118501552181958,0.8101579745265014,1,2.0396588015928567,2003-10-06,Shipped,4,10,2003,Vintage Cars,1.7243176109131062,S18_1749,"UK Collectables, Ltd.",(171) 555-2282,Berkeley Gardens 12  Brewery,Desconocido,Liverpool,Desconocido,WX1 6LT,UK,EMEA,Devon,Elizabeth,Large
10312,1.3252120825053932,0.8101579745265014,17,2.456918529313579,2004-10-21,Shipped,4,10,2004,Vintage Cars,1.7243176109131062,S18_1749,Mini Gifts Distributors Ltd.,4155551450,5677 Strong St.,Desconocido,San Rafael,CA,97562,USA,Desconocido,Nelson,Valarie,Large
10331,0.9145225406756355,-0.4768571574181753,7,-0.16080522633403374,2004-11-17,Shipped,4,11,2004,Vintage Cars,1.7243176109131062,S18_1749,Motor Mint Distributors Inc.,2155559857,11328 Douglas Av.,Desconocido,Philadelphia,PA,71270,USA,Desconocido,Hernandez,Rosa,Medium
10344,1.0171949261330746,0.8101579745265014,1,2.224286999699371,2004-11-25,Shipped,4,11,2004,Vintage Cars,1.7243176109131062,S18_1749,Marseille Mini Autos,91.24.4555,"12, rue des Bouchers",Desconocido,Marseille,Desconocido,13008,France,EMEA,Lebihan,Laurence,Large
10367,0.19581584247355846,0.8101579745265014,3,0.624434790936335,2005-01-12,Resolved,1,1,2005,Vintage Cars,1.7243176109131062,S18_1749,Toys4GrownUps.com,6265557265,78934 Hillside Dr.,Desconocido,Pasadena,CA,90003,USA,Desconocido,Young,Julie,Medium
10379,0.4011606133884374,0.8101579745265014,2,1.0022383866734716,2005-02-10,Shipped,1,2,2005,Vintage Cars,1.7243176109131062,S18_1749,Euro Shopping Channel,(91) 555 94 44,"C/ Moralzarzal, 86",Desconocido,Madrid,Desconocido,28034,Spain,EMEA,Freyre,Diego,Medium
10407,4.200038875313702,0.8101579745265014,2,5.717452507874626,2005-04-22,On Hold,2,4,2005,Vintage Cars,1.7243176109131062,S18_1749,The Sharp Gifts Warehouse,4085553659,3086 Ingle Ln.,Desconocido,San Jose,CA,94217,USA,Desconocido,Frick,Sue,Large
10420,0.19581584247355846,0.8101579745265014,5,0.9392747408780294,2005-05-29,In Process,2,5,2005,Vintage Cars,1.7243176109131062,S18_1749,Souveniers And Things Co.,+61 2 9495 8555,"Monitor Money Building, 815 Pacific Hwy",Level 6,Chatswood,NSW,2067,Australia,APAC,Huxley,Adrian,Medium
10108,0.29848822793099766,-0.06289042584120876,2,-0.22973670712121308,2003-03-03,Shipped,1,3,2003,Classic Cars,-0.5902210733320798,S18_1889,Cruz & Sons Co.,+63 2 555 3587,15 McCallum Street - NatWest Center #13-03,Desconocido,Makati City,Desconocido,1227 MM,Philippines,Japan,Cruz,Arnold,Medium
10122,0.8118501552181958,-0.5591547351927583,6,-0.23977179271241433,2003-05-08,Shipped,2,5,2003,Classic Cars,-0.5902210733320798,S18_1889,Marseille Mini Autos,91.24.4555,"12, rue des Bouchers",Desconocido,Marseille,Desconocido,13008,France,EMEA,Lebihan,Laurence,Medium
10135,1.3252120825053932,-0.21558713641091629,3,0.13738017409022885,2003-07-02,Shipped,3,7,2003,Classic Cars,-0.5902210733320798,S18_1889,Mini Gifts Distributors Ltd.,4155551450,5677 Strong St.,Desconocido,San Rafael,CA,97562,USA,Desconocido,Nelson,Valarie,Medium
10147,-0.9335803975582769,-0.06289042584120876,3,-0.7666137862504746,2003-09-05,Shipped,3,9,2003,Classic Cars,-0.5902210733320798,S18_1889,Collectables For Less Inc.,6175558555,7825 Douglas Av.,Desconocido,Brickhaven,MA,58339,USA,Desconocido,Nelson,Allen,Small
10160,0.29848822793099766,0.24250299529820551,4,-0.1026256229659986,2003-10-11,Shipped,4,10,2003,Classic Cars,-0.5902210733320798,S18_1889,"Men 'R' US Retailers, Ltd.",2155554369,6047 Douglas Av.,Desconocido,Los Angeles,CA,Desconocido,USA,Desconocido,Chandler,Michael,Medium
10170,-1.5496147103029148,-1.0172448669018803,2,-1.244116608965129,2003-11-04,Shipped,4,11,2003,Classic Cars,-0.5902210733320798,S18_1889,Mini Auto Werke,7675-3555,Kirchgasse 6,Desconocido,Graz,Desconocido,8010,Austria,EMEA,Mendel,Roland,Small
10181,-1.3442699393880353,-0.48280637990790404,10,-1.0467599256715066,2003-11-12,Shipped,4,11,2003,Classic Cars,-0.5902210733320798,S18_1889,Herkku Gifts,+47 2267 3215,"Drammen 121, PR 744 Sentrum",Desconocido,Bergen,Desconocido,N 5804,Norway,EMEA,Oeztan,Veysel,Small
10192,1.0171949261330746,0.35702552822548655,15,0.29041522935604625,2003-11-20,Shipped,4,11,2003,Classic Cars,-0.5902210733320798,S18_1889,Online Diecast Creations Co.,6035558647,2304 Long Airport Avenue,Desconocido,Nashua,NH,62005,USA,Desconocido,Young,Valarie,Medium
10203,1.0171949261330746,0.08980628472849879,4,0.1587047309715312,2003-12-02,Shipped,4,12,2003,Classic Cars,-0.5902210733320798,S18_1889,Euro Shopping Channel,(91) 555 94 44,"C/ Moralzarzal, 86",Desconocido,Madrid,Desconocido,28034,Spain,EMEA,Freyre,Diego,Medium
10212,-1.5496147103029148,-0.8263739786897464,14,-1.202303752335124,2004-01-16,Shipped,1,1,2004,Classic Cars,-0.5902210733320798,S18_1889,Euro Shopping Channel,(91) 555 94 44,"C/ Moralzarzal, 86",Desconocido,Madrid,Desconocido,28034,Spain,EMEA,Freyre,Diego,Small
10225,1.222539697047954,-0.9408965116170263,5,-0.2790758779446188,2004-02-22,Shipped,1,2,2004,Classic Cars,-0.5902210733320798,S18_1889,"Vida Sport, Ltd",0897-034555,Grenzacherweg 237,Desconocido,Gensve,Desconocido,1203,Switzerland,EMEA,Holz,Michael,Medium
10239,1.119867311590515,-0.48280637990790404,4,-0.08339170891619645,2004-04-12,Shipped,2,4,2004,Classic Cars,-0.5902210733320798,S18_1889,"Oulu Toy Supplies, Inc.",981-443655,Torikatu 38,Desconocido,Oulu,Desconocido,90110,Finland,EMEA,Koskitalo,Pirkko,Medium
10253,-1.2415975539305957,0.013457929443645017,9,-0.8815991419829876,2004-06-01,Cancelled,2,6,2004,Classic Cars,-0.5902210733320798,S18_1889,"UK Collectables, Ltd.",(171) 555-2282,Berkeley Gardens 12  Brewery,Desconocido,Liverpool,Desconocido,WX1 6LT,UK,EMEA,Devon,Elizabeth,Small
10266,-0.21487369935619993,-0.44463220226547756,10,-0.5914179169707545,2004-07-06,Shipped,3,7,2004,Classic Cars,-0.5902210733320798,S18_1889,L'ordine Souveniers,0522-556555,Strada Provinciale 124,Desconocido,Reggio Emilia,Desconocido,42100,Italy,EMEA,Moroni,Maurizio,Small
10278,-0.6255632411859583,0.35702552822548655,10,-0.4990115038184439,2004-08-06,Shipped,3,8,2004,Classic Cars,-0.5902210733320798,S18_1889,Signal Gift Stores,7025551838,8489 Strong St.,Desconocido,Las Vegas,NV,83030,USA,Desconocido,King,Sue,Small
10287,0.9145225406756355,-0.06289042584120876,8,0.03870183244341739,2004-08-30,Shipped,3,8,2004,Classic Cars,-0.5902210733320798,S18_1889,"Vida Sport, Ltd",0897-034555,Grenzacherweg 237,Desconocido,Gensve,Desconocido,1203,Switzerland,EMEA,Holz,Michael,Medium
10300,0.6065053843033164,0.43337388351034034,1,0.12734508849902756,2003-10-04,Shipped,4,10,2003,Classic Cars,-0.5902210733320798,S18_1889,"Blauer See Auto, Co.",+49 69 66 90 2555,Lyonerstr. 34,Desconocido,Frankfurt,Desconocido,60528,Germany,EMEA,Keitel,Roland,Medium
10310,-1.5496147103029148,0.39519970586791303,6,-0.9347014699030937,2004-10-16,Shipped,4,10,2004,Classic Cars,-0.5902210733320798,S18_1889,"Toms Spezialitten, Ltd",0221-5554327,Mehrheimerstr. 369,Desconocido,Koln,Desconocido,50739,Germany,EMEA,Pfalzheim,Henriette,Small
10321,0.19581584247355846,-0.2537613140533428,14,-0.3518302484808271,2004-11-04,Shipped,4,11,2004,Classic Cars,-0.5902210733320798,S18_1889,FunGiftIdeas.com,5085552555,1785 First Street,Desconocido,New Bedford,MA,50553,USA,Desconocido,Benitez,Violeta,Small
10329,-0.6255632411859583,0.8101579745265014,9,-0.3253143810880592,2004-11-15,Shipped,4,11,2004,Classic Cars,-0.5902210733320798,S18_1889,Land of Toys Inc.,2125557818,897 Long Airport Avenue,Desconocido,NYC,NY,10022,USA,Desconocido,Yu,Kwai,Small
10342,2.043918780707471,-0.9027223339745993,1,0.024903589755515758,2004-11-24,Shipped,4,11,2004,Classic Cars,-0.5902210733320798,S18_1889,"Australian Collectors, Co.",03 9520 4555,636 St Kilda Road,Level 3,Melbourne,Victoria,3004,Australia,APAC,Ferguson,Peter,Medium
10363,-1.3442699393880353,0.8101579745265014,7,0.07203265244276423,2005-01-06,Shipped,1,1,2005,Classic Cars,-0.5902210733320798,S18_1889,Suominen Souveniers,+358 9 8045 555,"Software Engineering Center, SEC Oy",Desconocido,Espoo,Desconocido,FIN-02271,Finland,EMEA,Suominen,Kalle,Medium
10377,-0.4202184702710794,-0.7881998010473187,4,-0.789192728830677,2005-02-09,Shipped,1,2,2005,Classic Cars,-0.5902210733320798,S18_1889,"Toys of Finland, Co.",90-224 8555,Keskuskatu 45,Desconocido,Helsinki,Desconocido,21240,Finland,EMEA,Karttunen,Matti,Small
10389,1.4278844679628335,-0.22004905327821306,3,0.17805268008486988,2005-03-03,Shipped,1,3,2005,Classic Cars,-0.5902210733320798,S18_1889,Scandinavian Gift Ideas,0695-34 6555,?kergatan 24,Desconocido,Boras,Desconocido,S-844 67,Sweden,EMEA,Larsson,Maria,Medium
10405,2.659953093452108,-0.48280637990790404,4,0.5187134265558723,2005-04-14,Shipped,2,4,2005,Classic Cars,-0.5902210733320798,S18_1889,Mini Caravy,88.60.1555,"24, place Kluber",Desconocido,Strasbourg,Desconocido,67000,France,EMEA,Citeaux,Frederique,Medium
10419,0.4011606133884374,0.013457929443645017,9,-0.15238292235570441,2005-05-17,Shipped,2,5,2005,Classic Cars,-0.5902210733320798,S18_1889,Salzburg Collectables,6562-9555,Geislweg 14,Desconocido,Salzburg,Desconocido,5020,Austria,EMEA,Pipps,Georg,Medium
10109,0.29848822793099766,0.8101579745265014,3,0.47721552391087246,2003-03-10,Shipped,1,3,2003,Classic Cars,1.0274672543661687,S18_1984,Motor Mint Distributors Inc.,2155559857,11328 Douglas Av.,Desconocido,Philadelphia,PA,71270,USA,Desconocido,Hernandez,Rosa,Medium
10122,-0.4202184702710794,0.8101579745265014,1,0.29708899569348446,2003-05-08,Shipped,2,5,2003,Classic Cars,1.0274672543661687,S18_1984,Marseille Mini Autos,91.24.4555,"12, rue des Bouchers",Desconocido,Marseille,Desconocido,13008,France,EMEA,Lebihan,Laurence,Medium
10136,0.09314345701611873,0.8101579745265014,1,0.9344526867627772,2003-07-04,Shipped,3,7,2003,Classic Cars,1.0274672543661687,S18_1984,Alpha Cognac,61.77.6555,1 rue Alsace-Lorraine,Desconocido,Toulouse,Desconocido,31000,France,EMEA,Roulet,Annette,Medium
10148,-1.0362527830157167,0.8101579745265014,12,0.36823058461682145,2003-09-11,Shipped,3,9,2003,Classic Cars,1.0274672543661687,S18_1984,"Anna's Decorations, Ltd",02 9936 8555,201 Miller Street,Level 15,North Sydney,NSW,2060,Australia,APAC,O'Hara,Anna,Medium
10161,1.3252120825053932,0.8101579745265014,11,1.4072746416313189,2003-10-17,Shipped,4,10,2003,Classic Cars,1.0274672543661687,S18_1984,Heintze Collectables,86 21 3555,Smagsloget 45,Desconocido,Aaarhus,Desconocido,8200,Denmark,EMEA,Ibsen,Palle,Medium
10171,-0.009528928441320991,0.8101579745265014,1,0.6116139916501736,2003-11-05,Shipped,4,11,2003,Classic Cars,1.0274672543661687,S18_1984,Quebec Home Shopping Network,(514) 555-8054,43 rue St. Laurent,Desconocido,Montreal,Quebec,H1J 1C3,Canada,Desconocido,Fresnisre,Jean,Medium
10181,-1.4469423248454751,0.8101579745265014,5,-0.14542678347998544,2003-11-12,Shipped,4,11,2003,Classic Cars,1.0274672543661687,S18_1984,Herkku Gifts,+47 2267 3215,"Drammen 121, PR 744 Sentrum",Desconocido,Bergen,Desconocido,N 5804,Norway,EMEA,Oeztan,Veysel,Medium
10192,1.222539697047954,0.8101579745265014,10,2.1000973852671363,2003-11-20,Shipped,4,11,2003,Classic Cars,1.0274672543661687,S18_1984,Online Diecast Creations Co.,6035558647,2304 Long Airport Avenue,Desconocido,Nashua,NH,62005,USA,Desconocido,Young,Valarie,Large
10204,0.29848822793099766,0.8101579745265014,16,1.5632311666201164,2003-12-02,Shipped,4,12,2003,Classic Cars,1.0274672543661687,S18_1984,Muscle Machine Inc,2125557413,4092 Furth Circle,Suite 400,NYC,NY,10022,USA,Desconocido,Young,Jeff,Medium
10212,0.6065053843033164,0.8101579745265014,9,0.6988616757377435,2004-01-16,Shipped,1,1,2004,Classic Cars,1.0274672543661687,S18_1984,Euro Shopping Channel,(91) 555 94 44,"C/ Moralzarzal, 86",Desconocido,Madrid,Desconocido,28034,Spain,EMEA,Freyre,Diego,Medium
10226,-1.1389251684731565,0.8101579745265014,7,0.183645828439273,2004-02-26,Shipped,1,2,2004,Classic Cars,1.0274672543661687,S18_1984,Collectable Mini Designs Co.,7605558146,361 Furth Circle,Desconocido,San Diego,CA,91217,USA,Desconocido,Thompson,Valarie,Medium
10240,0.19581584247355846,0.8101579745265014,2,1.0710775533615975,2004-04-13,Shipped,2,4,2004,Classic Cars,1.0274672543661687,S18_1984,Osaka Souveniers Co.,+81 06 6342 5555,"Dojima Avanza 4F, 1-6-20 Dojima, Kita-ku",Desconocido,Osaka,Osaka,530-0003,Japan,Japan,Kentary,Mory,Medium
10253,-0.21487369935619993,0.8101579745265014,4,0.4918337330080119,2004-06-01,Cancelled,2,6,2004,Classic Cars,1.0274672543661687,S18_1984,"UK Collectables, Ltd.",(171) 555-2282,Berkeley Gardens 12  Brewery,Desconocido,Liverpool,Desconocido,WX1 6LT,UK,EMEA,Devon,Elizabeth,Medium
10266,1.4278844679628335,0.8101579745265014,5,1.438748319167359,2004-07-06,Shipped,3,7,2004,Classic Cars,1.0274672543661687,S18_1984,L'ordine Souveniers,0522-556555,Strada Provinciale 124,Desconocido,Reggio Emilia,Desconocido,42100,Italy,EMEA,Moroni,Maurizio,Medium
10278,-0.6255632411859583,0.8101579745265014,5,0.10869221024914903,2004-08-06,Shipped,3,8,2004,Classic Cars,1.0274672543661687,S18_1984,Signal Gift Stores,7025551838,8489 Strong St.,Desconocido,Las Vegas,NV,83030,USA,Desconocido,King,Sue,Medium
10287,-1.1389251684731565,0.8101579745265014,3,-0.020314028057217916,2004-08-30,Shipped,3,8,2004,Classic Cars,1.0274672543661687,S18_1984,"Vida Sport, Ltd",0897-034555,Grenzacherweg 237,Desconocido,Gensve,Desconocido,1203,Switzerland,EMEA,Holz,Michael,Medium
10301,1.222539697047954,0.8101579745265014,7,2.13633881450722,2003-10-05,Shipped,4,10,2003,Classic Cars,1.0274672543661687,S18_1984,"Norway Gifts By Mail, Co.",+47 2212 1555,"Drammensveien 126 A, PB 744 Sentrum",Desconocido,Oslo,Desconocido,N 0106,Norway,EMEA,Klaeboe,Jan,Large
10310,-1.1389251684731565,0.8101579745265014,1,-0.05745687732335212,2004-10-16,Shipped,4,10,2004,Classic Cars,1.0274672543661687,S18_1984,"Toms Spezialitten, Ltd",0221-5554327,Mehrheimerstr. 369,Desconocido,Koln,Desconocido,50739,Germany,EMEA,Pfalzheim,Henriette,Medium
10321,-1.0362527830157167,0.8101579745265014,9,0.09780457680198526,2004-11-04,Shipped,4,11,2004,Classic Cars,1.0274672543661687,S18_1984,FunGiftIdeas.com,5085552555,1785 First Street,Desconocido,New Bedford,MA,50553,USA,Desconocido,Benitez,Violeta,Medium
10331,-0.5228908557285186,-2.537766981568415,8,-1.400887670122043,2004-11-17,Shipped,4,11,2004,Classic Cars,1.0274672543661687,S18_1984,Motor Mint Distributors Inc.,2155559857,11328 Douglas Av.,Desconocido,Philadelphia,PA,71270,USA,Desconocido,Hernandez,Rosa,Small
10342,-1.3442699393880353,0.8101579745265014,3,-0.21348942568783993,2004-11-24,Shipped,4,11,2004,Classic Cars,1.0274672543661687,S18_1984,"Australian Collectors, Co.",03 9520 4555,636 St Kilda Road,Level 3,Melbourne,Victoria,3004,Australia,APAC,Ferguson,Peter,Medium
10356,-0.8309080121008378,-0.9404007430762157,2,-0.9813852528184379,2004-12-09,Shipped,4,12,2004,Classic Cars,1.0274672543661687,S18_1984,Lyon Souveniers,+33 1 46 62 7555,27 rue du Colonel Pierre Avia,Desconocido,Paris,Desconocido,75508,France,EMEA,Da Cunha,Daniel,Small
10366,-0.11220131389876072,0.8101579745265014,3,0.3551111220690172,2005-01-10,Shipped,1,1,2005,Classic Cars,1.0274672543661687,S18_1984,Royale Belge,(071) 23 67 2555,"Boulevard Tirou, 255",Desconocido,Charleroi,Desconocido,B-6000,Belgium,EMEA,Cartrain,Pascale,Medium
10377,0.09314345701611873,0.8101579745265014,6,0.4338061763913587,2005-02-09,Shipped,1,2,2005,Classic Cars,1.0274672543661687,S18_1984,"Toys of Finland, Co.",90-224 8555,Keskuskatu 45,Desconocido,Helsinki,Desconocido,21240,Finland,EMEA,Karttunen,Matti,Medium
10390,-0.11220131389876072,-2.013243865390654,15,-1.1350230648486619,2005-03-04,Shipped,1,3,2005,Classic Cars,1.0274672543661687,S18_1984,Mini Gifts Distributors Ltd.,4155551450,5677 Strong St.,Desconocido,San Rafael,CA,97562,USA,Desconocido,Nelson,Valarie,Small
10406,1.3252120825053932,0.8101579745265014,2,1.9632444485412428,2005-04-15,Disputed,2,4,2005,Classic Cars,1.0274672543661687,S18_1984,Danish Wholesale Imports,31 12 3555,Vinb'ltet 34,Desconocido,Kobenhavn,Desconocido,1734,Denmark,EMEA,Petersen,Jytte,Large
10419,-0.11220131389876072,0.8101579745265014,4,0.5652180115142309,2005-05-17,Shipped,2,5,2005,Classic Cars,1.0274672543661687,S18_1984,Salzburg Collectables,6562-9555,Geislweg 14,Desconocido,Salzburg,Desconocido,5020,Austria,EMEA,Pipps,Georg,Medium
10104,-1.1389251684731565,0.8101579745265014,8,-0.05211352006050447,2003-01-31,Shipped,1,1,2003,Classic Cars,1.5501050217763717,S18_2238,Euro Shopping Channel,(91) 555 94 44,"C/ Moralzarzal, 86",Desconocido,Madrid,Desconocido,28034,Spain,EMEA,Freyre,Diego,Medium
10115,1.119867311590515,0.8101579745265014,4,2.078300397408326,2003-04-04,Shipped,2,4,2003,Classic Cars,1.5501050217763717,S18_2238,Classic Legends Inc.,2125558493,5905 Pompton St.,Suite 750,NYC,NY,10022,USA,Desconocido,Hernandez,Maria,Large
10127,1.0171949261330746,0.8101579745265014,10,1.951091568912937,2003-06-03,Shipped,2,6,2003,Classic Cars,1.5501050217763717,S18_2238,Muscle Machine Inc,2125557413,4092 Furth Circle,Suite 400,NYC,NY,10022,USA,Desconocido,Young,Jeff,Large
10141,0.4011606133884374,0.8101579745265014,4,1.2949175226012635,2003-08-01,Shipped,3,8,2003,Classic Cars,1.5501050217763717,S18_2238,Suominen Souveniers,+358 9 8045 555,"Software Engineering Center, SEC Oy",Desconocido,Espoo,Desconocido,FIN-02271,Finland,EMEA,Suominen,Kalle,Medium
10151,0.8118501552181958,0.8101579745265014,2,1.9315481311192502,2003-09-21,Shipped,3,9,2003,Classic Cars,1.5501050217763717,S18_2238,"Oulu Toy Supplies, Inc.",981-443655,Torikatu 38,Desconocido,Oulu,Desconocido,90110,Finland,EMEA,Koskitalo,Pirkko,Large
10165,-0.6255632411859583,0.8101579745265014,11,0.8031657471856827,2003-10-22,Shipped,4,10,2003,Classic Cars,1.5501050217763717,S18_2238,"Dragon Souveniers, Ltd.",+65 221 7555,"Bronz Sok., Bronz Apt. 3/6 Tesvikiye",Desconocido,Singapore,Desconocido,79903,Singapore,Japan,Natividad,Eric,Medium
10176,-1.5496147103029148,0.8101579745265014,10,0.0617477757600071,2003-11-06,Shipped,4,11,2003,Classic Cars,1.5501050217763717,S18_2238,L'ordine Souveniers,0522-556555,Strada Provinciale 124,Desconocido,Reggio Emilia,Desconocido,42100,Italy,EMEA,Moroni,Maurizio,Medium
10184,1.119867311590515,0.8101579745265014,5,2.078300397408326,2003-11-14,Shipped,4,11,2003,Classic Cars,1.5501050217763717,S18_2238,"Iberia Gift Imports, Corp.",(95) 555 82 82,"C/ Romero, 33",Desconocido,Sevilla,Desconocido,41101,Spain,EMEA,Roel,Jose Pedro,Large
10195,-0.8309080121008378,0.8101579745265014,5,0.8548399216910234,2003-11-25,Shipped,4,11,2003,Classic Cars,1.5501050217763717,S18_2238,Mini Classics,9145554562,3758 North Pendale Street,Desconocido,White Plains,NY,24067,USA,Desconocido,Frick,Steve,Medium
10207,0.9145225406756355,0.8101579745265014,6,1.9040330993602586,2003-12-09,Shipped,4,12,2003,Classic Cars,1.5501050217763717,S18_2238,Diecast Collectables,6175552555,6251 Ingle Ln.,Desconocido,Boston,MA,51003,USA,Desconocido,Franco,Valarie,Large
10219,0.8118501552181958,0.8101579745265014,1,2.657967776569332,2004-02-10,Shipped,1,2,2004,Classic Cars,1.5501050217763717,S18_2238,Signal Collectibles Ltd.,4155554312,2793 Furth Circle,Desconocido,Brisbane,CA,94217,USA,Desconocido,Taylor,Sue,Large
10230,1.4278844679628335,0.8101579745265014,8,2.0345055027692367,2004-03-15,Shipped,1,3,2004,Classic Cars,1.5501050217763717,S18_2238,"Blauer See Auto, Co.",+49 69 66 90 2555,Lyonerstr. 34,Desconocido,Frankfurt,Desconocido,60528,Germany,EMEA,Keitel,Roland,Large
10246,0.5038329988458771,0.8101579745265014,4,1.6265260571239257,2004-05-05,Shipped,2,5,2004,Classic Cars,1.5501050217763717,S18_2238,Euro Shopping Channel,(91) 555 94 44,"C/ Moralzarzal, 86",Desconocido,Madrid,Desconocido,28034,Spain,EMEA,Freyre,Diego,Medium
10259,-0.5228908557285186,0.8101579745265014,3,1.164249630511938,2004-06-15,Shipped,2,6,2004,Classic Cars,1.5501050217763717,S18_2238,Handji Gifts& Co,+65 224 1555,Village Close - 106 Linden Road Sandown,2nd Floor,Singapore,Desconocido,69045,Singapore,APAC,Victorino,Wendy,Medium
10271,1.5305568534202727,0.8101579745265014,4,3.0491406259458285,2004-07-20,Shipped,3,7,2004,Classic Cars,1.5501050217763717,S18_2238,Mini Gifts Distributors Ltd.,4155551450,5677 Strong St.,Desconocido,San Rafael,CA,97562,USA,Desconocido,Nelson,Valarie,Large
10282,-1.2415975539305957,0.8101579745265014,13,-0.17119327759808575,2004-08-20,Shipped,3,8,2004,Classic Cars,1.5501050217763717,S18_2238,Mini Gifts Distributors Ltd.,4155551450,5677 Strong St.,Desconocido,San Rafael,CA,97562,USA,Desconocido,Nelson,Valarie,Medium
10292,-0.9335803975582769,0.8101579745265014,7,0.5435947913712852,2004-09-08,Shipped,3,9,2004,Classic Cars,1.5501050217763717,S18_2238,Land of Toys Inc.,2125557818,897 Long Airport Avenue,Desconocido,NYC,NY,10022,USA,Desconocido,Yu,Kwai,Medium
10305,-0.8309080121008378,0.8101579745265014,4,0.2066483298268962,2004-10-13,Shipped,4,10,2004,Classic Cars,1.5501050217763717,S18_2238,Marta's Replicas Co.,6175558555,39323 Spinnaker Dr.,Desconocido,Cambridge,MA,51247,USA,Desconocido,Hernandez,Marta,Medium
10314,0.7091777697607561,0.8101579745265014,13,1.2068009999343692,2004-10-22,Shipped,4,10,2004,Classic Cars,1.5501050217763717,S18_2238,Heintze Collectables,86 21 3555,Smagsloget 45,Desconocido,Aaarhus,Desconocido,8200,Denmark,EMEA,Ibsen,Palle,Medium
10324,1.222539697047954,0.8101579745265014,8,1.983971678899259,2004-11-05,Shipped,4,11,2004,Classic Cars,1.5501050217763717,S18_2238,Vitachrome Inc.,2125551500,2678 Kingston Rd.,Suite 101,NYC,NY,10022,USA,Desconocido,Frick,Michael,Large
10336,1.4278844679628335,0.8101579745265014,6,2.1215142562474916,2004-11-20,Shipped,4,11,2004,Classic Cars,1.5501050217763717,S18_2238,"La Corne D'abondance, Co.",(1) 42.34.2555,"265, boulevard Charonne",Desconocido,Paris,Desconocido,75012,France,EMEA,Bertrand,Marie,Large
10349,0.29848822793099766,0.8101579745265014,8,1.7190247843752897,2004-12-01,Shipped,4,12,2004,Classic Cars,1.5501050217763717,S18_2238,Muscle Machine Inc,2125557413,4092 Furth Circle,Suite 400,NYC,NY,10022,USA,Desconocido,Young,Jeff,Medium
10358,-1.5496147103029148,0.8101579745265014,10,-0.6113849135718619,2004-12-10,Shipped,4,12,2004,Classic Cars,1.5501050217763717,S18_2238,Euro Shopping Channel,(91) 555 94 44,"C/ Moralzarzal, 86",Desconocido,Madrid,Desconocido,28034,Spain,EMEA,Freyre,Diego,Small
10371,-1.0362527830157167,0.8101579745265014,7,-0.5167629620422731,2005-01-23,Shipped,1,1,2005,Classic Cars,1.5501050217763717,S18_2238,Mini Gifts Distributors Ltd.,4155551450,5677 Strong St.,Desconocido,San Rafael,CA,97562,USA,Desconocido,Nelson,Valarie,Small
10382,-1.0362527830157167,0.2152357255536155,5,-0.7351944111256423,2005-02-17,Shipped,1,2,2005,Classic Cars,1.5501050217763717,S18_2238,Mini Gifts Distributors Ltd.,4155551450,5677 Strong St.,Desconocido,San Rafael,CA,97562,USA,Desconocido,Nelson,Valarie,Small
10412,0.6065053843033164,0.8101579745265014,4,1.7154353949944545,2005-05-03,Shipped,2,5,2005,Classic Cars,1.5501050217763717,S18_2238,Euro Shopping Channel,(91) 555 94 44,"C/ Moralzarzal, 86",Desconocido,Madrid,Desconocido,28034,Spain,EMEA,Freyre,Diego,Medium
10425,-0.728235626643398,0.8101579745265014,3,0.9579764912979949,2005-05-31,In Process,2,5,2005,Classic Cars,1.5501050217763717,S18_2238,La Rochelle Gifts,40.67.8555,"67, rue des Cinquante Otages",Desconocido,Nantes,Desconocido,44000,France,EMEA,Labrune,Janine,Medium
10100,1.5305568534202727,-0.7862167268840762,2,-0.08899571775284118,2003-01-06,Shipped,1,1,2003,Vintage Cars,-1.0133087898070063,S18_2248,Online Diecast Creations Co.,6035558647,2304 Long Airport Avenue,Desconocido,Nashua,NH,62005,USA,Desconocido,Young,Valarie,Medium
10110,-0.31754608481363966,-1.6562905160069221,6,-1.0566646854758088,2003-03-18,Shipped,1,3,2003,Vintage Cars,-1.0133087898070063,S18_2248,"AV Stores, Co.",(171) 555-1555,Fauntleroy Circus,Desconocido,Manchester,Desconocido,EC2 5NT,UK,EMEA,Ashworth,Victoria,Small
10124,0.7091777697607561,-1.476326535692624,5,-0.7010056130292123,2003-05-21,Shipped,2,5,2003,Vintage Cars,-1.0133087898070063,S18_2248,Signal Gift Stores,7025551838,8489 Strong St.,Desconocido,Las Vegas,NV,83030,USA,Desconocido,King,Sue,Small
10149,-1.1389251684731565,-1.055914813085118,10,-1.1171358505968132,2003-09-12,Shipped,3,9,2003,Vintage Cars,-1.0133087898070063,S18_2248,Signal Collectibles Ltd.,4155554312,2793 Furth Circle,Desconocido,Brisbane,CA,94217,USA,Desconocido,Taylor,Sue,Small
10162,-0.8309080121008378,-0.6959868524565216,8,-0.9091033132597374,2003-10-18,Shipped,4,10,2003,Vintage Cars,-1.0133087898070063,S18_2248,Corporate Gift Ideas Co.,6505551386,7734 Strong St.,Desconocido,San Francisco,CA,Desconocido,USA,Desconocido,Brown,Julie,Small
10173,-0.9335803975582769,-1.2963625553783262,12,-1.1178852238714807,2003-11-05,Shipped,4,11,2003,Vintage Cars,-1.0133087898070063,S18_2248,Rovelli Gifts,035-640555,Via Ludovico il Moro 22,Desconocido,Bergamo,Desconocido,24100,Italy,EMEA,Rovelli,Giovanni,Small
10182,0.29848822793099766,-1.1159028065232173,9,-0.6680223284615957,2003-11-12,Shipped,4,11,2003,Vintage Cars,-1.0133087898070063,S18_2248,Mini Gifts Distributors Ltd.,4155551450,5677 Strong St.,Desconocido,San Rafael,CA,97562,USA,Desconocido,Nelson,Valarie,Small
10193,0.7091777697607561,-1.2061326809507715,13,-0.5767073937745617,2003-11-21,Shipped,4,11,2003,Vintage Cars,-1.0133087898070063,S18_2248,"Australian Collectables, Ltd",61-9-3844-6555,7 Allen Street,Desconocido,Glen Waverly,Victoria,3150,Australia,APAC,Connery,Sean,Small
10204,-1.2415975539305957,-0.6057569780289673,3,-1.03759367865963,2003-12-02,Shipped,4,12,2003,Vintage Cars,-1.0133087898070063,S18_2248,Muscle Machine Inc,2125557413,4092 Furth Circle,Suite 400,NYC,NY,10022,USA,Desconocido,Young,Jeff,Small
10214,-1.4469423248454751,-1.0261687006364735,6,-1.2118826976721797,2004-01-26,Shipped,1,1,2004,Vintage Cars,-1.0133087898070063,S18_2248,"Corrida Auto Replicas, Ltd",(91) 555 22 82,"C/ Araquil, 67",Desconocido,Madrid,Desconocido,28023,Spain,EMEA,Sommer,Mart¡n,Small
10227,-0.728235626643398,-1.6265444035582777,9,-1.1566897269205734,2004-03-02,Shipped,1,3,2004,Vintage Cars,-1.0133087898070063,S18_2248,"Saveley & Henriot, Co.",78.32.5555,"2, rue du Commerce",Desconocido,Lyon,Desconocido,69004,France,EMEA,Saveley,Mary,Small
10241,-0.21487369935619993,-0.5457689845908679,1,-0.6279743001958443,2004-04-13,Shipped,2,4,2004,Vintage Cars,-1.0133087898070063,S18_2248,Mini Caravy,88.60.1555,"24, place Kluber",Desconocido,Strasbourg,Desconocido,67000,France,EMEA,Citeaux,Frederique,Small
10280,-1.0362527830157167,-1.0261687006364735,15,-1.0751275052864602,2004-08-17,Shipped,3,8,2004,Vintage Cars,-1.0133087898070063,S18_2248,Amica Models & Co.,011-4988555,Via Monte Bianco 34,Desconocido,Torino,Desconocido,10100,Italy,EMEA,Accorti,Paolo,Small
10288,-0.728235626643398,-1.086156694074573,4,-0.9909587679143728,2004-09-01,Shipped,3,9,2004,Vintage Cars,-1.0133087898070063,S18_2248,Handji Gifts& Co,+65 224 1555,Village Close - 106 Linden Road Sandown,2nd Floor,Singapore,Desconocido,69045,Singapore,APAC,Victorino,Wendy,Small
10303,1.119867311590515,-1.7162785094450215,2,-0.7048719447072076,2004-10-06,Shipped,4,10,2004,Vintage Cars,-1.0133087898070063,S18_2248,"Iberia Gift Imports, Corp.",(95) 555 82 82,"C/ Romero, 33",Desconocido,Sevilla,Desconocido,41101,Spain,EMEA,Roel,Jose Pedro,Small
10312,-0.5228908557285186,-1.1159028065232173,16,-0.9336697240901456,2004-10-21,Shipped,4,10,2004,Vintage Cars,-1.0133087898070063,S18_2248,Mini Gifts Distributors Ltd.,4155551450,5677 Strong St.,Desconocido,San Rafael,CA,97562,USA,Desconocido,Nelson,Valarie,Small
10332,0.29848822793099766,0.029322522749588405,9,-0.19135576287954134,2004-11-17,Shipped,4,11,2004,Vintage Cars,-1.0133087898070063,S18_2248,"AV Stores, Co.",(171) 555-1555,Fauntleroy Circus,Desconocido,Manchester,Desconocido,EC2 5NT,UK,EMEA,Ashworth,Victoria,Medium
10344,0.5038329988458771,-1.3261086678269705,2,-0.6937073689628842,2004-11-25,Shipped,4,11,2004,Vintage Cars,-1.0133087898070063,S18_2248,Marseille Mini Autos,91.24.4555,"12, rue des Bouchers",Desconocido,Marseille,Desconocido,13008,France,EMEA,Lebihan,Laurence,Small
10367,1.0171949261330746,0.8101579745265014,4,2.894813173293265,2005-01-12,Resolved,1,1,2005,Vintage Cars,-1.0133087898070063,S18_2248,Toys4GrownUps.com,6265557265,78934 Hillside Dr.,Desconocido,Pasadena,CA,90003,USA,Desconocido,Young,Julie,Large
10379,-0.8309080121008378,-1.7033885273839424,1,-1.2070280621102027,2005-02-10,Shipped,1,2,2005,Vintage Cars,-1.0133087898070063,S18_2248,Euro Shopping Channel,(91) 555 94 44,"C/ Moralzarzal, 86",Desconocido,Madrid,Desconocido,28034,Spain,EMEA,Freyre,Diego,Small
10407,0.7091777697607561,-0.5457689845908679,1,-0.2729179845136544,2005-04-22,On Hold,2,4,2005,Vintage Cars,-1.0133087898070063,S18_2248,The Sharp Gifts Warehouse,4085553659,3086 Ingle Ln.,Desconocido,San Jose,CA,94217,USA,Desconocido,Frick,Sue,Medium
10420,0.09314345701611873,-0.9959268196470183,4,-0.6871259167244992,2005-05-29,In Process,2,5,2005,Vintage Cars,-1.0133087898070063,S18_2248,Souveniers And Things Co.,+61 2 9495 8555,"Monitor Money Building, 815 Pacific Hwy",Level 6,Chatswood,NSW,2067,Australia,APAC,Huxley,Adrian,Small
10104,-0.6255632411859583,0.8101579745265014,12,0.11877073776931636,2003-01-31,Shipped,1,1,2003,Trucks and Buses,0.5297169996897844,S18_2319,Euro Shopping Channel,(91) 555 94 44,"C/ Moralzarzal, 86",Desconocido,Madrid,Desconocido,28034,Spain,EMEA,Freyre,Diego,Medium
10114,0.4011606133884374,0.8101579745265014,3,0.3315330151225911,2003-04-01,Shipped,2,4,2003,Trucks and Buses,0.5297169996897844,S18_2319,"La Corne D'abondance, Co.",(1) 42.34.2555,"265, boulevard Charonne",Desconocido,Paris,Desconocido,75012,France,EMEA,Bertrand,Marie,Medium
10127,1.0171949261330746,0.8101579745265014,14,1.4890052007401764,2003-06-03,Shipped,2,6,2003,Trucks and Buses,0.5297169996897844,S18_2319,Muscle Machine Inc,2125557413,4092 Furth Circle,Suite 400,NYC,NY,10022,USA,Desconocido,Young,Jeff,Medium
10141,1.222539697047954,0.8101579745265014,8,1.48450353085105,2003-08-01,Shipped,3,8,2003,Trucks and Buses,0.5297169996897844,S18_2319,Suominen Souveniers,+358 9 8045 555,"Software Engineering Center, SEC Oy",Desconocido,Espoo,Desconocido,FIN-02271,Finland,EMEA,Suominen,Kalle,Medium
10151,1.4278844679628335,0.8101579745265014,6,1.0092922698893647,2003-09-21,Shipped,3,9,2003,Trucks and Buses,0.5297169996897844,S18_2319,"Oulu Toy Supplies, Inc.",981-443655,Torikatu 38,Desconocido,Oulu,Desconocido,90110,Finland,EMEA,Koskitalo,Pirkko,Medium
10165,1.119867311590515,0.8101579745265014,15,1.3196848523531406,2003-10-22,Shipped,4,10,2003,Trucks and Buses,0.5297169996897844,S18_2319,"Dragon Souveniers, Ltd.",+65 221 7555,"Bronz Sok., Bronz Apt. 3/6 Tesvikiye",Desconocido,Singapore,Desconocido,79903,Singapore,Japan,Natividad,Eric,Medium
10175,1.3252120825053932,0.8101579745265014,4,1.26912930751868,2003-11-06,Shipped,4,11,2003,Trucks and Buses,0.5297169996897844,S18_2319,"Stylish Desk Decors, Co.",(171) 555-0297,35 King George,Desconocido,London,Desconocido,WX3 6FW,UK,EMEA,Brown,Ann,Medium
10184,1.119867311590515,0.8101579745265014,9,1.3196848523531406,2003-11-14,Shipped,4,11,2003,Trucks and Buses,0.5297169996897844,S18_2319,"Iberia Gift Imports, Corp.",(95) 555 82 82,"C/ Romero, 33",Desconocido,Sevilla,Desconocido,41101,Spain,EMEA,Roel,Jose Pedro,Medium
10195,-0.009528928441320991,0.8101579745265014,9,0.029464992296971138,2003-11-25,Shipped,4,11,2003,Trucks and Buses,0.5297169996897844,S18_2319,Mini Classics,9145554562,3758 North Pendale Street,Desconocido,White Plains,NY,24067,USA,Desconocido,Frick,Steve,Medium
10207,0.8118501552181958,0.8101579745265014,10,1.1939204679958793,2003-12-09,Shipped,4,12,2003,Trucks and Buses,0.5297169996897844,S18_2319,Diecast Collectables,6175552555,6251 Ingle Ln.,Desconocido,Boston,MA,51003,USA,Desconocido,Franco,Valarie,Medium
10229,-0.9335803975582769,0.8101579745265014,4,0.11481209199226762,2004-03-11,Shipped,1,3,2004,Trucks and Buses,0.5297169996897844,S18_2319,Mini Gifts Distributors Ltd.,4155551450,5677 Strong St.,Desconocido,San Rafael,CA,97562,USA,Desconocido,Nelson,Valarie,Medium
10246,-1.3442699393880353,0.7199281000989473,8,-0.7569370965732448,2004-05-05,Shipped,2,5,2004,Trucks and Buses,0.5297169996897844,S18_2319,Euro Shopping Channel,(91) 555 94 44,"C/ Moralzarzal, 86",Desconocido,Madrid,Desconocido,28034,Spain,EMEA,Freyre,Diego,Small
10259,-0.11220131389876072,0.7809076306186677,7,-0.09445854032034585,2004-06-15,Shipped,2,6,2004,Trucks and Buses,0.5297169996897844,S18_2319,Handji Gifts& Co,+65 224 1555,Village Close - 106 Linden Road Sandown,2nd Floor,Singapore,Desconocido,69045,Singapore,APAC,Victorino,Wendy,Medium
10271,1.5305568534202727,0.8101579745265014,8,0.8360458571720044,2004-07-20,Shipped,3,7,2004,Trucks and Buses,0.5297169996897844,S18_2319,Mini Gifts Distributors Ltd.,4155551450,5677 Strong St.,Desconocido,San Rafael,CA,97562,USA,Desconocido,Nelson,Valarie,Medium
10281,1.3252120825053932,0.8101579745265014,4,1.205269671938309,2004-08-19,Shipped,3,8,2004,Trucks and Buses,0.5297169996897844,S18_2319,Diecast Classics Inc.,2155551555,7586 Pompton St.,Desconocido,Allentown,PA,70267,USA,Desconocido,Yu,Kyung,Medium
10292,0.6065053843033164,0.8101579745265014,11,0.5294327225282914,2004-09-08,Shipped,3,9,2004,Trucks and Buses,0.5297169996897844,S18_2319,Land of Toys Inc.,2125557818,897 Long Airport Avenue,Desconocido,NYC,NY,10022,USA,Desconocido,Yu,Kwai,Medium
10305,0.09314345701611873,0.8101579745265014,8,0.6854001079993303,2004-10-13,Shipped,4,10,2004,Trucks and Buses,0.5297169996897844,S18_2319,Marta's Replicas Co.,6175558555,39323 Spinnaker Dr.,Desconocido,Cambridge,MA,51247,USA,Desconocido,Hernandez,Marta,Medium
10313,-0.6255632411859583,0.8101579745265014,2,-0.07445353203139266,2004-10-22,Shipped,4,10,2004,Trucks and Buses,0.5297169996897844,S18_2319,Canadian Gift Exchange Network,(604) 555-3392,1900 Oak St.,Desconocido,Vancouver,BC,V3F 2K1,Canada,Desconocido,Tannamuri,Yoshi,Medium
10324,-0.21487369935619993,-2.2893869426222353,10,-1.2582135149146734,2004-11-05,Shipped,4,11,2004,Trucks and Buses,0.5297169996897844,S18_2319,Vitachrome Inc.,2125551500,2678 Kingston Rd.,Suite 101,NYC,NY,10022,USA,Desconocido,Frick,Michael,Small
10334,1.119867311590515,0.8101579745265014,6,1.227761730660579,2004-11-19,On Hold,4,11,2004,Trucks and Buses,0.5297169996897844,S18_2319,"Volvo Model Replicas, Co",0921-12 3555,Berguvsvgen  8,Desconocido,Lule,Desconocido,S-958 22,Sweden,EMEA,Berglund,Christina,Medium
10349,0.29848822793099766,0.8101579745265014,7,0.9066281312599008,2004-12-01,Shipped,4,12,2004,Trucks and Buses,0.5297169996897844,S18_2319,Muscle Machine Inc,2125557413,4092 Furth Circle,Suite 400,NYC,NY,10022,USA,Desconocido,Young,Jeff,Medium
10358,-1.5496147103029148,-2.3419384079481733,11,-1.5343086944596036,2004-12-10,Shipped,4,12,2004,Trucks and Buses,0.5297169996897844,S18_2319,Euro Shopping Channel,(91) 555 94 44,"C/ Moralzarzal, 86",Desconocido,Madrid,Desconocido,28034,Spain,EMEA,Freyre,Diego,Small
10370,-1.3442699393880353,0.8101579745265014,5,0.21455476089875186,2005-01-20,Shipped,1,1,2005,Trucks and Buses,0.5297169996897844,S18_2319,"Anna's Decorations, Ltd",02 9936 8555,201 Miller Street,Level 15,North Sydney,NSW,2060,Australia,APAC,O'Hara,Anna,Medium
10383,-0.8309080121008378,0.8101579745265014,11,0.1575317988894426,2005-02-22,Shipped,1,2,2005,Trucks and Buses,0.5297169996897844,S18_2319,Euro Shopping Channel,(91) 555 94 44,"C/ Moralzarzal, 86",Desconocido,Madrid,Desconocido,28034,Spain,EMEA,Freyre,Diego,Medium
10412,2.14659116616491,0.7199281000989473,8,1.0557425524365154,2005-05-03,Shipped,2,5,2005,Trucks and Buses,0.5297169996897844,S18_2319,Euro Shopping Channel,(91) 555 94 44,"C/ Moralzarzal, 86",Desconocido,Madrid,Desconocido,28034,Spain,EMEA,Freyre,Diego,Medium
10425,0.29848822793099766,0.7809076306186677,7,0.12146956760634393,2005-05-31,In Process,2,5,2005,Trucks and Buses,0.5297169996897844,S18_2319,La Rochelle Gifts,40.67.8555,"67, rue des Cinquante Otages",Desconocido,Nantes,Desconocido,44000,France,EMEA,Labrune,Janine,Medium
10101,-1.0362527830157167,0.8101579745265014,4,0.12386973418172864,2003-01-09,Shipped,1,1,2003,Vintage Cars,0.6541545633588806,S18_2325,"Blauer See Auto, Co.",+49 69 66 90 2555,Lyonerstr. 34,Desconocido,Frankfurt,Desconocido,60528,Germany,EMEA,Keitel,Roland,Medium
10110,-0.21487369935619993,0.8101579745265014,4,0.1660518472079463,2003-03-18,Shipped,1,3,2003,Vintage Cars,0.6541545633588806,S18_2325,"AV Stores, Co.",(171) 555-1555,Fauntleroy Circus,Desconocido,Manchester,Desconocido,EC2 5NT,UK,EMEA,Ashworth,Victoria,Medium
10124,0.7091777697607561,0.8101579745265014,3,0.4767485231744858,2003-05-21,Shipped,2,5,2003,Vintage Cars,0.6541545633588806,S18_2325,Signal Gift Stores,7025551838,8489 Strong St.,Desconocido,Las Vegas,NV,83030,USA,Desconocido,King,Sue,Medium
10149,-0.21487369935619993,0.8101579745265014,8,0.7583010950457993,2003-09-12,Shipped,3,9,2003,Vintage Cars,0.6541545633588806,S18_2325,Signal Collectibles Ltd.,4155554312,2793 Furth Circle,Desconocido,Brisbane,CA,94217,USA,Desconocido,Taylor,Sue,Medium
10162,0.29848822793099766,0.8101579745265014,6,0.40499331700450075,2003-10-18,Shipped,4,10,2003,Vintage Cars,0.6541545633588806,S18_2325,Corporate Gift Ideas Co.,6505551386,7734 Strong St.,Desconocido,San Francisco,CA,Desconocido,USA,Desconocido,Brown,Julie,Medium
10173,-0.4202184702710794,0.8101579745265014,10,0.5098675637701219,2003-11-05,Shipped,4,11,2003,Vintage Cars,0.6541545633588806,S18_2325,Rovelli Gifts,035-640555,Via Ludovico il Moro 22,Desconocido,Bergamo,Desconocido,24100,Italy,EMEA,Rovelli,Giovanni,Medium
10182,-1.5496147103029148,0.8101579745265014,7,-0.7286781217807066,2003-11-12,Shipped,4,11,2003,Vintage Cars,0.6541545633588806,S18_2325,Mini Gifts Distributors Ltd.,4155551450,5677 Strong St.,Desconocido,San Rafael,CA,97562,USA,Desconocido,Nelson,Valarie,Small
10193,0.9145225406756355,0.8101579745265014,11,0.5913483317874235,2003-11-21,Shipped,4,11,2003,Vintage Cars,0.6541545633588806,S18_2325,"Australian Collectables, Ltd",61-9-3844-6555,7 Allen Street,Desconocido,Glen Waverly,Victoria,3150,Australia,APAC,Connery,Sean,Medium
10204,-0.9335803975582769,0.8101579745265014,1,-0.1887383866593252,2003-12-02,Shipped,4,12,2003,Vintage Cars,0.6541545633588806,S18_2325,Muscle Machine Inc,2125557413,4092 Furth Circle,Suite 400,NYC,NY,10022,USA,Desconocido,Young,Jeff,Medium
10214,-0.8309080121008378,0.8101579745265014,4,0.02733633777762513,2004-01-26,Shipped,1,1,2004,Vintage Cars,0.6541545633588806,S18_2325,"Corrida Auto Replicas, Ltd",(91) 555 22 82,"C/ Araquil, 67",Desconocido,Madrid,Desconocido,28023,Spain,EMEA,Sommer,Mart¡n,Medium
10227,1.119867311590515,0.8101579745265014,7,1.8809654350791865,2004-03-02,Shipped,1,3,2004,Vintage Cars,0.6541545633588806,S18_2325,"Saveley & Henriot, Co.",78.32.5555,"2, rue du Commerce",Desconocido,Lyon,Desconocido,69004,France,EMEA,Saveley,Mary,Large
10243,1.222539697047954,0.8101579745265014,2,1.4120206723708808,2004-04-26,Shipped,2,4,2004,Vintage Cars,0.6541545633588806,S18_2325,Diecast Collectables,6175552555,6251 Ingle Ln.,Desconocido,Boston,MA,51003,USA,Desconocido,Franco,Valarie,Medium
10280,0.19581584247355846,0.8101579745265014,13,0.6499514939628797,2004-08-17,Shipped,3,8,2004,Vintage Cars,0.6541545633588806,S18_2325,Amica Models & Co.,011-4988555,Via Monte Bianco 34,Desconocido,Torino,Desconocido,10100,Italy,EMEA,Accorti,Paolo,Medium
10288,-0.4202184702710794,0.8101579745265014,2,0.1460902808479596,2004-09-01,Shipped,3,9,2004,Vintage Cars,0.6541545633588806,S18_2325,Handji Gifts& Co,+65 224 1555,Village Close - 106 Linden Road Sandown,2nd Floor,Singapore,Desconocido,69045,Singapore,APAC,Victorino,Wendy,Medium
10304,-1.1389251684731565,0.8101579745265014,17,-0.6044342049372636,2004-10-11,Shipped,4,10,2004,Vintage Cars,0.6541545633588806,S18_2325,Auto Assoc. & Cie.,30.59.8555,"67, avenue de l'Europe",Desconocido,Versailles,Desconocido,78000,France,EMEA,Tonini,Daniel,Small
10312,-0.4202184702710794,0.8101579745265014,14,0.6383090569999275,2004-10-21,Shipped,4,10,2004,Vintage Cars,0.6541545633588806,S18_2325,Mini Gifts Distributors Ltd.,4155551450,5677 Strong St.,Desconocido,San Rafael,CA,97562,USA,Desconocido,Nelson,Valarie,Medium
10322,1.5305568534202727,0.8101579745265014,6,4.87777432336844,2004-11-04,Shipped,4,11,2004,Vintage Cars,0.6541545633588806,S18_2325,Online Diecast Creations Co.,6035558647,2304 Long Airport Avenue,Desconocido,Nashua,NH,62005,USA,Desconocido,Young,Valarie,Large
10332,-0.009528928441320991,-0.9404007430762157,8,-0.7003594143358396,2004-11-17,Shipped,4,11,2004,Vintage Cars,0.6541545633588806,S18_2325,"AV Stores, Co.",(171) 555-1555,Fauntleroy Circus,Desconocido,Manchester,Desconocido,EC2 5NT,UK,EMEA,Ashworth,Victoria,Small
10344,-0.5228908557285186,0.8101579745265014,3,0.20325985936752983,2004-11-25,Shipped,4,11,2004,Vintage Cars,0.6541545633588806,S18_2325,Marseille Mini Autos,91.24.4555,"12, rue des Bouchers",Desconocido,Marseille,Desconocido,13008,France,EMEA,Lebihan,Laurence,Medium
10356,-0.6255632411859583,0.8101579745265014,3,0.041449534450531955,2004-12-09,Shipped,4,12,2004,Vintage Cars,0.6541545633588806,S18_2325,Lyon Souveniers,+33 1 46 62 7555,27 rue du Colonel Pierre Avia,Desconocido,Paris,Desconocido,75508,France,EMEA,Da Cunha,Daniel,Medium
10367,-0.8309080121008378,0.8101579745265014,5,0.3487197282698591,2005-01-12,Resolved,1,1,2005,Vintage Cars,0.6541545633588806,S18_2325,Toys4GrownUps.com,6265557265,78934 Hillside Dr.,Desconocido,Pasadena,CA,90003,USA,Desconocido,Young,Julie,Medium
10380,0.5038329988458771,0.8101579745265014,10,0.748130253426579,2005-02-16,Shipped,1,2,2005,Vintage Cars,0.6541545633588806,S18_2325,Euro Shopping Channel,(91) 555 94 44,"C/ Moralzarzal, 86",Desconocido,Madrid,Desconocido,28034,Spain,EMEA,Freyre,Diego,Medium
10390,-0.4202184702710794,0.7600853519046166,16,-0.26347479520461836,2005-03-04,Shipped,1,3,2005,Vintage Cars,0.6541545633588806,S18_2325,Mini Gifts Distributors Ltd.,4155551450,5677 Strong St.,Desconocido,San Rafael,CA,97562,USA,Desconocido,Nelson,Valarie,Medium
10409,-2.987028106707069,0.8101579745265014,2,-1.5032259942842596,2005-04-23,Shipped,2,4,2005,Vintage Cars,0.6541545633588806,S18_2325,Handji Gifts& Co,+65 224 1555,Village Close - 106 Linden Road Sandown,2nd Floor,Singapore,Desconocido,69045,Singapore,APAC,Victorino,Wendy,Small
10420,1.0171949261330746,0.8101579745265014,2,0.7727835481149193,2005-05-29,In Process,2,5,2005,Vintage Cars,0.6541545633588806,S18_2325,Souveniers And Things Co.,+61 2 9495 8555,"Monitor Money Building, 815 Pacific Hwy",Level 6,Chatswood,NSW,2067,Australia,APAC,Huxley,Adrian,Medium
10103,-1.3442699393880353,-1.4659153963355986,2,-1.2836596248066476,2003-01-29,Shipped,1,1,2003,Trucks and Buses,-1.0133087898070063,S18_2432,Baane Mini Imports,07-98 9555,Erling Skakkes gate 78,Desconocido,Stavern,Desconocido,4110,Norway,EMEA,Bergulfsen,Jonas,Small
10114,1.0171949261330746,-0.743084863833542,6,-0.2518214977594247,2003-04-01,Shipped,2,4,2003,Trucks and Buses,-1.0133087898070063,S18_2432,"La Corne D'abondance, Co.",(1) 42.34.2555,"265, boulevard Charonne",Desconocido,Paris,Desconocido,75012,France,EMEA,Bertrand,Marie,Medium
10126,0.8118501552181958,-0.9240403812294619,2,-0.4116280637028547,2003-05-28,Shipped,2,5,2003,Trucks and Buses,-1.0133087898070063,S18_2432,"Corrida Auto Replicas, Ltd",(91) 555 22 82,"C/ Araquil, 67",Desconocido,Madrid,Desconocido,28023,Spain,EMEA,Sommer,Mart¡n,Small
10140,1.119867311590515,-1.0742582490951151,2,-0.3813924811423527,2003-07-24,Shipped,3,7,2003,Trucks and Buses,-1.0133087898070063,S18_2432,Technics Stores Inc.,6505556809,9408 Furth Circle,Desconocido,Burlingame,CA,94217,USA,Desconocido,Hirano,Juri,Small
10151,0.4011606133884374,-0.7128429828440869,9,-0.4626397487914606,2003-09-21,Shipped,3,9,2003,Trucks and Buses,-1.0133087898070063,S18_2432,"Oulu Toy Supplies, Inc.",981-443655,Torikatu 38,Desconocido,Oulu,Desconocido,90110,Finland,EMEA,Koskitalo,Pirkko,Small
10165,-0.4202184702710794,-0.6226131084165326,18,-0.7329680122661226,2003-10-22,Shipped,4,10,2003,Trucks and Buses,-1.0133087898070063,S18_2432,"Dragon Souveniers, Ltd.",+65 221 7555,"Bronz Sok., Bronz Apt. 3/6 Tesvikiye",Desconocido,Singapore,Desconocido,79903,Singapore,Japan,Natividad,Eric,Small
10175,0.6065053843033164,-0.7128429828440869,7,-0.38739832782193495,2003-11-06,Shipped,4,11,2003,Trucks and Buses,-1.0133087898070063,S18_2432,"Stylish Desk Decors, Co.",(171) 555-0297,35 King George,Desconocido,London,Desconocido,WX3 6FW,UK,EMEA,Brown,Ann,Small
10184,0.9145225406756355,-1.1649838920634807,12,-0.49244091206230034,2003-11-14,Shipped,4,11,2003,Trucks and Buses,-1.0133087898070063,S18_2432,"Iberia Gift Imports, Corp.",(95) 555 82 82,"C/ Romero, 33",Desconocido,Sevilla,Desconocido,41101,Spain,EMEA,Roel,Jose Pedro,Small
10194,1.0171949261330746,-0.6528549894059877,2,-0.20734782298023768,2003-11-25,Shipped,4,11,2003,Trucks and Buses,-1.0133087898070063,S18_2432,"Saveley & Henriot, Co.",78.32.5555,"2, rue du Commerce",Desconocido,Lyon,Desconocido,69004,France,EMEA,Saveley,Mary,Medium
10207,0.19581584247355846,-0.6826011018546316,13,-0.525625115551386,2003-12-09,Shipped,4,12,2003,Trucks and Buses,-1.0133087898070063,S18_2432,Diecast Collectables,6175552555,6251 Ingle Ln.,Desconocido,Boston,MA,51003,USA,Desconocido,Franco,Valarie,Small
10217,-0.009528928441320991,-1.1045001300845703,2,-0.763268757720074,2004-02-04,Shipped,1,2,2004,Trucks and Buses,-1.0133087898070063,S18_2432,Handji Gifts& Co,+65 224 1555,Village Close - 106 Linden Road Sandown,2nd Floor,Singapore,Desconocido,69045,Singapore,APAC,Victorino,Wendy,Small
10229,-0.728235626643398,-1.1952257730529354,7,-1.0244090532183765,2004-03-11,Shipped,1,3,2004,Trucks and Buses,-1.0133087898070063,S18_2432,Mini Gifts Distributors Ltd.,4155551450,5677 Strong St.,Desconocido,San Rafael,CA,97562,USA,Desconocido,Nelson,Valarie,Small
10246,-0.5228908557285186,-1.0742582490951151,11,-0.9199855164657802,2004-05-05,Shipped,2,5,2004,Trucks and Buses,-1.0133087898070063,S18_2432,Euro Shopping Channel,(91) 555 94 44,"C/ Moralzarzal, 86",Desconocido,Madrid,Desconocido,28034,Spain,EMEA,Freyre,Diego,Small
10259,-0.5228908557285186,-1.7073546757104283,10,-1.128018053802856,2004-06-15,Shipped,2,6,2004,Trucks and Buses,-1.0133087898070063,S18_2432,Handji Gifts& Co,+65 224 1555,Village Close - 106 Linden Road Sandown,2nd Floor,Singapore,Desconocido,69045,Singapore,APAC,Victorino,Wendy,Small
10271,-1.0362527830157167,-0.7128429828440869,11,-0.9893296955781388,2004-07-20,Shipped,3,7,2004,Trucks and Buses,-1.0133087898070063,S18_2432,Mini Gifts Distributors Ltd.,4155551450,5677 Strong St.,Desconocido,San Rafael,CA,97562,USA,Desconocido,Nelson,Valarie,Small
10281,-0.6255632411859583,-1.2854556474804901,7,-1.0207327799796087,2004-08-19,Shipped,3,8,2004,Trucks and Buses,-1.0133087898070063,S18_2432,Diecast Classics Inc.,2155551555,7586 Pompton St.,Desconocido,Allentown,PA,70267,USA,Desconocido,Yu,Kyung,Small
10291,-0.9335803975582769,-1.2854556474804901,2,-1.1147791259503947,2004-09-08,Shipped,3,9,2004,Trucks and Buses,-1.0133087898070063,S18_2432,Scandinavian Gift Ideas,0695-34 6555,?kergatan 24,Desconocido,Boras,Desconocido,S-844 67,Sweden,EMEA,Larsson,Maria,Small
10305,0.6065053843033164,-1.4961572773250538,11,-0.7391693476260532,2004-10-13,Shipped,4,10,2004,Trucks and Buses,-1.0133087898070063,S18_2432,Marta's Replicas Co.,6175558555,39323 Spinnaker Dr.,Desconocido,Cambridge,MA,51247,USA,Desconocido,Hernandez,Marta,Small
10313,-0.11220131389876072,-1.526399158314509,5,-0.9537181743080646,2004-10-22,Shipped,4,10,2004,Trucks and Buses,-1.0133087898070063,S18_2432,Canadian Gift Exchange Network,(604) 555-3392,1900 Oak St.,Desconocido,Vancouver,BC,V3F 2K1,Canada,Desconocido,Tannamuri,Yoshi,Small
10322,-0.009528928441320991,-1.112928195278353,11,-0.7664997511869381,2004-11-04,Shipped,4,11,2004,Trucks and Buses,-1.0133087898070063,S18_2432,Online Diecast Creations Co.,6035558647,2304 Long Airport Avenue,Desconocido,Nashua,NH,62005,USA,Desconocido,Young,Valarie,Small
10334,-0.11220131389876072,-1.1045001300845703,1,-0.7965995777194208,2004-11-19,On Hold,4,11,2004,Trucks and Buses,-1.0133087898070063,S18_2432,"Volvo Model Replicas, Co",0921-12 3555,Berguvsvgen  8,Desconocido,Lule,Desconocido,S-958 22,Sweden,EMEA,Berglund,Christina,Small
10347,1.5305568534202727,0.8101579745265014,8,1.7814508362997747,2004-11-29,Shipped,4,11,2004,Trucks and Buses,-1.0133087898070063,S18_2432,"Australian Collectors, Co.",03 9520 4555,636 St Kilda Road,Level 3,Melbourne,Victoria,3004,Australia,APAC,Ferguson,Peter,Medium
10357,0.6065053843033164,-1.0742582490951151,7,-0.5497028046809237,2004-12-10,Shipped,4,12,2004,Trucks and Buses,-1.0133087898070063,S18_2432,Mini Gifts Distributors Ltd.,4155551450,5677 Strong St.,Desconocido,San Rafael,CA,97562,USA,Desconocido,Nelson,Valarie,Small
10370,-1.3442699393880353,0.65448665271193,7,-0.7727065167879894,2005-01-20,Shipped,1,1,2005,Trucks and Buses,-1.0133087898070063,S18_2432,"Anna's Decorations, Ltd",02 9936 8555,201 Miller Street,Level 15,North Sydney,NSW,2060,Australia,APAC,O'Hara,Anna,Small
10381,-0.009528928441320991,-1.7371007881590725,7,-1.0057833261741016,2005-02-17,Shipped,1,2,2005,Trucks and Buses,-1.0133087898070063,S18_2432,Corporate Gift Ideas Co.,6505551386,7734 Strong St.,Desconocido,San Francisco,CA,Desconocido,USA,Desconocido,Brown,Julie,Small
10391,0.9145225406756355,-2.2388185514595396,5,-1.0099646118371022,2005-03-09,Shipped,1,3,2005,Trucks and Buses,-1.0133087898070063,S18_2432,"Anna's Decorations, Ltd",02 9936 8555,201 Miller Street,Level 15,North Sydney,NSW,2060,Australia,APAC,O'Hara,Anna,Small
10412,1.222539697047954,-1.0742582490951151,11,-0.3477304164346383,2005-05-03,Shipped,2,5,2005,Trucks and Buses,-1.0133087898070063,S18_2432,Euro Shopping Channel,(91) 555 94 44,"C/ Moralzarzal, 86",Desconocido,Madrid,Desconocido,28034,Spain,EMEA,Freyre,Diego,Small
10425,-1.6522870957603546,-1.7073546757104283,10,-1.4220221685641181,2005-05-31,In Process,2,5,2005,Trucks and Buses,-1.0133087898070063,S18_2432,La Rochelle Gifts,40.67.8555,"67, rue des Cinquante Otages",Desconocido,Nantes,Desconocido,44000,France,EMEA,Labrune,Janine,Small
10106,-0.11220131389876072,0.3337244068073816,2,-0.2609931750124218,2003-02-17,Shipped,1,2,2003,Planes,-0.41600848419534536,S18_2581,Rovelli Gifts,035-640555,Via Ludovico il Moro 22,Desconocido,Bergamo,Desconocido,24100,Italy,EMEA,Rovelli,Giovanni,Medium
10120,-0.6255632411859583,-0.5874135420189701,8,-0.7990051745359263,2003-04-29,Shipped,2,4,2003,Planes,-0.41600848419534536,S18_2581,"Australian Collectors, Co.",03 9520 4555,636 St Kilda Road,Level 3,Melbourne,Victoria,3004,Australia,APAC,Ferguson,Peter,Small
10133,1.4278844679628335,-0.7133387513848978,3,-0.08669872575875137,2003-06-27,Shipped,2,6,2003,Planes,-0.41600848419534536,S18_2581,Euro Shopping Channel,(91) 555 94 44,"C/ Moralzarzal, 86",Desconocido,Madrid,Desconocido,28034,Spain,EMEA,Freyre,Diego,Medium
10145,-0.5228908557285186,0.08236975661633722,14,-0.5399229404223992,2003-08-25,Shipped,3,8,2003,Planes,-0.41600848419534536,S18_2581,Toys4GrownUps.com,6265557265,78934 Hillside Dr.,Desconocido,Pasadena,CA,90003,USA,Desconocido,Young,Julie,Small
10168,-1.4469423248454751,-0.6295538679878833,9,-1.1206546468430783,2003-10-28,Shipped,4,10,2003,Planes,-0.41600848419534536,S18_2581,Technics Stores Inc.,6505556809,9408 Furth Circle,Desconocido,Burlingame,CA,94217,USA,Desconocido,Hirano,Juri,Small
10210,1.5305568534202727,-0.3360588918279261,7,0.1575372291305635,2004-01-12,Shipped,1,1,2004,Planes,-0.41600848419534536,S18_2581,Osaka Souveniers Co.,+81 06 6342 5555,"Dojima Avanza 4F, 1-6-20 Dojima, Kita-ku",Desconocido,Osaka,Osaka,530-0003,Japan,Japan,Kentary,Mory,Medium
10223,1.222539697047954,0.8101579745265014,9,0.6358925997011804,2004-02-20,Shipped,1,2,2004,Planes,-0.41600848419534536,S18_2581,"Australian Collectors, Co.",03 9520 4555,636 St Kilda Road,Level 3,Melbourne,Victoria,3004,Australia,APAC,Ferguson,Peter,Medium
10235,-1.1389251684731565,-0.37819921779683846,3,-0.9389804999062681,2004-04-02,Shipped,2,4,2004,Planes,-0.41600848419534536,S18_2581,"Royal Canadian Collectables, Ltd.",(604) 555-4555,23 Tsawassen Blvd.,Desconocido,Tsawassen,BC,T2F 8M4,Canada,Desconocido,Lincoln,Elizabeth,Small
10250,-0.8309080121008378,0.7526488237924559,4,-0.4806898702769329,2004-05-11,Shipped,2,5,2004,Planes,-0.41600848419534536,S18_2581,The Sharp Gifts Warehouse,4085553659,3086 Ingle Ln.,Desconocido,San Jose,CA,94217,USA,Desconocido,Frick,Sue,Small
10263,-0.21487369935619993,0.12451008258525034,10,-0.38569866235113087,2004-06-28,Shipped,2,6,2004,Planes,-0.41600848419534536,S18_2581,Gift Depot Inc.,2035552570,25593 South Bay Ln.,Desconocido,Bridgewater,CT,97562,USA,Desconocido,King,Julie,Small
10275,-0.009528928441320991,0.3337244068073816,9,-0.21190922552169286,2004-07-23,Shipped,3,7,2004,Planes,-0.41600848419534536,S18_2581,La Rochelle Gifts,40.67.8555,"67, rue des Cinquante Otages",Desconocido,Nantes,Desconocido,44000,France,EMEA,Labrune,Janine,Medium
10284,-0.4202184702710794,-0.5874135420189701,1,-0.721016051559286,2004-08-21,Shipped,3,8,2004,Planes,-0.41600848419534536,S18_2581,"Norway Gifts By Mail, Co.",+47 2212 1555,"Drammensveien 126 A, PB 744 Sentrum",Desconocido,Oslo,Desconocido,N 0106,Norway,EMEA,Klaeboe,Jan,Small
10297,-1.0362527830157167,-0.04305968420877871,4,-0.8059233017237998,2004-09-16,Shipped,3,9,2004,Planes,-0.41600848419534536,S18_2581,"Clover Collections, Co.",+353 1862 1555,25 Maiden Lane,Floor No. 4,Dublin,Desconocido,2,Ireland,EMEA,Cassidy,Dean,Small
10308,-0.8309080121008378,-0.04305968420877871,7,-0.7160093692459272,2004-10-15,Shipped,4,10,2004,Planes,-0.41600848419534536,S18_2581,Mini Classics,9145554562,3758 North Pendale Street,Desconocido,White Plains,NY,24067,USA,Desconocido,Frick,Steve,Small
10318,-0.4202184702710794,0.8101579745265014,9,-0.23755082409401546,2004-11-02,Shipped,4,11,2004,Planes,-0.41600848419534536,S18_2581,Diecast Classics Inc.,2155551555,7586 Pompton St.,Desconocido,Allentown,PA,70267,USA,Desconocido,Yu,Kyung,Medium
10327,1.0171949261330746,0.8101579745265014,8,0.666730939026089,2004-11-10,Resolved,4,11,2004,Planes,-0.41600848419534536,S18_2581,Danish Wholesale Imports,31 12 3555,Vinb'ltet 34,Desconocido,Kobenhavn,Desconocido,1734,Denmark,EMEA,Petersen,Jytte,Medium
10339,-0.8309080121008378,0.8101579745265014,2,-0.40356958587961755,2004-11-23,Shipped,4,11,2004,Planes,-0.41600848419534536,S18_2581,"Tokyo Collectables, Ltd",+81 3 3584 0555,2-2-8 Roppongi,Desconocido,Minato-ku,Tokyo,106-0032,Japan,Japan,Shimamura,Akiko,Small
10353,-0.8309080121008378,0.8101579745265014,1,-0.020753877588000836,2004-12-04,Shipped,4,12,2004,Planes,-0.41600848419534536,S18_2581,Gift Ideas Corp.,2035554407,2440 Pompton St.,Desconocido,Glendale,CT,97561,USA,Desconocido,Lewis,Dan,Medium
10374,0.7091777697607561,-0.7133387513848978,2,-0.3500056874642451,2005-02-02,Shipped,1,2,2005,Planes,-0.41600848419534536,S18_2581,"Australian Gift Network, Co",61-7-3844-6555,31 Duncan St. West End,Desconocido,South Brisbane,Queensland,4101,Australia,APAC,Calaghan,Tony,Small
10386,-1.4469423248454751,-0.4406660539389917,18,-1.077207287635719,2005-03-01,Resolved,1,3,2005,Planes,-0.41600848419534536,S18_2581,Euro Shopping Channel,(91) 555 94 44,"C/ Moralzarzal, 86",Desconocido,Madrid,Desconocido,28034,Spain,EMEA,Freyre,Diego,Small
10398,-0.11220131389876072,-0.3360588918279261,15,-0.5104258706543232,2005-03-30,Shipped,1,3,2005,Planes,-0.41600848419534536,S18_2581,Reims Collectables,26.47.1555,59 rue de l'Abbaye,Desconocido,Reims,Desconocido,51100,France,EMEA,Henriot,Paul,Small
10401,0.7091777697607561,-0.37819921779683846,3,-0.19583028156306376,2005-04-03,On Hold,2,4,2005,Planes,-0.41600848419534536,S18_2581,Tekni Collectables Inc.,2015559350,7476 Moss Rd.,Desconocido,Newark,NJ,94019,USA,Desconocido,Brown,William,Medium
10416,-2.062976637590112,0.7526488237924559,4,-1.1247599091303881,2005-05-10,Shipped,2,5,2005,Planes,-0.41600848419534536,S18_2581,L'ordine Souveniers,0522-556555,Strada Provinciale 124,Desconocido,Reggio Emilia,Desconocido,42100,Italy,EMEA,Moroni,Maurizio,Small
10107,-0.6255632411859583,-0.6340157848551792,6,-0.813808011831172,2003-02-24,Shipped,1,2,2003,Motorcycles,-1.0133087898070063,S18_2625,Land of Toys Inc.,2125557818,897 Long Airport Avenue,Desconocido,NYC,NY,10022,USA,Desconocido,Yu,Kwai,Small
10120,1.119867311590515,-1.264633368766439,4,-0.47731226029980756,2003-04-29,Shipped,2,4,2003,Motorcycles,-1.0133087898070063,S18_2625,"Australian Collectors, Co.",03 9520 4555,636 St Kilda Road,Level 3,Melbourne,Victoria,3004,Australia,APAC,Ferguson,Peter,Small
10134,-0.5228908557285186,-1.0846693884521406,6,-0.9234065683718714,2003-07-01,Shipped,3,7,2003,Motorcycles,-1.0133087898070063,S18_2625,Lyon Souveniers,+33 1 46 62 7555,27 rue du Colonel Pierre Avia,Desconocido,Paris,Desconocido,75508,France,EMEA,Da Cunha,Daniel,Small
10145,-0.5228908557285186,-1.6850450913739448,10,-1.1206872282898033,2003-08-25,Shipped,3,8,2003,Motorcycles,-1.0133087898070063,S18_2625,Toys4GrownUps.com,6265557265,78934 Hillside Dr.,Desconocido,Pasadena,CA,90003,USA,Desconocido,Young,Julie,Small
10159,0.7091777697607561,-1.5953109854872014,18,-0.7557424435266734,2003-10-10,Shipped,4,10,2003,Motorcycles,-1.0133087898070063,S18_2625,Corporate Gift Ideas Co.,6505551386,7734 Strong St.,Desconocido,San Francisco,CA,Desconocido,USA,Desconocido,Brown,Julie,Small
10168,1.119867311590515,-1.1144155009007848,5,-0.4016255595583781,2003-10-28,Shipped,4,10,2003,Motorcycles,-1.0133087898070063,S18_2625,Technics Stores Inc.,6505556809,9408 Furth Circle,Desconocido,Burlingame,CA,94217,USA,Desconocido,Hirano,Juri,Small
10180,-1.0362527830157167,-0.9646934015759417,13,-1.0582937578120428,2003-11-11,Shipped,4,11,2003,Motorcycles,-1.0133087898070063,S18_2625,Daedalus Designs Imports,20.16.1555,"184, chausse de Tournai",Desconocido,Lille,Desconocido,59000,France,EMEA,Rance,Martine,Small
10188,-0.31754608481363966,-0.9042096395970318,5,-0.7930590605086723,2003-11-18,Shipped,4,11,2003,Motorcycles,-1.0133087898070063,S18_2625,Herkku Gifts,+47 2267 3215,"Drammen 121, PR 744 Sentrum",Desconocido,Bergen,Desconocido,N 5804,Norway,EMEA,Oeztan,Veysel,Small
10201,-0.5228908557285186,-0.934451520586487,6,-0.8740456765839829,2003-12-01,Shipped,4,12,2003,Motorcycles,-1.0133087898070063,S18_2625,Mini Wheels Co.,6505555787,5557 North Pendale Street,Desconocido,San Francisco,CA,Desconocido,USA,Desconocido,Murphy,Julie,Small
10210,0.5038329988458771,-1.6850450913739448,3,-0.8509671518206685,2004-01-12,Shipped,1,1,2004,Motorcycles,-1.0133087898070063,S18_2625,Osaka Souveniers Co.,+81 06 6342 5555,"Dojima Avanza 4F, 1-6-20 Dojima, Kita-ku",Desconocido,Osaka,Osaka,530-0003,Japan,Japan,Kentary,Mory,Small
10223,-0.728235626643398,-1.1446573818902401,5,-1.0089002845774293,2004-02-20,Shipped,1,2,2004,Motorcycles,-1.0133087898070063,S18_2625,"Australian Collectors, Co.",03 9520 4555,636 St Kilda Road,Level 3,Melbourne,Victoria,3004,Australia,APAC,Ferguson,Peter,Small
10236,-1.2415975539305957,-1.3851051241834484,2,-1.233929476622546,2004-04-03,Shipped,2,4,2004,Motorcycles,-1.0133087898070063,S18_2625,Motor Mint Distributors Inc.,2155559857,11328 Douglas Av.,Desconocido,Philadelphia,PA,71270,USA,Desconocido,Hernandez,Rosa,Small
10251,-0.6255632411859583,-1.1144155009007848,6,-0.9664032175662063,2004-05-18,Shipped,2,5,2004,Motorcycles,-1.0133087898070063,S18_2625,Tekni Collectables Inc.,2015559350,7476 Moss Rd.,Desconocido,Newark,NJ,94019,USA,Desconocido,Brown,William,Small
10263,-0.11220131389876072,-1.2348872563177944,6,-0.845156793821434,2004-06-28,Shipped,2,6,2004,Motorcycles,-1.0133087898070063,S18_2625,Gift Depot Inc.,2035552570,25593 South Bay Ln.,Desconocido,Bridgewater,CT,97562,USA,Desconocido,King,Julie,Small
10275,0.19581584247355846,-0.9944395140245864,5,-0.6520031171552952,2004-07-23,Shipped,3,7,2004,Motorcycles,-1.0133087898070063,S18_2625,La Rochelle Gifts,40.67.8555,"67, rue des Cinquante Otages",Desconocido,Nantes,Desconocido,44000,France,EMEA,Labrune,Janine,Small
10285,-1.5496147103029148,-1.7152869723633997,10,-1.397032198926289,2004-08-27,Shipped,3,8,2004,Motorcycles,-1.0133087898070063,S18_2625,Marta's Replicas Co.,6175558555,39323 Spinnaker Dr.,Desconocido,Cambridge,MA,51247,USA,Desconocido,Hernandez,Marta,Small
10298,-0.31754608481363966,-1.7450330848120443,2,-1.0877691066156356,2004-09-27,Shipped,3,9,2004,Motorcycles,-1.0133087898070063,S18_2625,Atelier graphique,40.32.2555,"54, rue Royale",Desconocido,Nantes,Desconocido,44000,France,EMEA,Schmitt,Carine,Small
10308,-0.11220131389876072,-1.5650691044977458,3,-0.9681191737603729,2004-10-15,Shipped,4,10,2004,Motorcycles,-1.0133087898070063,S18_2625,Mini Classics,9145554562,3758 North Pendale Street,Desconocido,White Plains,NY,24067,USA,Desconocido,Frick,Steve,Small
10318,0.7091777697607561,-1.5348272235082911,5,-0.7279178880237973,2004-11-02,Shipped,4,11,2004,Motorcycles,-1.0133087898070063,S18_2625,Diecast Classics Inc.,2155551555,7586 Pompton St.,Desconocido,Allentown,PA,70267,USA,Desconocido,Yu,Kyung,Small
10329,0.29848822793099766,0.8101579745265014,12,0.9297392374699399,2004-11-15,Shipped,4,11,2004,Motorcycles,-1.0133087898070063,S18_2625,Land of Toys Inc.,2125557818,897 Long Airport Avenue,Desconocido,NYC,NY,10022,USA,Desconocido,Yu,Kwai,Medium
10339,-0.5228908557285186,-1.0658301839013329,1,-0.9172160934941826,2004-11-23,Shipped,4,11,2004,Motorcycles,-1.0133087898070063,S18_2625,"Tokyo Collectables, Ltd",+81 3 3584 0555,2-2-8 Roppongi,Desconocido,Minato-ku,Tokyo,106-0032,Japan,Japan,Shimamura,Akiko,Small
10362,-1.2415975539305957,-1.6850450913739448,3,-1.3094912818181974,2005-01-05,Shipped,1,1,2005,Motorcycles,-1.0133087898070063,S18_2625,Technics Stores Inc.,6505556809,9408 Furth Circle,Desconocido,Burlingame,CA,94217,USA,Desconocido,Hirano,Juri,Small
10374,-1.3442699393880353,-1.505081111059647,4,-1.2930973838745632,2005-02-02,Shipped,1,2,2005,Motorcycles,-1.0133087898070063,S18_2625,"Australian Gift Network, Co",61-7-3844-6555,31 Duncan St. West End,Desconocido,South Brisbane,Queensland,4101,Australia,APAC,Calaghan,Tony,Small
10389,0.4011606133884374,0.8101579745265014,5,1.8610038687191999,2005-03-03,Shipped,1,3,2005,Motorcycles,-1.0133087898070063,S18_2625,Scandinavian Gift Ideas,0695-34 6555,?kergatan 24,Desconocido,Boras,Desconocido,S-844 67,Sweden,EMEA,Larsson,Maria,Medium
10402,2.043918780707471,-1.3851051241834484,2,-0.26569576382301724,2005-04-07,Shipped,2,4,2005,Motorcycles,-1.0133087898070063,S18_2625,Auto Canal Petit,(1) 47.55.6555,"25, rue Lauriston",Desconocido,Paris,Desconocido,75016,France,EMEA,Perrier,Dominique,Medium
10417,0.09314345701611873,-1.1144155009007848,6,-0.7338477113276888,2005-05-13,Disputed,2,5,2005,Motorcycles,-1.0133087898070063,S18_2625,Euro Shopping Channel,(91) 555 94 44,"C/ Moralzarzal, 86",Desconocido,Madrid,Desconocido,28034,Spain,EMEA,Freyre,Diego,Small
10101,-0.9335803975582769,0.8101579745265014,1,0.11918886633561646,2003-01-09,Shipped,1,1,2003,Vintage Cars,1.6745425854454679,S18_2795,"Blauer See Auto, Co.",+49 69 66 90 2555,Lyonerstr. 34,Desconocido,Frankfurt,Desconocido,60528,Germany,EMEA,Keitel,Roland,Medium
10110,-0.4202184702710794,0.8101579745265014,1,0.8256686663901946,2003-03-18,Shipped,1,3,2003,Vintage Cars,1.6745425854454679,S18_2795,"AV Stores, Co.",(171) 555-1555,Fauntleroy Circus,Desconocido,Manchester,Desconocido,EC2 5NT,UK,EMEA,Ashworth,Victoria,Medium
10125,-0.11220131389876072,0.8101579745265014,2,1.5908276519959192,2003-05-21,Shipped,2,5,2003,Vintage Cars,1.6745425854454679,S18_2795,"Australian Collectors, Co.",03 9520 4555,636 St Kilda Road,Level 3,Melbourne,Victoria,3004,Australia,APAC,Ferguson,Peter,Medium
10139,0.6065053843033164,0.8101579745265014,8,2.39070216908679,2003-07-16,Shipped,3,7,2003,Vintage Cars,1.6745425854454679,S18_2795,Souveniers And Things Co.,+61 2 9495 8555,"Monitor Money Building, 815 Pacific Hwy",Level 6,Chatswood,NSW,2067,Australia,APAC,Huxley,Adrian,Large
10149,-1.2415975539305957,0.8101579745265014,5,0.36748121134215345,2003-09-12,Shipped,3,9,2003,Vintage Cars,1.6745425854454679,S18_2795,Signal Collectibles Ltd.,4155554312,2793 Furth Circle,Desconocido,Brisbane,CA,94217,USA,Desconocido,Taylor,Sue,Medium
10162,1.3252120825053932,0.8101579745265014,3,1.984878529166429,2003-10-18,Shipped,4,10,2003,Vintage Cars,1.6745425854454679,S18_2795,Corporate Gift Ideas Co.,6505551386,7734 Strong St.,Desconocido,San Francisco,CA,Desconocido,USA,Desconocido,Brown,Julie,Large
10173,-1.3442699393880353,0.8101579745265014,7,-0.05495896640779343,2003-11-05,Shipped,4,11,2003,Vintage Cars,1.6745425854454679,S18_2795,Rovelli Gifts,035-640555,Via Ludovico il Moro 22,Desconocido,Bergamo,Desconocido,24100,Italy,EMEA,Rovelli,Giovanni,Medium
10182,-1.4469423248454751,0.8101579745265014,4,-0.27485658059377277,2003-11-12,Shipped,4,11,2003,Vintage Cars,1.6745425854454679,S18_2795,Mini Gifts Distributors Ltd.,4155551450,5677 Strong St.,Desconocido,San Rafael,CA,97562,USA,Desconocido,Nelson,Valarie,Medium
10193,-1.3442699393880353,0.8101579745265014,8,0.06593992190524939,2003-11-21,Shipped,4,11,2003,Vintage Cars,1.6745425854454679,S18_2795,"Australian Collectables, Ltd",61-9-3844-6555,7 Allen Street,Desconocido,Glen Waverly,Victoria,3150,Australia,APAC,Connery,Sean,Medium
10205,0.5038329988458771,0.8101579745265014,3,2.1387063996358804,2003-12-03,Shipped,4,12,2003,Vintage Cars,1.6745425854454679,S18_2795,Euro Shopping Channel,(91) 555 94 44,"C/ Moralzarzal, 86",Desconocido,Madrid,Desconocido,28034,Spain,EMEA,Freyre,Diego,Large
10214,1.5305568534202727,0.8101579745265014,1,3.247615938910332,2004-01-26,Shipped,1,1,2004,Vintage Cars,1.6745425854454679,S18_2795,"Corrida Auto Replicas, Ltd",(91) 555 22 82,"C/ Araquil, 67",Desconocido,Madrid,Desconocido,28023,Spain,EMEA,Sommer,Mart¡n,Large
10227,-0.6255632411859583,0.8101579745265014,4,1.0996949240681075,2004-03-02,Shipped,1,3,2004,Vintage Cars,1.6745425854454679,S18_2795,"Saveley & Henriot, Co.",78.32.5555,"2, rue du Commerce",Desconocido,Lyon,Desconocido,69004,France,EMEA,Saveley,Mary,Medium
10244,0.8118501552181958,0.8101579745265014,8,1.3013306373649043,2004-04-29,Shipped,2,4,2004,Vintage Cars,1.6745425854454679,S18_2795,Euro Shopping Channel,(91) 555 94 44,"C/ Moralzarzal, 86",Desconocido,Madrid,Desconocido,28034,Spain,EMEA,Freyre,Diego,Medium
10255,-1.1389251684731565,0.8101579745265014,1,0.0934603839053615,2004-06-04,Shipped,2,6,2004,Vintage Cars,1.6745425854454679,S18_2795,Mini Caravy,88.60.1555,"24, place Kluber",Desconocido,Strasbourg,Desconocido,67000,France,EMEA,Citeaux,Frederique,Medium
10280,-1.3442699393880353,0.8101579745265014,10,0.48932496161021183,2004-08-17,Shipped,3,8,2004,Vintage Cars,1.6745425854454679,S18_2795,Amica Models & Co.,011-4988555,Via Monte Bianco 34,Desconocido,Torino,Desconocido,10100,Italy,EMEA,Accorti,Paolo,Medium
10289,0.8118501552181958,0.8101579745265014,3,2.5622326256099837,2004-09-03,Shipped,3,9,2004,Vintage Cars,1.6745425854454679,S18_2795,Herkku Gifts,+47 2267 3215,"Drammen 121, PR 744 Sentrum",Desconocido,Bergen,Desconocido,N 5804,Norway,EMEA,Oeztan,Veysel,Large
10304,-1.5496147103029148,0.8101579745265014,14,0.012875605672988455,2004-10-11,Shipped,4,10,2004,Vintage Cars,1.6745425854454679,S18_2795,Auto Assoc. & Cie.,30.59.8555,"67, avenue de l'Europe",Desconocido,Versailles,Desconocido,78000,France,EMEA,Tonini,Daniel,Medium
10312,-1.0362527830157167,0.8101579745265014,11,0.17776487730546842,2004-10-21,Shipped,4,10,2004,Vintage Cars,1.6745425854454679,S18_2795,Mini Gifts Distributors Ltd.,4155551450,5677 Strong St.,Desconocido,San Rafael,CA,97562,USA,Desconocido,Nelson,Valarie,Medium
10322,0.09314345701611873,0.8101579745265014,2,1.2183022506281806,2004-11-04,Shipped,4,11,2004,Vintage Cars,1.6745425854454679,S18_2795,Online Diecast Creations Co.,6035558647,2304 Long Airport Avenue,Desconocido,Nashua,NH,62005,USA,Desconocido,Young,Valarie,Medium
10332,-1.1389251684731565,-1.5363145291307232,1,-1.243421538101669,2004-11-17,Shipped,4,11,2004,Vintage Cars,1.6745425854454679,S18_2795,"AV Stores, Co.",(171) 555-1555,Fauntleroy Circus,Desconocido,Manchester,Desconocido,EC2 5NT,UK,EMEA,Ashworth,Victoria,Small
10347,-1.4469423248454751,0.8101579745265014,6,0.6849765491919093,2004-11-29,Shipped,4,11,2004,Vintage Cars,1.6745425854454679,S18_2795,"Australian Collectors, Co.",03 9520 4555,636 St Kilda Road,Level 3,Melbourne,Victoria,3004,Australia,APAC,Ferguson,Peter,Medium
10356,-0.5228908557285186,0.8101579745265014,1,0.49323473521717315,2004-12-09,Shipped,4,12,2004,Vintage Cars,1.6745425854454679,S18_2795,Lyon Souveniers,+33 1 46 62 7555,27 rue du Colonel Pierre Avia,Desconocido,Paris,Desconocido,75508,France,EMEA,Da Cunha,Daniel,Medium
10367,-0.31754608481363966,0.5518625647641072,7,-0.2827032790132996,2005-01-12,Resolved,1,1,2005,Vintage Cars,1.6745425854454679,S18_2795,Toys4GrownUps.com,6265557265,78934 Hillside Dr.,Desconocido,Pasadena,CA,90003,USA,Desconocido,Young,Julie,Medium
10380,-1.4469423248454751,-1.8084914580358187,8,-1.3918300279325821,2005-02-16,Shipped,1,2,2005,Vintage Cars,1.6745425854454679,S18_2795,Euro Shopping Channel,(91) 555 94 44,"C/ Moralzarzal, 86",Desconocido,Madrid,Desconocido,28034,Spain,EMEA,Freyre,Diego,Small
10390,-0.9335803975582769,-0.2750793613082048,7,-0.8270415094425125,2005-03-04,Shipped,1,3,2005,Vintage Cars,1.6745425854454679,S18_2795,Mini Gifts Distributors Ltd.,4155551450,5677 Strong St.,Desconocido,San Rafael,CA,97562,USA,Desconocido,Nelson,Valarie,Small
10421,-0.009528928441320991,0.8101579745265014,1,1.0208098113065385,2005-05-29,In Process,2,5,2005,Vintage Cars,1.6745425854454679,S18_2795,Mini Gifts Distributors Ltd.,4155551450,5677 Strong St.,Desconocido,San Rafael,CA,97562,USA,Desconocido,Nelson,Valarie,Medium
10109,-0.9335803975582769,0.8101579745265014,1,-0.21528140525769732,2003-03-10,Shipped,1,3,2003,Classic Cars,0.7785921270279763,S18_2870,Motor Mint Distributors Inc.,2155559857,11328 Douglas Av.,Desconocido,Philadelphia,PA,71270,USA,Desconocido,Hernandez,Rosa,Medium
10123,1.119867311590515,0.8101579745265014,3,0.8728085895596841,2003-05-20,Shipped,2,5,2003,Classic Cars,0.7785921270279763,S18_2870,Atelier graphique,40.32.2555,"54, rue Royale",Desconocido,Nantes,Desconocido,44000,France,EMEA,Schmitt,Carine,Medium
10137,0.19581584247355846,0.8101579745265014,3,0.430548031718891,2003-07-10,Shipped,3,7,2003,Classic Cars,0.7785921270279763,S18_2870,Reims Collectables,26.47.1555,59 rue de l'Abbaye,Desconocido,Reims,Desconocido,51100,France,EMEA,Henriot,Paul,Medium
10148,-0.8309080121008378,0.8101579745265014,10,-0.01386290160573139,2003-09-11,Shipped,3,9,2003,Classic Cars,0.7785921270279763,S18_2870,"Anna's Decorations, Ltd",02 9936 8555,201 Miller Street,Level 15,North Sydney,NSW,2060,Australia,APAC,O'Hara,Anna,Medium
10161,-1.2415975539305957,0.8101579745265014,9,-0.19879519321500952,2003-10-17,Shipped,4,10,2003,Classic Cars,0.7785921270279763,S18_2870,Heintze Collectables,86 21 3555,Smagsloget 45,Desconocido,Aaarhus,Desconocido,8200,Denmark,EMEA,Ibsen,Palle,Medium
10172,0.4011606133884374,0.8101579745265014,7,1.3408736532064234,2003-11-05,Shipped,4,11,2003,Classic Cars,0.7785921270279763,S18_2870,Gift Depot Inc.,2035552570,25593 South Bay Ln.,Desconocido,Bridgewater,CT,97562,USA,Desconocido,King,Julie,Medium
10181,-0.8309080121008378,0.8101579745265014,3,0.17967089193886232,2003-11-12,Shipped,4,11,2003,Classic Cars,0.7785921270279763,S18_2870,Herkku Gifts,+47 2267 3215,"Drammen 121, PR 744 Sentrum",Desconocido,Bergen,Desconocido,N 5804,Norway,EMEA,Oeztan,Veysel,Medium
10192,0.29848822793099766,0.8101579745265014,8,0.7667233990241291,2003-11-20,Shipped,4,11,2003,Classic Cars,0.7785921270279763,S18_2870,Online Diecast Creations Co.,6035558647,2304 Long Airport Avenue,Desconocido,Nashua,NH,62005,USA,Desconocido,Young,Valarie,Medium
10204,-0.8309080121008378,0.8101579745265014,14,0.3344979267745369,2003-12-02,Shipped,4,12,2003,Classic Cars,0.7785921270279763,S18_2870,Muscle Machine Inc,2125557413,4092 Furth Circle,Suite 400,NYC,NY,10022,USA,Desconocido,Young,Jeff,Medium
10212,0.5038329988458771,0.8101579745265014,7,0.7366181422505254,2004-01-16,Shipped,1,1,2004,Classic Cars,0.7785921270279763,S18_2870,Euro Shopping Channel,(91) 555 94 44,"C/ Moralzarzal, 86",Desconocido,Madrid,Desconocido,28034,Spain,EMEA,Freyre,Diego,Medium
10226,-1.1389251684731565,0.8101579745265014,5,-0.17514106289289266,2004-02-26,Shipped,1,2,2004,Classic Cars,0.7785921270279763,S18_2870,Collectable Mini Designs Co.,7605558146,361 Furth Circle,Desconocido,San Diego,CA,91217,USA,Desconocido,Thompson,Valarie,Medium
10241,0.9145225406756355,0.8101579745265014,12,1.7917357129825313,2004-04-13,Shipped,2,4,2004,Classic Cars,0.7785921270279763,S18_2870,Mini Caravy,88.60.1555,"24, place Kluber",Desconocido,Strasbourg,Desconocido,67000,France,EMEA,Citeaux,Frederique,Medium
10253,0.19581584247355846,0.8101579745265014,2,0.8814100914949995,2004-06-01,Cancelled,2,6,2004,Classic Cars,0.7785921270279763,S18_2870,"UK Collectables, Ltd.",(171) 555-2282,Berkeley Gardens 12  Brewery,Desconocido,Liverpool,Desconocido,WX1 6LT,UK,EMEA,Devon,Elizabeth,Medium
10266,-1.5496147103029148,0.8101579745265014,3,-0.39591294589931775,2004-07-06,Shipped,3,7,2004,Classic Cars,0.7785921270279763,S18_2870,L'ordine Souveniers,0522-556555,Strada Provinciale 124,Desconocido,Reggio Emilia,Desconocido,42100,Italy,EMEA,Moroni,Maurizio,Small
10278,0.4011606133884374,0.8101579745265014,3,0.41836257064386045,2004-08-06,Shipped,3,8,2004,Classic Cars,0.7785921270279763,S18_2870,Signal Gift Stores,7025551838,8489 Strong St.,Desconocido,Las Vegas,NV,83030,USA,Desconocido,King,Sue,Medium
10287,0.9145225406756355,0.8101579745265014,1,0.8140316596683632,2004-08-30,Shipped,3,8,2004,Classic Cars,0.7785921270279763,S18_2870,"Vida Sport, Ltd",0897-034555,Grenzacherweg 237,Desconocido,Gensve,Desconocido,1203,Switzerland,EMEA,Holz,Michael,Medium
10301,-1.3442699393880353,0.8101579745265014,5,-0.17944181386055036,2003-10-05,Shipped,4,10,2003,Classic Cars,0.7785921270279763,S18_2870,"Norway Gifts By Mail, Co.",+47 2212 1555,"Drammensveien 126 A, PB 744 Sentrum",Desconocido,Oslo,Desconocido,N 0106,Norway,EMEA,Klaeboe,Jan,Medium
10311,0.8118501552181958,0.8101579745265014,10,0.9366030622466059,2004-10-16,Shipped,4,10,2004,Classic Cars,0.7785921270279763,S18_2870,Euro Shopping Channel,(91) 555 94 44,"C/ Moralzarzal, 86",Desconocido,Madrid,Desconocido,28034,Spain,EMEA,Freyre,Diego,Medium
10321,-0.8309080121008378,0.8101579745265014,7,-0.38157710934045924,2004-11-04,Shipped,4,11,2004,Classic Cars,0.7785921270279763,S18_2870,FunGiftIdeas.com,5085552555,1785 First Street,Desconocido,New Bedford,MA,50553,USA,Desconocido,Benitez,Violeta,Small
10331,-0.9335803975582769,-0.9299896037191901,10,-1.0135485709768168,2004-11-17,Shipped,4,11,2004,Classic Cars,0.7785921270279763,S18_2870,Motor Mint Distributors Inc.,2155559857,11328 Douglas Av.,Desconocido,Philadelphia,PA,71270,USA,Desconocido,Hernandez,Rosa,Small
10343,-1.0362527830157167,-1.5536664280590993,3,-1.219571919099204,2004-11-24,Shipped,4,11,2004,Classic Cars,0.7785921270279763,S18_2870,Reims Collectables,26.47.1555,59 rue de l'Abbaye,Desconocido,Reims,Desconocido,51100,France,EMEA,Henriot,Paul,Small
10366,1.4278844679628335,0.8101579745265014,2,1.4068185013771737,2005-01-10,Shipped,1,1,2005,Classic Cars,0.7785921270279763,S18_2870,Royale Belge,(071) 23 67 2555,"Boulevard Tirou, 255",Desconocido,Charleroi,Desconocido,B-6000,Belgium,EMEA,Cartrain,Pascale,Medium
10379,-0.6255632411859583,0.8101579745265014,5,0.8543457697490326,2005-02-10,Shipped,1,2,2005,Classic Cars,0.7785921270279763,S18_2870,Euro Shopping Channel,(91) 555 94 44,"C/ Moralzarzal, 86",Desconocido,Madrid,Desconocido,28034,Spain,EMEA,Freyre,Diego,Medium
10407,0.6065053843033164,0.8101579745265014,12,1.5379914058907314,2005-04-22,On Hold,2,4,2005,Classic Cars,0.7785921270279763,S18_2870,The Sharp Gifts Warehouse,4085553659,3086 Ingle Ln.,Desconocido,San Jose,CA,94217,USA,Desconocido,Frick,Sue,Medium
10419,2.043918780707471,0.8101579745265014,2,2.249048899210127,2005-05-17,Shipped,2,5,2005,Classic Cars,0.7785921270279763,S18_2870,Salzburg Collectables,6562-9555,Geislweg 14,Desconocido,Salzburg,Desconocido,5020,Austria,EMEA,Pipps,Georg,Large
10103,-0.8309080121008378,-0.029178165066079047,12,-0.7119041069586177,2003-01-29,Shipped,1,1,2003,Vintage Cars,0.007079232279581323,S18_2949,Baane Mini Imports,07-98 9555,Erling Skakkes gate 78,Desconocido,Stavern,Desconocido,4110,Norway,EMEA,Bergulfsen,Jonas,Small
10112,-1.2415975539305957,0.8101579745265014,2,-0.5506259456714564,2003-03-24,Shipped,1,3,2003,Vintage Cars,0.007079232279581323,S18_2949,"Volvo Model Replicas, Co",0921-12 3555,Berguvsvgen  8,Desconocido,Lule,Desconocido,S-958 22,Sweden,EMEA,Berglund,Christina,Small
10126,-0.4202184702710794,0.3228174989095459,12,-0.4119484479289808,2003-05-28,Shipped,2,5,2003,Vintage Cars,0.007079232279581323,S18_2949,"Corrida Auto Replicas, Ltd",(91) 555 22 82,"C/ Araquil, 67",Desconocido,Madrid,Desconocido,28023,Spain,EMEA,Sommer,Mart¡n,Small
10139,1.119867311590515,0.8101579745265014,1,1.0816339421003938,2003-07-16,Shipped,3,7,2003,Vintage Cars,0.007079232279581323,S18_2949,Souveniers And Things Co.,+61 2 9495 8555,"Monitor Money Building, 815 Pacific Hwy",Level 6,Chatswood,NSW,2067,Australia,APAC,Huxley,Adrian,Medium
10150,1.222539697047954,0.37289012153143075,9,0.3972606536485102,2003-09-19,Shipped,3,9,2003,Vintage Cars,0.007079232279581323,S18_2949,"Dragon Souveniers, Ltd.",+65 221 7555,"Bronz Sok., Bronz Apt. 3/6 Tesvikiye",Desconocido,Singapore,Desconocido,79903,Singapore,Japan,Natividad,Eric,Medium
10163,-0.4202184702710794,0.8101579745265014,2,-0.12207131641951124,2003-10-20,Shipped,4,10,2003,Vintage Cars,0.007079232279581323,S18_2949,Classic Legends Inc.,2125558493,5905 Pompton St.,Suite 750,NYC,NY,10022,USA,Desconocido,Hernandez,Maria,Medium
10174,1.119867311590515,0.8101579745265014,5,1.1068628423475368,2003-11-06,Shipped,4,11,2003,Vintage Cars,0.007079232279581323,S18_2949,"Australian Gift Network, Co",61-7-3844-6555,31 Duncan St. West End,Desconocido,South Brisbane,Queensland,4101,Australia,APAC,Calaghan,Tony,Medium
10183,0.19581584247355846,0.2722491077468502,9,-0.1386552728023728,2003-11-13,Shipped,4,11,2003,Vintage Cars,0.007079232279581323,S18_2949,"Classic Gift Ideas, Inc",2155554695,782 First Street,Desconocido,Philadelphia,PA,71270,USA,Desconocido,Cervantes,Francisca,Medium
10193,-0.728235626643398,0.4735311353160097,1,-0.5126196880671181,2003-11-21,Shipped,4,11,2003,Vintage Cars,0.007079232279581323,S18_2949,"Australian Collectables, Ltd",61-9-3844-6555,7 Allen Street,Desconocido,Glen Waverly,Victoria,3150,Australia,APAC,Connery,Sean,Small
10206,0.19581584247355846,0.3228174989095459,7,-0.1181615428125499,2003-12-05,Shipped,4,12,2003,Vintage Cars,0.007079232279581323,S18_2949,Canadian Gift Exchange Network,(604) 555-3392,1900 Oak St.,Desconocido,Vancouver,BC,V3F 2K1,Canada,Desconocido,Tannamuri,Yoshi,Medium
10215,1.4278844679628335,0.8101579745265014,4,1.062242551058089,2004-01-29,Shipped,1,1,2004,Vintage Cars,0.007079232279581323,S18_2949,West Coast Collectables Co.,3105553722,3675 Furth Circle,Desconocido,Burbank,CA,94019,USA,Desconocido,Thompson,Steve,Medium
10228,-1.1389251684731565,0.8101579745265014,3,-0.569897871409104,2004-03-10,Shipped,1,3,2004,Vintage Cars,0.007079232279581323,S18_2949,Cambridge Collectables Co.,6175555555,4658 Baden Av.,Desconocido,Cambridge,MA,51247,USA,Desconocido,Tseng,Kyung,Small
10244,-0.5228908557285186,0.8101579745265014,1,-0.015361648155066607,2004-04-29,Shipped,2,4,2004,Vintage Cars,0.007079232279581323,S18_2949,Euro Shopping Channel,(91) 555 94 44,"C/ Moralzarzal, 86",Desconocido,Madrid,Desconocido,28034,Spain,EMEA,Freyre,Diego,Medium
10257,1.5305568534202727,0.22217648512496535,1,0.4632598042304684,2004-06-14,Shipped,2,6,2004,Vintage Cars,0.007079232279581323,S18_2949,The Sharp Gifts Warehouse,4085553659,3086 Ingle Ln.,Desconocido,San Jose,CA,94217,USA,Desconocido,Frick,Sue,Medium
10270,-0.4202184702710794,0.6237490031816634,10,-0.30976760075926646,2004-07-19,Shipped,3,7,2004,Vintage Cars,0.007079232279581323,S18_2949,Souveniers And Things Co.,+61 2 9495 8555,"Monitor Money Building, 815 Pacific Hwy",Level 6,Chatswood,NSW,2067,Australia,APAC,Huxley,Adrian,Small
10280,1.119867311590515,0.8101579745265014,3,0.8538244666014376,2004-08-17,Shipped,3,8,2004,Vintage Cars,0.007079232279581323,S18_2949,Amica Models & Co.,011-4988555,Via Monte Bianco 34,Desconocido,Torino,Desconocido,10100,Italy,EMEA,Accorti,Paolo,Medium
10291,1.222539697047954,0.8101579745265014,12,1.172878283652857,2004-09-08,Shipped,3,9,2004,Vintage Cars,0.007079232279581323,S18_2949,Scandinavian Gift Ideas,0695-34 6555,?kergatan 24,Desconocido,Boras,Desconocido,S-844 67,Sweden,EMEA,Larsson,Maria,Medium
10304,1.119867311590515,0.8101579745265014,7,0.5755571906081959,2004-10-11,Shipped,4,10,2004,Vintage Cars,0.007079232279581323,S18_2949,Auto Assoc. & Cie.,30.59.8555,"67, avenue de l'Europe",Desconocido,Versailles,Desconocido,78000,France,EMEA,Tonini,Daniel,Medium
10312,0.19581584247355846,0.8101579745265014,4,0.08536932463539929,2004-10-21,Shipped,4,10,2004,Vintage Cars,0.007079232279581323,S18_2949,Mini Gifts Distributors Ltd.,4155551450,5677 Strong St.,Desconocido,San Rafael,CA,97562,USA,Desconocido,Nelson,Valarie,Medium
10322,-0.21487369935619993,0.8101579745265014,12,-0.015834079132574598,2004-11-04,Shipped,4,11,2004,Vintage Cars,0.007079232279581323,S18_2949,Online Diecast Creations Co.,6035558647,2304 Long Airport Avenue,Desconocido,Nashua,NH,62005,USA,Desconocido,Young,Valarie,Medium
10333,-0.4202184702710794,0.3228174989095459,5,-0.4119484479289808,2004-11-18,Shipped,4,11,2004,Vintage Cars,0.007079232279581323,S18_2949,Mini Wheels Co.,6505555787,5557 North Pendale Street,Desconocido,San Francisco,CA,Desconocido,USA,Desconocido,Murphy,Julie,Small
10347,1.3252120825053932,0.8101579745265014,9,0.684487827491039,2004-11-29,Shipped,4,11,2004,Vintage Cars,0.007079232279581323,S18_2949,"Australian Collectors, Co.",03 9520 4555,636 St Kilda Road,Level 3,Melbourne,Victoria,3004,Australia,APAC,Ferguson,Peter,Medium
10357,0.6065053843033164,0.17210386250308052,6,0.01001386860233758,2004-12-10,Shipped,4,12,2004,Vintage Cars,0.007079232279581323,S18_2949,Mini Gifts Distributors Ltd.,4155551450,5677 Strong St.,Desconocido,San Rafael,CA,97562,USA,Desconocido,Nelson,Valarie,Medium
10369,0.7091777697607561,0.8101579745265014,1,0.5579414884123856,2005-01-20,Shipped,1,1,2005,Vintage Cars,0.007079232279581323,S18_2949,Collectables For Less Inc.,6175558555,7825 Douglas Av.,Desconocido,Brickhaven,MA,58339,USA,Desconocido,Nelson,Allen,Medium
10381,0.6065053843033164,0.8101579745265014,8,0.41588638069278544,2005-02-17,Shipped,1,2,2005,Vintage Cars,0.007079232279581323,S18_2949,Corporate Gift Ideas Co.,6505551386,7734 Strong St.,Desconocido,San Francisco,CA,Desconocido,USA,Desconocido,Brown,Julie,Medium
10391,-0.31754608481363966,-1.904174786412291,6,-1.1435485434082862,2005-03-09,Shipped,1,3,2005,Vintage Cars,0.007079232279581323,S18_2949,"Anna's Decorations, Ltd",02 9936 8555,201 Miller Street,Level 15,North Sydney,NSW,2060,Australia,APAC,O'Hara,Anna,Small
10423,-2.5763385648773105,0.22217648512496535,1,-1.451226005311672,2005-05-30,In Process,2,5,2005,Vintage Cars,0.007079232279581323,S18_2949,Petit Auto,(02) 5554 67,Rue Joseph-Bens 532,Desconocido,Bruxelles,Desconocido,B-1180,Belgium,EMEA,Dewey,Catherine,Small
10103,-0.009528928441320991,-1.2988413980823796,14,-0.8377716658971736,2003-01-29,Shipped,1,1,2003,Vintage Cars,-0.9635337643393678,S18_2957,Baane Mini Imports,07-98 9555,Erling Skakkes gate 78,Desconocido,Stavern,Desconocido,4110,Norway,EMEA,Bergulfsen,Jonas,Small
10111,-0.728235626643398,-0.9582484105454024,2,-0.9517307060578593,2003-03-25,Shipped,1,3,2003,Vintage Cars,-0.9635337643393678,S18_2957,Mini Wheels Co.,6505555787,5557 North Pendale Street,Desconocido,San Francisco,CA,Desconocido,USA,Desconocido,Murphy,Julie,Small
10126,1.119867311590515,-0.49371328780574053,14,-0.08888711293042578,2003-05-28,Shipped,2,5,2003,Vintage Cars,-0.9635337643393678,S18_2957,"Corrida Auto Replicas, Ltd",(91) 555 22 82,"C/ Araquil, 67",Desconocido,Madrid,Desconocido,28023,Spain,EMEA,Sommer,Mart¡n,Medium
10139,-1.5496147103029148,-0.6176554230084249,3,-1.1565811220981579,2003-07-16,Shipped,3,7,2003,Vintage Cars,-0.9635337643393678,S18_2957,Souveniers And Things Co.,+61 2 9495 8555,"Monitor Money Building, 815 Pacific Hwy",Level 6,Chatswood,NSW,2067,Australia,APAC,Huxley,Adrian,Small
10150,-0.5228908557285186,-1.670172035149623,11,-1.1158000112811015,2003-09-19,Shipped,3,9,2003,Vintage Cars,-0.9635337643393678,S18_2957,"Dragon Souveniers, Ltd.",+65 221 7555,"Bronz Sok., Bronz Apt. 3/6 Tesvikiye",Desconocido,Singapore,Desconocido,79903,Singapore,Japan,Natividad,Eric,Small
10163,1.3252120825053932,-0.6791307220689571,4,-0.10632904741037057,2003-10-20,Shipped,4,10,2003,Vintage Cars,-0.9635337643393678,S18_2957,Classic Legends Inc.,2125558493,5905 Pompton St.,Suite 750,NYC,NY,10022,USA,Desconocido,Hernandez,Maria,Medium
10173,-0.728235626643398,-1.4842588323455959,2,-1.1130523092739866,2003-11-05,Shipped,4,11,2003,Vintage Cars,-0.9635337643393678,S18_2957,Rovelli Gifts,035-640555,Via Ludovico il Moro 22,Desconocido,Bergamo,Desconocido,24100,Italy,EMEA,Rovelli,Giovanni,Small
10183,0.4011606133884374,-0.7723352077413758,11,-0.4880532772367103,2003-11-13,Shipped,4,11,2003,Vintage Cars,-0.9635337643393678,S18_2957,"Classic Gift Ideas, Inc",2155554695,782 First Street,Desconocido,Philadelphia,PA,71270,USA,Desconocido,Cervantes,Francisca,Small
10193,-1.1389251684731565,-1.5774633180180144,3,-1.2542385784142627,2003-11-21,Shipped,4,11,2003,Vintage Cars,-0.9635337643393678,S18_2957,"Australian Collectables, Ltd",61-9-3844-6555,7 Allen Street,Desconocido,Glen Waverly,Victoria,3150,Australia,APAC,Connery,Sean,Small
10206,-0.728235626643398,-0.8030728572716415,9,-0.9041400728753447,2003-12-05,Shipped,4,12,2003,Vintage Cars,-0.9635337643393678,S18_2957,Canadian Gift Exchange Network,(604) 555-3392,1900 Oak St.,Desconocido,Vancouver,BC,V3F 2K1,Canada,Desconocido,Tannamuri,Yoshi,Small
10215,-0.4202184702710794,-1.2368703304810373,6,-0.9415381434741554,2004-01-29,Shipped,1,1,2004,Vintage Cars,-0.9635337643393678,S18_2957,West Coast Collectables Co.,3105553722,3675 Furth Circle,Desconocido,Burbank,CA,94019,USA,Desconocido,Thompson,Steve,Small
10228,1.0171949261330746,-0.9889860600756681,5,-0.3730244795752308,2004-03-10,Shipped,1,3,2004,Vintage Cars,-0.9635337643393678,S18_2957,Cambridge Collectables Co.,6175555555,4658 Baden Av.,Desconocido,Cambridge,MA,51247,USA,Desconocido,Tseng,Kyung,Small
10244,-1.1389251684731565,-1.267607980011303,3,-1.172784961602565,2004-04-29,Shipped,2,4,2004,Vintage Cars,-0.9635337643393678,S18_2957,Euro Shopping Channel,(91) 555 94 44,"C/ Moralzarzal, 86",Desconocido,Madrid,Desconocido,28034,Spain,EMEA,Freyre,Diego,Small
10257,1.4278844679628335,-1.4842588323455959,3,-0.5004559479565712,2004-06-14,Shipped,2,6,2004,Vintage Cars,-0.9635337643393678,S18_2957,The Sharp Gifts Warehouse,4085553659,3086 Ingle Ln.,Desconocido,San Jose,CA,94217,USA,Desconocido,Frick,Sue,Small
10269,-0.31754608481363966,-1.0202194781467449,1,-0.8337207060210717,2004-07-16,Shipped,3,7,2004,Vintage Cars,-0.9635337643393678,S18_2957,Salzburg Collectables,6562-9555,Geislweg 14,Desconocido,Salzburg,Desconocido,5020,Austria,EMEA,Pipps,Georg,Small
10280,0.8118501552181958,-0.7411017896702995,5,-0.32546642783944085,2004-08-17,Shipped,3,8,2004,Vintage Cars,-0.9635337643393678,S18_2957,Amica Models & Co.,011-4988555,Via Monte Bianco 34,Desconocido,Torino,Desconocido,10100,Italy,EMEA,Accorti,Paolo,Small
10291,0.19581584247355846,-1.6394343856193567,14,-0.9133986339862743,2004-09-08,Shipped,3,9,2004,Vintage Cars,-0.9635337643393678,S18_2957,Scandinavian Gift Ideas,0695-34 6555,?kergatan 24,Desconocido,Boras,Desconocido,S-844 67,Sweden,EMEA,Larsson,Maria,Small
10304,-1.1389251684731565,-0.9270149924743262,9,-1.0832511460031469,2004-10-11,Shipped,4,10,2004,Vintage Cars,-0.9635337643393678,S18_2957,Auto Assoc. & Cie.,30.59.8555,"67, avenue de l'Europe",Desconocido,Versailles,Desconocido,78000,France,EMEA,Tonini,Daniel,Small
10312,-0.009528928441320991,-1.4842588323455959,6,-0.9088535221681815,2004-10-21,Shipped,4,10,2004,Vintage Cars,-0.9635337643393678,S18_2957,Mini Gifts Distributors Ltd.,4155551450,5677 Strong St.,Desconocido,San Rafael,CA,97562,USA,Desconocido,Nelson,Valarie,Small
10322,0.6065053843033164,-2.666666802179207,13,-1.2648221183586623,2004-11-04,Shipped,4,11,2004,Vintage Cars,-0.9635337643393678,S18_2957,Online Diecast Creations Co.,6035558647,2304 Long Airport Avenue,Desconocido,Nashua,NH,62005,USA,Desconocido,Young,Valarie,Small
10332,-0.9335803975582769,0.8101579745265014,17,-0.31213518588792655,2004-11-17,Shipped,4,11,2004,Vintage Cars,-0.9635337643393678,S18_2957,"AV Stores, Co.",(171) 555-1555,Fauntleroy Circus,Desconocido,Manchester,Desconocido,EC2 5NT,UK,EMEA,Ashworth,Victoria,Small
10347,-0.11220131389876072,-0.9270149924743262,10,-0.7305026827972886,2004-11-29,Shipped,4,11,2004,Vintage Cars,-0.9635337643393678,S18_2957,"Australian Collectors, Co.",03 9520 4555,636 St Kilda Road,Level 3,Melbourne,Victoria,3004,Australia,APAC,Ferguson,Peter,Small
10357,1.4278844679628335,-0.648393072538691,5,-0.05184200800446536,2004-12-10,Shipped,4,12,2004,Vintage Cars,-0.9635337643393678,S18_2957,Mini Gifts Distributors Ltd.,4155551450,5677 Strong St.,Desconocido,San Rafael,CA,97562,USA,Desconocido,Nelson,Valarie,Medium
10369,-0.728235626643398,-1.955734714656608,6,-1.2576487698381122,2005-01-20,Shipped,1,1,2005,Vintage Cars,-0.9635337643393678,S18_2957,Collectables For Less Inc.,6175558555,7825 Douglas Av.,Desconocido,Brickhaven,MA,58339,USA,Desconocido,Nelson,Allen,Small
10381,0.5038329988458771,-0.7723352077413758,4,-0.45108419568644104,2005-02-17,Shipped,1,2,2005,Vintage Cars,-0.9635337643393678,S18_2957,Corporate Gift Ideas Co.,6505551386,7734 Strong St.,Desconocido,San Francisco,CA,Desconocido,USA,Desconocido,Brown,Julie,Small
10392,0.19581584247355846,-1.1748992628796948,3,-0.725137604569958,2005-03-10,Shipped,1,3,2005,Vintage Cars,-0.9635337643393678,S18_2957,Mini Auto Werke,7675-3555,Kirchgasse 6,Desconocido,Graz,Desconocido,8010,Austria,EMEA,Mendel,Roland,Small
10423,-0.4202184702710794,-1.4842588323455959,3,-1.0255385433714987,2005-05-30,In Process,2,5,2005,Vintage Cars,-0.9635337643393678,S18_2957,Petit Auto,(02) 5554 67,Rue Joseph-Bens 532,Desconocido,Bruxelles,Desconocido,B-1180,Belgium,EMEA,Dewey,Catherine,Small
10106,0.6065053843033164,-0.010834729056081804,18,-0.0721402493139405,2003-02-17,Shipped,1,2,2003,Ships,-0.36623345872770685,S18_3029,Rovelli Gifts,035-640555,Via Ludovico il Moro 22,Desconocido,Bergamo,Desconocido,24100,Italy,EMEA,Rovelli,Giovanni,Medium
10119,-1.4469423248454751,0.28761793251198264,9,-0.9096897793007817,2003-04-28,Shipped,2,4,2003,Ships,-0.36623345872770685,S18_3029,Salzburg Collectables,6562-9555,Geislweg 14,Desconocido,Salzburg,Desconocido,5020,Austria,EMEA,Pipps,Georg,Small
10130,0.5038329988458771,0.6287066885897711,2,0.1627502606065121,2003-06-16,Shipped,2,6,2003,Ships,-0.36623345872770685,S18_3029,Auto-Moto Classics Inc.,6175558428,16780 Pompton St.,Desconocido,Brickhaven,MA,58339,USA,Desconocido,Taylor,Leslie,Medium
10143,1.119867311590515,-0.437195674153316,13,-0.060410928493056064,2003-08-10,Shipped,3,8,2003,Ships,-0.36623345872770685,S18_3029,Mini Creations Ltd.,5085559555,4575 Hillside Dr.,Desconocido,New Bedford,MA,50553,USA,Desconocido,Tam,Wing C,Medium
10155,0.9145225406756355,-0.2240152016046989,11,-0.03895061558373414,2003-10-06,Shipped,4,10,2003,Ships,-0.36623345872770685,S18_3029,"Toys of Finland, Co.",90-224 8555,Keskuskatu 45,Desconocido,Helsinki,Desconocido,21240,Finland,EMEA,Karttunen,Matti,Medium
10167,1.119867311590515,-0.5224678631727634,7,-0.1033749962406662,2003-10-23,Cancelled,4,10,2003,Ships,-0.36623345872770685,S18_3029,Scandinavian Gift Ideas,0695-34 6555,?kergatan 24,Desconocido,Boras,Desconocido,S-844 67,Sweden,EMEA,Larsson,Maria,Medium
10178,0.6065053843033164,-0.09610691807552832,10,-0.11043430969768007,2003-11-08,Shipped,4,11,2003,Ships,-0.36623345872770685,S18_3029,Alpha Cognac,61.77.6555,1 rue Alsace-Lorraine,Desconocido,Toulouse,Desconocido,31000,France,EMEA,Roulet,Annette,Medium
10186,-0.31754608481363966,0.28761793251198264,7,-0.3753214715693209,2003-11-14,Shipped,4,11,2003,Ships,-0.36623345872770685,S18_3029,"Double Decker Gift Stores, Ltd",(171) 555-7555,120 Hanover Sq.,Desconocido,London,Desconocido,WA1 1DP,UK,EMEA,Hardy,Thomas,Small
10197,1.119867311590515,0.20234574349253612,4,0.26181957961401947,2003-11-26,Shipped,4,11,2003,Ships,-0.36623345872770685,S18_3029,Enaco Distributors,(93) 203 4555,"Rambla de Catalu¤a, 23",Desconocido,Barcelona,Desconocido,8022,Spain,EMEA,Saavedra,Eduardo,Medium
10209,-0.728235626643398,0.8101579745265014,6,-0.3996489517904144,2004-01-09,Shipped,1,1,2004,Ships,-0.36623345872770685,S18_3029,"Men 'R' US Retailers, Ltd.",2155554369,6047 Douglas Av.,Desconocido,Los Angeles,CA,Desconocido,USA,Desconocido,Chandler,Michael,Small
10222,1.4278844679628335,0.5434344995703246,10,0.5878186750589167,2004-02-19,Shipped,1,2,2004,Ships,-0.36623345872770685,S18_3029,Collectable Mini Designs Co.,7605558146,361 Furth Circle,Desconocido,San Diego,CA,91217,USA,Desconocido,Thompson,Valarie,Medium
10248,-1.4469423248454751,-0.4798317686630393,1,-1.0862160576550928,2004-05-07,Cancelled,2,5,2004,Ships,-0.36623345872770685,S18_3029,Land of Toys Inc.,2125557818,897 Long Airport Avenue,Desconocido,NYC,NY,10022,USA,Desconocido,Yu,Kwai,Small
10262,-0.31754608481363966,0.03180136545364226,15,-0.46498561295563756,2004-06-24,Cancelled,2,6,2004,Ships,-0.36623345872770685,S18_3029,Euro Shopping Channel,(91) 555 94 44,"C/ Moralzarzal, 86",Desconocido,Madrid,Desconocido,28034,Spain,EMEA,Freyre,Diego,Small
10273,-0.11220131389876072,0.7139788776092184,2,-0.1193833470647253,2004-07-21,Shipped,3,7,2004,Ships,-0.36623345872770685,S18_3029,Petit Auto,(02) 5554 67,Rue Joseph-Bens 532,Desconocido,Bruxelles,Desconocido,B-1180,Belgium,EMEA,Dewey,Catherine,Medium
10283,-1.4469423248454751,0.7139788776092184,4,-0.8116196246594976,2004-08-20,Shipped,3,8,2004,Ships,-0.36623345872770685,S18_3029,"Royal Canadian Collectables, Ltd.",(604) 555-4555,23 Tsawassen Blvd.,Desconocido,Tsawassen,BC,T2F 8M4,Canada,Desconocido,Lincoln,Elizabeth,Small
10296,-1.4469423248454751,0.6287066885897711,13,-0.8312336555877544,2004-09-15,Shipped,3,9,2004,Ships,-0.36623345872770685,S18_3029,"Bavarian Collectables Imports, Co.",+49 89 61 08 9555,Hansastr. 15,Desconocido,Munich,Desconocido,80686,Germany,EMEA,Donnermeyer,Michael,Small
10307,-0.4202184702710794,-0.010834729056081804,7,-0.5252395684318106,2004-10-14,Shipped,4,10,2004,Ships,-0.36623345872770685,S18_3029,"Classic Gift Ideas, Inc",2155554695,782 First Street,Desconocido,Philadelphia,PA,71270,USA,Desconocido,Cervantes,Francisca,Small
10316,-1.4469423248454751,0.5434344995703246,15,-0.8508476865160113,2004-11-01,Shipped,4,11,2004,Ships,-0.36623345872770685,S18_3029,giftsbymail.co.uk,(198) 555-8888,Garden House Crowther Way,Desconocido,Cowes,Isle of Wight,PO31 7PJ,UK,EMEA,Bennett,Helen,Small
10327,-1.0362527830157167,-1.8739329054228364,5,-1.3072703131997985,2004-11-10,Resolved,4,11,2004,Ships,-0.36623345872770685,S18_3029,Danish Wholesale Imports,31 12 3555,Vinb'ltet 34,Desconocido,Kobenhavn,Desconocido,1734,Denmark,EMEA,Petersen,Jytte,Small
10338,-0.728235626643398,-0.05347082356580506,3,-0.6742453847860094,2004-11-22,Shipped,4,11,2004,Ships,-0.36623345872770685,S18_3029,Royale Belge,(071) 23 67 2555,"Boulevard Tirou, 255",Desconocido,Charleroi,Desconocido,B-6000,Belgium,EMEA,Cartrain,Pascale,Small
10350,0.8118501552181958,-0.9265192239335153,6,-0.4127955655438224,2004-12-02,Shipped,4,12,2004,Ships,-0.36623345872770685,S18_3029,Euro Shopping Channel,(91) 555 94 44,"C/ Moralzarzal, 86",Desconocido,Madrid,Desconocido,28034,Spain,EMEA,Freyre,Diego,Small
10373,-1.3442699393880353,0.15276888941146222,5,-0.8936054051010318,2005-01-31,Shipped,1,1,2005,Ships,-0.36623345872770685,S18_3029,"Oulu Toy Supplies, Inc.",981-443655,Torikatu 38,Desconocido,Oulu,Desconocido,90110,Finland,EMEA,Koskitalo,Pirkko,Small
10386,0.19581584247355846,0.4636157644997959,5,-0.06110056911539526,2005-03-01,Resolved,1,3,2005,Ships,-0.36623345872770685,S18_3029,Euro Shopping Channel,(91) 555 94 44,"C/ Moralzarzal, 86",Desconocido,Madrid,Desconocido,28034,Spain,EMEA,Freyre,Diego,Medium
10398,-0.728235626643398,-0.5651039576824866,18,-0.8311576322120637,2005-03-30,Shipped,1,3,2005,Ships,-0.36623345872770685,S18_3029,Reims Collectables,26.47.1555,59 rue de l'Abbaye,Desconocido,Reims,Desconocido,51100,France,EMEA,Henriot,Paul,Small
10400,-0.5228908557285186,-0.437195674153316,7,-0.7106497212597175,2005-04-01,Shipped,2,4,2005,Ships,-0.36623345872770685,S18_3029,The Sharp Gifts Warehouse,4085553659,3086 Ingle Ln.,Desconocido,San Jose,CA,94217,USA,Desconocido,Frick,Sue,Small
10414,0.9145225406756355,-0.4798317686630393,1,-0.16223880998991982,2005-05-06,On Hold,2,5,2005,Ships,-0.36623345872770685,S18_3029,Gifts4AllAges.com,6175559555,8616 Spinnaker Dr.,Desconocido,Boston,MA,51003,USA,Desconocido,Yoshido,Juri,Medium
10103,-1.0362527830157167,0.8101579745265014,13,-0.5508377250751667,2003-01-29,Shipped,1,1,2003,Vintage Cars,0.08174177048103876,S18_3136,Baane Mini Imports,07-98 9555,Erling Skakkes gate 78,Desconocido,Stavern,Desconocido,4110,Norway,EMEA,Bergulfsen,Jonas,Small
10111,0.8118501552181958,0.8101579745265014,1,0.6865241679113315,2003-03-25,Shipped,1,3,2003,Vintage Cars,0.08174177048103876,S18_3136,Mini Wheels Co.,6505555787,5557 North Pendale Street,Desconocido,San Francisco,CA,Desconocido,USA,Desconocido,Murphy,Julie,Medium
10126,-0.5228908557285186,0.6807623853748989,13,-0.34329390943896126,2003-05-28,Shipped,2,5,2003,Vintage Cars,0.08174177048103876,S18_3136,"Corrida Auto Replicas, Ltd",(91) 555 22 82,"C/ Araquil, 67",Desconocido,Madrid,Desconocido,28023,Spain,EMEA,Sommer,Mart¡n,Small
10139,-1.5496147103029148,0.3173640449606273,2,-0.9517524270223423,2003-07-16,Shipped,3,7,2003,Vintage Cars,0.08174177048103876,S18_3136,Souveniers And Things Co.,+61 2 9495 8555,"Monitor Money Building, 815 Pacific Hwy",Level 6,Chatswood,NSW,2067,Australia,APAC,Huxley,Adrian,Small
10150,-0.9335803975582769,0.8101579745265014,10,-0.4070123587501918,2003-09-19,Shipped,3,9,2003,Vintage Cars,0.08174177048103876,S18_3136,"Dragon Souveniers, Ltd.",+65 221 7555,"Bronz Sok., Bronz Apt. 3/6 Tesvikiye",Desconocido,Singapore,Desconocido,79903,Singapore,Japan,Natividad,Eric,Small
10163,0.5038329988458771,0.8101579745265014,3,0.7314051107745771,2003-10-20,Shipped,4,10,2003,Vintage Cars,0.08174177048103876,S18_3136,Classic Legends Inc.,2125558493,5905 Pompton St.,Suite 750,NYC,NY,10022,USA,Desconocido,Hernandez,Maria,Medium
10173,-0.4202184702710794,0.26530834817550036,1,-0.4314755949993051,2003-11-05,Shipped,4,11,2003,Vintage Cars,0.08174177048103876,S18_3136,Rovelli Gifts,035-640555,Via Ludovico il Moro 22,Desconocido,Bergamo,Desconocido,24100,Italy,EMEA,Rovelli,Giovanni,Small
10183,-1.3442699393880353,0.8101579745265014,10,-0.5786948620247675,2003-11-13,Shipped,4,11,2003,Vintage Cars,0.08174177048103876,S18_3136,"Classic Gift Ideas, Inc",2155554695,782 First Street,Desconocido,Philadelphia,PA,71270,USA,Desconocido,Cervantes,Francisca,Small
10193,-1.2415975539305957,0.8101579745265014,2,-0.4257303998935201,2003-11-21,Shipped,4,11,2003,Vintage Cars,0.08174177048103876,S18_3136,"Australian Collectables, Ltd",61-9-3844-6555,7 Allen Street,Desconocido,Glen Waverly,Victoria,3150,Australia,APAC,Connery,Sean,Small
10206,-0.5228908557285186,0.8101579745265014,8,0.014939097298884731,2003-12-05,Shipped,4,12,2003,Vintage Cars,0.08174177048103876,S18_3136,Canadian Gift Exchange Network,(604) 555-3392,1900 Oak St.,Desconocido,Vancouver,BC,V3F 2K1,Canada,Desconocido,Tannamuri,Yoshi,Medium
10215,1.4278844679628335,0.8101579745265014,5,0.9401109980106296,2004-01-29,Shipped,1,1,2004,Vintage Cars,0.08174177048103876,S18_3136,West Coast Collectables Co.,3105553722,3675 Furth Circle,Desconocido,Burbank,CA,94019,USA,Desconocido,Thompson,Steve,Medium
10228,-0.4202184702710794,0.8101579745265014,4,-0.2021999543977384,2004-03-10,Shipped,1,3,2004,Vintage Cars,0.08174177048103876,S18_3136,Cambridge Collectables Co.,6175555555,4658 Baden Av.,Desconocido,Cambridge,MA,51247,USA,Desconocido,Tseng,Kyung,Medium
10244,-0.6255632411859583,0.8101579745265014,2,-0.11586998105958059,2004-04-29,Shipped,2,4,2004,Vintage Cars,0.08174177048103876,S18_3136,Euro Shopping Channel,(91) 555 94 44,"C/ Moralzarzal, 86",Desconocido,Madrid,Desconocido,28034,Spain,EMEA,Freyre,Diego,Medium
10257,0.19581584247355846,0.05758132957580027,2,-0.2256531657983866,2004-06-14,Shipped,2,6,2004,Vintage Cars,0.08174177048103876,S18_3136,The Sharp Gifts Warehouse,4085553659,3086 Ingle Ln.,Desconocido,San Jose,CA,94217,USA,Desconocido,Frick,Sue,Medium
10270,0.29848822793099766,0.8101579745265014,11,0.6631361194041329,2004-07-19,Shipped,3,7,2004,Vintage Cars,0.08174177048103876,S18_3136,Souveniers And Things Co.,+61 2 9495 8555,"Monitor Money Building, 815 Pacific Hwy",Level 6,Chatswood,NSW,2067,Australia,APAC,Huxley,Adrian,Medium
10280,-0.6255632411859583,0.8101579745265014,4,-0.29728347642259373,2004-08-17,Shipped,3,8,2004,Vintage Cars,0.08174177048103876,S18_3136,Amica Models & Co.,011-4988555,Via Monte Bianco 34,Desconocido,Torino,Desconocido,10100,Italy,EMEA,Accorti,Paolo,Medium
10291,-1.2415975539305957,0.8101579745265014,13,-0.37339916621256447,2004-09-08,Shipped,3,9,2004,Vintage Cars,0.08174177048103876,S18_3136,Scandinavian Gift Ideas,0695-34 6555,?kergatan 24,Desconocido,Boras,Desconocido,S-844 67,Sweden,EMEA,Larsson,Maria,Small
10304,-0.9335803975582769,0.10963702636092802,8,-0.7174809645896585,2004-10-11,Shipped,4,10,2004,Vintage Cars,0.08174177048103876,S18_3136,Auto Assoc. & Cie.,30.59.8555,"67, avenue de l'Europe",Desconocido,Versailles,Desconocido,78000,France,EMEA,Tonini,Daniel,Small
10312,0.29848822793099766,0.8101579745265014,5,0.4904218703166097,2004-10-21,Shipped,4,10,2004,Vintage Cars,0.08174177048103876,S18_3136,Mini Gifts Distributors Ltd.,4155551450,5677 Strong St.,Desconocido,San Rafael,CA,97562,USA,Desconocido,Nelson,Valarie,Medium
10322,1.3252120825053932,-1.8154322176071693,7,-0.7037424545540855,2004-11-04,Shipped,4,11,2004,Vintage Cars,0.08174177048103876,S18_3136,Online Diecast Creations Co.,6035558647,2304 Long Airport Avenue,Desconocido,Nashua,NH,62005,USA,Desconocido,Young,Valarie,Small
10332,0.5038329988458771,-2.174368641154144,18,-1.0653530712690567,2004-11-17,Shipped,4,11,2004,Vintage Cars,0.08174177048103876,S18_3136,"AV Stores, Co.",(171) 555-1555,Fauntleroy Circus,Desconocido,Manchester,Desconocido,EC2 5NT,UK,EMEA,Ashworth,Victoria,Small
10347,1.0171949261330746,0.8101579745265014,11,0.7571444536870735,2004-11-29,Shipped,4,11,2004,Vintage Cars,0.08174177048103876,S18_3136,"Australian Collectors, Co.",03 9520 4555,636 St Kilda Road,Level 3,Melbourne,Victoria,3004,Australia,APAC,Ferguson,Peter,Medium
10357,0.9145225406756355,0.8101579745265014,4,0.8725696589503701,2004-12-10,Shipped,4,12,2004,Vintage Cars,0.08174177048103876,S18_3136,Mini Gifts Distributors Ltd.,4155551450,5677 Strong St.,Desconocido,San Rafael,CA,97562,USA,Desconocido,Nelson,Valarie,Medium
10369,-1.4469423248454751,0.5236037579378946,5,-0.8554090890574665,2005-01-20,Shipped,1,1,2005,Vintage Cars,0.08174177048103876,S18_3136,Collectables For Less Inc.,6175558555,7825 Douglas Av.,Desconocido,Brickhaven,MA,58339,USA,Desconocido,Nelson,Allen,Small
10381,-0.009528928441320991,0.8101579745265014,5,0.39874853971560403,2005-02-17,Shipped,1,2,2005,Vintage Cars,0.08174177048103876,S18_3136,Corporate Gift Ideas Co.,6505551386,7734 Strong St.,Desconocido,San Francisco,CA,Desconocido,USA,Desconocido,Brown,Julie,Medium
10392,-0.6255632411859583,0.16169272314605576,2,-0.5610574388644746,2005-03-10,Shipped,1,3,2005,Vintage Cars,0.08174177048103876,S18_3136,Mini Auto Werke,7675-3555,Kirchgasse 6,Desconocido,Graz,Desconocido,8010,Austria,EMEA,Mendel,Roland,Small
10423,-1.4469423248454751,0.05758132957580027,2,-0.9626020487816606,2005-05-30,In Process,2,5,2005,Vintage Cars,0.08174177048103876,S18_3136,Petit Auto,(02) 5554 67,Rue Joseph-Bens 532,Desconocido,Bruxelles,Desconocido,B-1180,Belgium,EMEA,Dewey,Catherine,Small
10105,-1.3442699393880353,0.8101579745265014,11,-0.265456833213703,2003-02-11,Shipped,1,2,2003,Vintage Cars,0.8781421779632533,S18_3140,Danish Wholesale Imports,31 12 3555,Vinb'ltet 34,Desconocido,Kobenhavn,Desconocido,1734,Denmark,EMEA,Petersen,Jytte,Medium
10117,-0.9335803975582769,0.8101579745265014,5,-0.0013842075101793414,2003-04-16,Shipped,2,4,2003,Vintage Cars,0.8781421779632533,S18_3140,"Dragon Souveniers, Ltd.",+65 221 7555,"Bronz Sok., Bronz Apt. 3/6 Tesvikiye",Desconocido,Singapore,Desconocido,79903,Singapore,Japan,Natividad,Eric,Medium
10128,0.6065053843033164,0.8101579745265014,2,1.0806890801453781,2003-06-06,Shipped,2,6,2003,Vintage Cars,0.8781421779632533,S18_3140,Euro Shopping Channel,(91) 555 94 44,"C/ Moralzarzal, 86",Desconocido,Madrid,Desconocido,28034,Spain,EMEA,Freyre,Diego,Medium
10142,1.222539697047954,0.8101579745265014,8,1.3469392325383345,2003-08-08,Shipped,3,8,2003,Vintage Cars,0.8781421779632533,S18_3140,Mini Gifts Distributors Ltd.,4155551450,5677 Strong St.,Desconocido,San Rafael,CA,97562,USA,Desconocido,Nelson,Valarie,Medium
10153,-0.4202184702710794,0.8101579745265014,7,0.047612858122617445,2003-09-28,Shipped,3,9,2003,Vintage Cars,0.8781421779632533,S18_3140,Euro Shopping Channel,(91) 555 94 44,"C/ Moralzarzal, 86",Desconocido,Madrid,Desconocido,28034,Spain,EMEA,Freyre,Diego,Medium
10166,0.8118501552181958,0.8101579745265014,2,1.83371147684616,2003-10-21,Shipped,4,10,2003,Vintage Cars,0.8781421779632533,S18_3140,FunGiftIdeas.com,5085552555,1785 First Street,Desconocido,New Bedford,MA,50553,USA,Desconocido,Benitez,Violeta,Medium
10177,-1.2415975539305957,0.8101579745265014,9,0.06610825937999319,2003-11-07,Shipped,4,11,2003,Vintage Cars,0.8781421779632533,S18_3140,CAF Imports,+34 913 728 555,"Merchants House, 27-30 Merchant's Quay",Desconocido,Madrid,Desconocido,28023,Spain,EMEA,Fernandez,Jesus,Medium
10185,-0.728235626643398,0.8101579745265014,9,-0.06073674296030308,2003-11-14,Shipped,4,11,2003,Vintage Cars,0.8781421779632533,S18_3140,Mini Creations Ltd.,5085559555,4575 Hillside Dr.,Desconocido,New Bedford,MA,50553,USA,Desconocido,Tam,Wing C,Medium
10196,1.4278844679628335,0.8101579745265014,1,1.81365759638712,2003-11-26,Shipped,4,11,2003,Vintage Cars,0.8781421779632533,S18_3140,Super Scale Inc.,2035559545,567 North Pendale Street,Desconocido,New Haven,CT,97823,USA,Desconocido,Murphy,Leslie,Medium
10208,-1.1389251684731565,0.8101579745265014,9,-0.5057775842549356,2004-01-02,Shipped,1,1,2004,Vintage Cars,0.8781421779632533,S18_3140,"Saveley & Henriot, Co.",78.32.5555,"2, rue du Commerce",Desconocido,Lyon,Desconocido,69004,France,EMEA,Saveley,Mary,Small
10221,-0.21487369935619993,0.8101579745265014,3,0.468896394513838,2004-02-18,Shipped,1,2,2004,Vintage Cars,0.8781421779632533,S18_3140,Petit Auto,(02) 5554 67,Rue Joseph-Bens 532,Desconocido,Bruxelles,Desconocido,B-1180,Belgium,EMEA,Dewey,Catherine,Medium
10232,-1.3442699393880353,0.8101579745265014,6,0.02830835093824486,2004-03-20,Shipped,1,3,2004,Vintage Cars,0.8781421779632533,S18_3140,giftsbymail.co.uk,(198) 555-8888,Garden House Crowther Way,Desconocido,Cowes,Isle of Wight,PO31 7PJ,UK,EMEA,Bennett,Helen,Medium
10248,-0.31754608481363966,0.8101579745265014,12,0.13503430992605162,2004-05-07,Cancelled,2,5,2004,Vintage Cars,0.8781421779632533,S18_3140,Land of Toys Inc.,2125557818,897 Long Airport Avenue,Desconocido,NYC,NY,10022,USA,Desconocido,Yu,Kwai,Medium
10273,0.5038329988458771,0.8101579745265014,13,0.7996089392515717,2004-07-21,Shipped,3,7,2004,Vintage Cars,0.8781421779632533,S18_3140,Petit Auto,(02) 5554 67,Rue Joseph-Bens 532,Desconocido,Bruxelles,Desconocido,B-1180,Belgium,EMEA,Dewey,Catherine,Medium
10282,0.8118501552181958,0.8101579745265014,1,1.7059867754442972,2004-08-20,Shipped,3,8,2004,Vintage Cars,0.8781421779632533,S18_3140,Mini Gifts Distributors Ltd.,4155551450,5677 Strong St.,Desconocido,San Rafael,CA,97562,USA,Desconocido,Nelson,Valarie,Medium
10293,-1.1389251684731565,0.8101579745265014,4,-0.39891043899798817,2004-09-09,Shipped,3,9,2004,Vintage Cars,0.8781421779632533,S18_3140,Amica Models & Co.,011-4988555,Via Monte Bianco 34,Desconocido,Torino,Desconocido,10100,Italy,EMEA,Accorti,Paolo,Small
10306,-0.31754608481363966,0.8101579745265014,9,0.11140190056841802,2004-10-14,Shipped,4,10,2004,Vintage Cars,0.8781421779632533,S18_3140,"AV Stores, Co.",(171) 555-1555,Fauntleroy Circus,Desconocido,Manchester,Desconocido,EC2 5NT,UK,EMEA,Ashworth,Victoria,Medium
10314,-1.5496147103029148,0.8101579745265014,1,-0.44641418832257024,2004-10-22,Shipped,4,10,2004,Vintage Cars,0.8781421779632533,S18_3140,Heintze Collectables,86 21 3555,Smagsloget 45,Desconocido,Aaarhus,Desconocido,8200,Denmark,EMEA,Ibsen,Palle,Small
10325,-1.1389251684731565,-0.7207752794970586,9,-1.029035618653281,2004-11-05,Shipped,4,11,2004,Vintage Cars,0.8781421779632533,S18_3140,Baane Mini Imports,07-98 9555,Erling Skakkes gate 78,Desconocido,Stavern,Desconocido,4110,Norway,EMEA,Bergulfsen,Jonas,Small
10336,1.3252120825053932,0.8101579745265014,12,1.2078761876762834,2004-11-20,Shipped,4,11,2004,Vintage Cars,0.8781421779632533,S18_3140,"La Corne D'abondance, Co.",(1) 42.34.2555,"265, boulevard Charonne",Desconocido,Paris,Desconocido,75012,France,EMEA,Bertrand,Marie,Medium
10350,0.9145225406756355,0.8101579745265014,1,0.8890558709930574,2004-12-02,Shipped,4,12,2004,Vintage Cars,0.8781421779632533,S18_3140,Euro Shopping Channel,(91) 555 94 44,"C/ Moralzarzal, 86",Desconocido,Madrid,Desconocido,28034,Spain,EMEA,Freyre,Diego,Medium
10372,-0.728235626643398,0.8101579745265014,3,0.16778952436659597,2005-01-26,Shipped,1,1,2005,Vintage Cars,0.8781421779632533,S18_3140,"Tokyo Collectables, Ltd",+81 3 3584 0555,2-2-8 Roppongi,Desconocido,Minato-ku,Tokyo,106-0032,Japan,Japan,Shimamura,Akiko,Medium
10383,-1.1389251684731565,-1.0975593705132196,9,-1.1280832166963053,2005-02-22,Shipped,1,2,2005,Vintage Cars,0.8781421779632533,S18_3140,Euro Shopping Channel,(91) 555 94 44,"C/ Moralzarzal, 86",Desconocido,Madrid,Desconocido,28034,Spain,EMEA,Freyre,Diego,Small
10396,-0.21487369935619993,0.8101579745265014,2,0.9339150928918194,2005-03-23,Shipped,1,3,2005,Vintage Cars,0.8781421779632533,S18_3140,Mini Gifts Distributors Ltd.,4155551450,5677 Strong St.,Desconocido,San Rafael,CA,97562,USA,Desconocido,Nelson,Valarie,Medium
10414,0.6065053843033164,0.8101579745265014,12,0.7157823070700933,2005-05-06,On Hold,2,5,2005,Vintage Cars,0.8781421779632533,S18_3140,Gifts4AllAges.com,6175559555,8616 Spinnaker Dr.,Desconocido,Boston,MA,51003,USA,Desconocido,Yoshido,Juri,Medium
10104,-1.2415975539305957,0.8101579745265014,13,0.5447079908010454,2003-01-31,Shipped,1,1,2003,Classic Cars,1.6994300981792871,S18_3232,Euro Shopping Channel,(91) 555 94 44,"C/ Moralzarzal, 86",Desconocido,Madrid,Desconocido,28034,Spain,EMEA,Freyre,Diego,Medium
10109,1.119867311590515,0.8101579745265014,5,2.5539026357307075,2003-03-10,Shipped,1,3,2003,Classic Cars,1.6994300981792871,S18_3232,Motor Mint Distributors Inc.,2155559857,11328 Douglas Av.,Desconocido,Philadelphia,PA,71270,USA,Desconocido,Hernandez,Rosa,Large
10114,1.3252120825053932,0.8101579745265014,4,2.5280764089602785,2003-04-01,Shipped,2,4,2003,Classic Cars,1.6994300981792871,S18_3232,"La Corne D'abondance, Co.",(1) 42.34.2555,"265, boulevard Charonne",Desconocido,Paris,Desconocido,75012,France,EMEA,Bertrand,Marie,Large
10122,-1.0362527830157167,0.8101579745265014,3,0.024224809615418383,2003-05-08,Shipped,2,5,2003,Classic Cars,1.6994300981792871,S18_3232,Marseille Mini Autos,91.24.4555,"12, rue des Bouchers",Desconocido,Marseille,Desconocido,13008,France,EMEA,Lebihan,Laurence,Medium
10127,-1.3442699393880353,0.8101579745265014,15,0.1538663861329162,2003-06-03,Shipped,2,6,2003,Classic Cars,1.6994300981792871,S18_3232,Muscle Machine Inc,2125557413,4092 Furth Circle,Suite 400,NYC,NY,10022,USA,Desconocido,Young,Jeff,Medium
10136,0.6065053843033164,0.8101579745265014,3,2.594417664732846,2003-07-04,Shipped,3,7,2003,Classic Cars,1.6994300981792871,S18_3232,Alpha Cognac,61.77.6555,1 rue Alsace-Lorraine,Desconocido,Toulouse,Desconocido,31000,France,EMEA,Roulet,Annette,Large
10141,-0.11220131389876072,0.8101579745265014,9,0.6964886603679625,2003-08-01,Shipped,3,8,2003,Classic Cars,1.6994300981792871,S18_3232,Suominen Souveniers,+358 9 8045 555,"Software Engineering Center, SEC Oy",Desconocido,Espoo,Desconocido,FIN-02271,Finland,EMEA,Suominen,Kalle,Medium
10148,-0.31754608481363966,0.8101579745265014,14,1.012735042759939,2003-09-11,Shipped,3,9,2003,Classic Cars,1.6994300981792871,S18_3232,"Anna's Decorations, Ltd",02 9936 8555,201 Miller Street,Level 15,North Sydney,NSW,2060,Australia,APAC,O'Hara,Anna,Medium
10151,-1.4469423248454751,0.8101579745265014,7,0.09781000704310618,2003-09-21,Shipped,3,9,2003,Classic Cars,1.6994300981792871,S18_3232,"Oulu Toy Supplies, Inc.",981-443655,Torikatu 38,Desconocido,Oulu,Desconocido,90110,Finland,EMEA,Koskitalo,Pirkko,Medium
10160,-1.5496147103029148,0.8101579745265014,1,0.24029410381124824,2003-10-11,Shipped,4,10,2003,Classic Cars,1.6994300981792871,S18_3232,"Men 'R' US Retailers, Ltd.",2155554369,6047 Douglas Av.,Desconocido,Los Angeles,CA,Desconocido,USA,Desconocido,Chandler,Michael,Medium
10165,1.222539697047954,0.8101579745265014,16,2.8241603060708,2003-10-22,Shipped,4,10,2003,Classic Cars,1.6994300981792871,S18_3232,"Dragon Souveniers, Ltd.",+65 221 7555,"Bronz Sok., Bronz Apt. 3/6 Tesvikiye",Desconocido,Singapore,Desconocido,79903,Singapore,Japan,Natividad,Eric,Large
10171,0.4011606133884374,0.8101579745265014,3,1.0467120614526582,2003-11-05,Shipped,4,11,2003,Classic Cars,1.6994300981792871,S18_3232,Quebec Home Shopping Network,(514) 555-8054,43 rue St. Laurent,Desconocido,Montreal,Quebec,H1J 1C3,Canada,Desconocido,Fresnisre,Jean,Medium
10175,-0.6255632411859583,0.8101579745265014,5,0.47025938503515413,2003-11-06,Shipped,4,11,2003,Classic Cars,1.6994300981792871,S18_3232,"Stylish Desk Decors, Co.",(171) 555-0297,35 King George,Desconocido,London,Desconocido,WX3 6FW,UK,EMEA,Brown,Ann,Medium
10181,1.0171949261330746,0.8101579745265014,7,1.5046442951680226,2003-11-12,Shipped,4,11,2003,Classic Cars,1.6994300981792871,S18_3232,Herkku Gifts,+47 2267 3215,"Drammen 121, PR 744 Sentrum",Desconocido,Bergen,Desconocido,N 5804,Norway,EMEA,Oeztan,Veysel,Medium
10184,-0.728235626643398,0.8101579745265014,10,0.46473682981532083,2003-11-14,Shipped,4,11,2003,Classic Cars,1.6994300981792871,S18_3232,"Iberia Gift Imports, Corp.",(95) 555 82 82,"C/ Romero, 33",Desconocido,Sevilla,Desconocido,41101,Spain,EMEA,Roel,Jose Pedro,Medium
10192,-0.9335803975582769,0.8101579745265014,12,0.1979708045158901,2003-11-20,Shipped,4,11,2003,Classic Cars,1.6994300981792871,S18_3232,Online Diecast Creations Co.,6035558647,2304 Long Airport Avenue,Desconocido,Nashua,NH,62005,USA,Desconocido,Young,Valarie,Medium
10195,1.5305568534202727,0.8101579745265014,10,2.2082677883930706,2003-11-25,Shipped,4,11,2003,Classic Cars,1.6994300981792871,S18_3232,Mini Classics,9145554562,3758 North Pendale Street,Desconocido,White Plains,NY,24067,USA,Desconocido,Frick,Steve,Large
10203,1.3252120825053932,0.8101579745265014,1,2.572387176505843,2003-12-02,Shipped,4,12,2003,Classic Cars,1.6994300981792871,S18_3232,Euro Shopping Channel,(91) 555 94 44,"C/ Moralzarzal, 86",Desconocido,Madrid,Desconocido,28034,Spain,EMEA,Freyre,Diego,Large
10207,-1.0362527830157167,0.8101579745265014,11,0.20817422758183557,2003-12-09,Shipped,4,12,2003,Classic Cars,1.6994300981792871,S18_3232,Diecast Collectables,6175552555,6251 Ingle Ln.,Desconocido,Boston,MA,51003,USA,Desconocido,Franco,Valarie,Medium
10212,0.5038329988458771,0.8101579745265014,11,1.0863256704287474,2004-01-16,Shipped,1,1,2004,Classic Cars,1.6994300981792871,S18_3232,Euro Shopping Channel,(91) 555 94 44,"C/ Moralzarzal, 86",Desconocido,Madrid,Desconocido,28034,Spain,EMEA,Freyre,Diego,Medium
10225,0.8118501552181958,0.8101579745265014,2,1.5497750291228236,2004-02-22,Shipped,1,2,2004,Classic Cars,1.6994300981792871,S18_3232,"Vida Sport, Ltd",0897-034555,Grenzacherweg 237,Desconocido,Gensve,Desconocido,1203,Switzerland,EMEA,Holz,Michael,Medium
10229,-1.3442699393880353,0.8101579745265014,5,0.3359315104304232,2004-03-11,Shipped,1,3,2004,Classic Cars,1.6994300981792871,S18_3232,Mini Gifts Distributors Ltd.,4155551450,5677 Strong St.,Desconocido,San Rafael,CA,97562,USA,Desconocido,Nelson,Valarie,Medium
10239,1.222539697047954,0.8101579745265014,1,1.9165932470726228,2004-04-12,Shipped,2,4,2004,Classic Cars,1.6994300981792871,S18_3232,"Oulu Toy Supplies, Inc.",981-443655,Torikatu 38,Desconocido,Oulu,Desconocido,90110,Finland,EMEA,Koskitalo,Pirkko,Large
10246,0.09314345701611873,0.8101579745265014,9,1.9433697660391882,2004-05-05,Shipped,2,5,2004,Classic Cars,1.6994300981792871,S18_3232,Euro Shopping Channel,(91) 555 94 44,"C/ Moralzarzal, 86",Desconocido,Madrid,Desconocido,28034,Spain,EMEA,Freyre,Diego,Large
10253,0.5038329988458771,0.8101579745265014,6,1.748380667874226,2004-06-01,Cancelled,2,6,2004,Classic Cars,1.6994300981792871,S18_3232,"UK Collectables, Ltd.",(171) 555-2282,Berkeley Gardens 12  Brewery,Desconocido,Liverpool,Desconocido,WX1 6LT,UK,EMEA,Devon,Elizabeth,Medium
10259,-0.8309080121008378,0.8101579745265014,8,0.05636640680931429,2004-06-15,Shipped,2,6,2004,Classic Cars,1.6994300981792871,S18_3232,Handji Gifts& Co,+65 224 1555,Village Close - 106 Linden Road Sandown,2nd Floor,Singapore,Desconocido,69045,Singapore,APAC,Victorino,Wendy,Medium
10266,-0.6255632411859583,0.8101579745265014,7,0.683483232883695,2004-07-06,Shipped,3,7,2004,Classic Cars,1.6994300981792871,S18_3232,L'ordine Souveniers,0522-556555,Strada Provinciale 124,Desconocido,Reggio Emilia,Desconocido,42100,Italy,EMEA,Moroni,Maurizio,Medium
10271,-1.5496147103029148,0.8101579745265014,9,0.20347706901236104,2004-07-20,Shipped,3,7,2004,Classic Cars,1.6994300981792871,S18_3232,Mini Gifts Distributors Ltd.,4155551450,5677 Strong St.,Desconocido,San Rafael,CA,97562,USA,Desconocido,Nelson,Valarie,Medium
10278,0.7091777697607561,0.8101579745265014,7,1.5461693490186261,2004-08-06,Shipped,3,8,2004,Classic Cars,1.6994300981792871,S18_3232,Signal Gift Stores,7025551838,8489 Strong St.,Desconocido,Las Vegas,NV,83030,USA,Desconocido,King,Sue,Medium
10281,-1.0362527830157167,0.8101579745265014,5,0.34610235204964357,2004-08-19,Shipped,3,8,2004,Classic Cars,1.6994300981792871,S18_3232,Diecast Classics Inc.,2155551555,7586 Pompton St.,Desconocido,Allentown,PA,70267,USA,Desconocido,Yu,Kyung,Medium
10287,0.09314345701611873,0.8101579745265014,5,1.2482120187214363,2004-08-30,Shipped,3,8,2004,Classic Cars,1.6994300981792871,S18_3232,"Vida Sport, Ltd",0897-034555,Grenzacherweg 237,Desconocido,Gensve,Desconocido,1203,Switzerland,EMEA,Holz,Michael,Medium
10292,-1.4469423248454751,0.8101579745265014,12,-0.3850144519699128,2004-09-08,Shipped,3,9,2004,Classic Cars,1.6994300981792871,S18_3232,Land of Toys Inc.,2125557818,897 Long Airport Avenue,Desconocido,NYC,NY,10022,USA,Desconocido,Yu,Kwai,Small
10301,-1.2415975539305957,0.8101579745265014,9,0.2485806517615584,2003-10-05,Shipped,4,10,2003,Classic Cars,1.6994300981792871,S18_3232,"Norway Gifts By Mail, Co.",+47 2212 1555,"Drammensveien 126 A, PB 744 Sentrum",Desconocido,Oslo,Desconocido,N 0106,Norway,EMEA,Klaeboe,Jan,Medium
10305,0.19581584247355846,0.8101579745265014,9,2.118869728821672,2004-10-13,Shipped,4,10,2004,Classic Cars,1.6994300981792871,S18_3232,Marta's Replicas Co.,6175558555,39323 Spinnaker Dr.,Desconocido,Cambridge,MA,51247,USA,Desconocido,Hernandez,Marta,Large
10310,1.3252120825053932,0.8101579745265014,3,2.925309407427565,2004-10-16,Shipped,4,10,2004,Classic Cars,1.6994300981792871,S18_3232,"Toms Spezialitten, Ltd",0221-5554327,Mehrheimerstr. 369,Desconocido,Koln,Desconocido,50739,Germany,EMEA,Pfalzheim,Henriette,Large
10313,-1.0362527830157167,0.8101579745265014,3,0.5529945387513556,2004-10-22,Shipped,4,10,2004,Classic Cars,1.6994300981792871,S18_3232,Canadian Gift Exchange Network,(604) 555-3392,1900 Oak St.,Desconocido,Vancouver,BC,V3F 2K1,Canada,Desconocido,Tannamuri,Yoshi,Medium
10321,-0.21487369935619993,0.8101579745265014,11,1.165438853317389,2004-11-04,Shipped,4,11,2004,Classic Cars,1.6994300981792871,S18_3232,FunGiftIdeas.com,5085552555,1785 First Street,Desconocido,New Bedford,MA,50553,USA,Desconocido,Benitez,Violeta,Medium
10324,-0.8309080121008378,0.8101579745265014,12,-0.2163403022762494,2004-11-05,Shipped,4,11,2004,Classic Cars,1.6994300981792871,S18_3232,Vitachrome Inc.,2125551500,2678 Kingston Rd.,Suite 101,NYC,NY,10022,USA,Desconocido,Frick,Michael,Medium
10331,-0.8309080121008378,0.8101579745265014,11,0.3349377763053198,2004-11-17,Shipped,4,11,2004,Classic Cars,1.6994300981792871,S18_3232,Motor Mint Distributors Inc.,2155559857,11328 Douglas Av.,Desconocido,Philadelphia,PA,71270,USA,Desconocido,Hernandez,Rosa,Medium
10334,-1.5496147103029148,0.8101579745265014,3,-0.3665896438471066,2004-11-19,On Hold,4,11,2004,Classic Cars,1.6994300981792871,S18_3232,"Volvo Model Replicas, Co",0921-12 3555,Berguvsvgen  8,Desconocido,Lule,Desconocido,S-958 22,Sweden,EMEA,Berglund,Christina,Small
10342,-0.5228908557285186,0.8101579745265014,4,0.8012923139990135,2004-11-24,Shipped,4,11,2004,Classic Cars,1.6994300981792871,S18_3232,"Australian Collectors, Co.",03 9520 4555,636 St Kilda Road,Level 3,Melbourne,Victoria,3004,Australia,APAC,Ferguson,Peter,Medium
10349,1.3252120825053932,0.8101579745265014,6,2.0867932945212253,2004-12-01,Shipped,4,12,2004,Classic Cars,1.6994300981792871,S18_3232,Muscle Machine Inc,2125557413,4092 Furth Circle,Suite 400,NYC,NY,10022,USA,Desconocido,Young,Jeff,Large
10358,-0.31754608481363966,0.4874126544587102,12,-0.30529308207574407,2004-12-10,Shipped,4,12,2004,Classic Cars,1.6994300981792871,S18_3232,Euro Shopping Channel,(91) 555 94 44,"C/ Moralzarzal, 86",Desconocido,Madrid,Desconocido,28034,Spain,EMEA,Freyre,Diego,Small
10366,-0.11220131389876072,0.8101579745265014,1,1.478019822952839,2005-01-10,Shipped,1,1,2005,Classic Cars,1.6994300981792871,S18_3232,Royale Belge,(071) 23 67 2555,"Boulevard Tirou, 255",Desconocido,Charleroi,Desconocido,B-6000,Belgium,EMEA,Cartrain,Pascale,Medium
10370,-0.8309080121008378,-1.3290832790718348,9,-1.0963325968631055,2005-01-20,Shipped,1,1,2005,Classic Cars,1.6994300981792871,S18_3232,"Anna's Decorations, Ltd",02 9936 8555,201 Miller Street,Level 15,North Sydney,NSW,2060,Australia,APAC,O'Hara,Anna,Small
10377,0.4011606133884374,0.8101579745265014,3,2.0149674952166703,2005-02-09,Shipped,1,2,2005,Classic Cars,1.6994300981792871,S18_3232,"Toys of Finland, Co.",90-224 8555,Keskuskatu 45,Desconocido,Helsinki,Desconocido,21240,Finland,EMEA,Karttunen,Matti,Large
10383,1.222539697047954,0.8101579745265014,6,1.8002123193720694,2005-02-22,Shipped,1,2,2005,Classic Cars,1.6994300981792871,S18_3232,Euro Shopping Channel,(91) 555 94 44,"C/ Moralzarzal, 86",Desconocido,Madrid,Desconocido,28034,Spain,EMEA,Freyre,Diego,Medium
10394,-1.3442699393880353,0.8101579745265014,5,-0.10907674941748512,2005-03-15,Shipped,1,3,2005,Classic Cars,1.6994300981792871,S18_3232,Euro Shopping Channel,(91) 555 94 44,"C/ Moralzarzal, 86",Desconocido,Madrid,Desconocido,28034,Spain,EMEA,Freyre,Diego,Medium
10405,2.043918780707471,0.8101579745265014,1,2.5713065585228065,2005-04-14,Shipped,2,4,2005,Classic Cars,1.6994300981792871,S18_3232,Mini Caravy,88.60.1555,"24, place Kluber",Desconocido,Strasbourg,Desconocido,67000,France,EMEA,Citeaux,Frederique,Large
10412,2.557280707994669,0.8101579745265014,9,4.525514581863451,2005-05-03,Shipped,2,5,2005,Classic Cars,1.6994300981792871,S18_3232,Euro Shopping Channel,(91) 555 94 44,"C/ Moralzarzal, 86",Desconocido,Madrid,Desconocido,28034,Spain,EMEA,Freyre,Diego,Large
10419,-0.009528928441320991,0.8101579745265014,6,1.2886021521777964,2005-05-17,Shipped,2,5,2005,Classic Cars,1.6994300981792871,S18_3232,Salzburg Collectables,6562-9555,Geislweg 14,Desconocido,Salzburg,Desconocido,5020,Austria,EMEA,Pipps,Georg,Medium
10425,-0.728235626643398,0.8101579745265014,8,0.12992988327251884,2005-05-31,In Process,2,5,2005,Classic Cars,1.6994300981792871,S18_3232,La Rochelle Gifts,40.67.8555,"67, rue des Cinquante Otages",Desconocido,Nantes,Desconocido,44000,France,EMEA,Labrune,Janine,Medium
10105,0.29848822793099766,0.8101579745265014,13,0.42150125001167177,2003-02-11,Shipped,1,2,2003,Trains,-0.01780828045423832,S18_3259,Danish Wholesale Imports,31 12 3555,Vinb'ltet 34,Desconocido,Kobenhavn,Desconocido,1734,Denmark,EMEA,Petersen,Jytte,Medium
10117,-1.4469423248454751,0.6019351873859913,7,-0.837391549018719,2003-04-16,Shipped,2,4,2003,Trains,-0.01780828045423832,S18_3259,"Dragon Souveniers, Ltd.",+65 221 7555,"Bronz Sok., Bronz Apt. 3/6 Tesvikiye",Desconocido,Singapore,Desconocido,79903,Singapore,Japan,Natividad,Eric,Small
10128,0.6065053843033164,0.8101579745265014,4,0.6968579167641761,2003-06-06,Shipped,2,6,2003,Trains,-0.01780828045423832,S18_3259,Euro Shopping Channel,(91) 555 94 44,"C/ Moralzarzal, 86",Desconocido,Madrid,Desconocido,28034,Spain,EMEA,Freyre,Diego,Medium
10142,-1.3442699393880353,0.7015846640889499,10,-0.7613573128455595,2003-08-08,Shipped,3,8,2003,Trains,-0.01780828045423832,S18_3259,Mini Gifts Distributors Ltd.,4155551450,5677 Strong St.,Desconocido,San Rafael,CA,97562,USA,Desconocido,Nelson,Valarie,Small
10153,-0.6255632411859583,0.25192259757361,9,-0.5323966262289984,2003-09-28,Shipped,3,9,2003,Trains,-0.01780828045423832,S18_3259,Euro Shopping Channel,(91) 555 94 44,"C/ Moralzarzal, 86",Desconocido,Madrid,Desconocido,28034,Spain,EMEA,Freyre,Diego,Small
10165,1.5305568534202727,0.8101579745265014,1,0.9723449093035785,2003-10-22,Shipped,4,10,2003,Trains,-0.01780828045423832,S18_3259,"Dragon Souveniers, Ltd.",+65 221 7555,"Bronz Sok., Bronz Apt. 3/6 Tesvikiye",Desconocido,Singapore,Desconocido,79903,Singapore,Japan,Natividad,Eric,Medium
10177,-0.6255632411859583,0.8101579745265014,11,-0.26248106107951563,2003-11-07,Shipped,4,11,2003,Trains,-0.01780828045423832,S18_3259,CAF Imports,+34 913 728 555,"Merchants House, 27-30 Merchant's Quay",Desconocido,Madrid,Desconocido,28023,Spain,EMEA,Fernandez,Jesus,Medium
10185,1.4278844679628335,-0.14816261486065607,11,0.21663454324801046,2003-11-14,Shipped,4,11,2003,Trains,-0.01780828045423832,S18_3259,Mini Creations Ltd.,5085559555,4575 Hillside Dr.,Desconocido,New Bedford,MA,50553,USA,Desconocido,Tam,Wing C,Medium
10196,-0.009528928441320991,0.8101579745265014,3,0.005897745832786443,2003-11-26,Shipped,4,11,2003,Trains,-0.01780828045423832,S18_3259,Super Scale Inc.,2035559545,567 North Pendale Street,Desconocido,New Haven,CT,97823,USA,Desconocido,Murphy,Leslie,Medium
10208,1.3252120825053932,0.8101579745265014,11,1.118994001011359,2004-01-02,Shipped,1,1,2004,Trains,-0.01780828045423832,S18_3259,"Saveley & Henriot, Co.",78.32.5555,"2, rue du Commerce",Desconocido,Lyon,Desconocido,69004,France,EMEA,Saveley,Mary,Medium
10221,-1.2415975539305957,-0.14816261486065607,5,-0.9223150899065947,2004-02-18,Shipped,1,2,2004,Trains,-0.01780828045423832,S18_3259,Petit Auto,(02) 5554 67,Rue Joseph-Bens 532,Desconocido,Bruxelles,Desconocido,B-1180,Belgium,EMEA,Dewey,Catherine,Small
10232,1.3252120825053932,0.6019351873859913,8,0.5671946192821946,2004-03-20,Shipped,1,3,2004,Trains,-0.01780828045423832,S18_3259,giftsbymail.co.uk,(198) 555-8888,Garden House Crowther Way,Desconocido,Cowes,Isle of Wight,PO31 7PJ,UK,EMEA,Bennett,Helen,Medium
10248,0.7091777697607561,0.8101579745265014,14,0.8300291500101807,2004-05-07,Cancelled,2,5,2004,Trains,-0.01780828045423832,S18_3259,Land of Toys Inc.,2125557818,897 Long Airport Avenue,Desconocido,NYC,NY,10022,USA,Desconocido,Yu,Kwai,Medium
10273,1.222539697047954,0.8101579745265014,15,1.0299543373539322,2004-07-21,Shipped,3,7,2004,Trains,-0.01780828045423832,S18_3259,Petit Auto,(02) 5554 67,Rue Joseph-Bens 532,Desconocido,Bruxelles,Desconocido,B-1180,Belgium,EMEA,Dewey,Catherine,Medium
10282,0.09314345701611873,0.8101579745265014,3,0.33723476829941,2004-08-20,Shipped,3,8,2004,Trains,-0.01780828045423832,S18_3259,Mini Gifts Distributors Ltd.,4155551450,5677 Strong St.,Desconocido,San Rafael,CA,97562,USA,Desconocido,Nelson,Valarie,Medium
10293,-1.3442699393880353,0.8101579745265014,6,-0.6166848289057433,2004-09-09,Shipped,3,9,2004,Trains,-0.01780828045423832,S18_3259,Amica Models & Co.,011-4988555,Via Monte Bianco 34,Desconocido,Torino,Desconocido,10100,Italy,EMEA,Accorti,Paolo,Small
10306,0.5038329988458771,0.40164469689845356,11,0.06326824327382556,2004-10-14,Shipped,4,10,2004,Trains,-0.01780828045423832,S18_3259,"AV Stores, Co.",(171) 555-1555,Fauntleroy Circus,Desconocido,Manchester,Desconocido,EC2 5NT,UK,EMEA,Ashworth,Victoria,Medium
10314,-1.2415975539305957,0.8101579745265014,3,-0.5822245187532743,2004-10-22,Shipped,4,10,2004,Trains,-0.01780828045423832,S18_3259,Heintze Collectables,86 21 3555,Smagsloget 45,Desconocido,Aaarhus,Desconocido,8200,Denmark,EMEA,Ibsen,Palle,Small
10326,-0.31754608481363966,0.8101579745265014,6,0.13781459337989085,2004-11-09,Shipped,4,11,2004,Trains,-0.01780828045423832,S18_3259,"Volvo Model Replicas, Co",0921-12 3555,Berguvsvgen  8,Desconocido,Lule,Desconocido,S-958 22,Sweden,EMEA,Berglund,Christina,Medium
10336,-1.4469423248454751,0.8101579745265014,7,-0.7186810478773509,2004-11-20,Shipped,4,11,2004,Trains,-0.01780828045423832,S18_3259,"La Corne D'abondance, Co.",(1) 42.34.2555,"265, boulevard Charonne",Desconocido,Paris,Desconocido,75012,France,EMEA,Bertrand,Marie,Small
10350,0.6065053843033164,0.4651030701222279,2,0.14159404119995395,2004-12-02,Shipped,4,12,2004,Trains,-0.01780828045423832,S18_3259,Euro Shopping Channel,(91) 555 94 44,"C/ Moralzarzal, 86",Desconocido,Madrid,Desconocido,28034,Spain,EMEA,Freyre,Diego,Medium
10372,-1.0362527830157167,0.05212787562688243,5,-0.7798581443440564,2005-01-26,Shipped,1,1,2005,Trains,-0.01780828045423832,S18_3259,"Tokyo Collectables, Ltd",+81 3 3584 0555,2-2-8 Roppongi,Desconocido,Minato-ku,Tokyo,106-0032,Japan,Japan,Shimamura,Akiko,Small
10383,-0.9335803975582769,0.8101579745265014,12,-0.11588627178294313,2005-02-22,Shipped,1,2,2005,Trains,-0.01780828045423832,S18_3259,Euro Shopping Channel,(91) 555 94 44,"C/ Moralzarzal, 86",Desconocido,Madrid,Desconocido,28034,Spain,EMEA,Freyre,Diego,Medium
10396,-1.1389251684731565,0.30199522019549485,4,-0.7601735202812295,2005-03-23,Shipped,1,3,2005,Trains,-0.01780828045423832,S18_3259,Mini Gifts Distributors Ltd.,4155551450,5677 Strong St.,Desconocido,San Rafael,CA,97562,USA,Desconocido,Nelson,Valarie,Small
10414,1.3252120825053932,0.8101579745265014,14,1.2242972368255214,2005-05-06,On Hold,2,5,2005,Trains,-0.01780828045423832,S18_3259,Gifts4AllAges.com,6175559555,8616 Spinnaker Dr.,Desconocido,Boston,MA,51003,USA,Desconocido,Yoshido,Juri,Medium
10108,-0.9335803975582769,-0.7589494571394858,9,-0.9648393081234217,2003-03-03,Shipped,1,3,2003,Classic Cars,-0.5155585351306222,S18_3278,Cruz & Sons Co.,+63 2 555 3587,15 McCallum Street - NatWest Center #13-03,Desconocido,Makati City,Desconocido,1227 MM,Philippines,Japan,Cruz,Arnold,Small
10122,-1.4469423248454751,-0.5199890204687094,13,-1.0954528978015392,2003-05-08,Shipped,2,5,2003,Classic Cars,-0.5155585351306222,S18_3278,Marseille Mini Autos,91.24.4555,"12, rue des Bouchers",Desconocido,Marseille,Desconocido,13008,France,EMEA,Lebihan,Laurence,Small
10135,1.0171949261330746,-0.28053281525712265,10,-0.02383282430348333,2003-07-02,Shipped,3,7,2003,Classic Cars,-0.5155585351306222,S18_3278,Mini Gifts Distributors Ltd.,4155551450,5677 Strong St.,Desconocido,San Rafael,CA,97562,USA,Desconocido,Nelson,Valarie,Medium
10147,0.09314345701611873,0.11806509155471065,10,-0.24786285198237634,2003-09-05,Shipped,3,9,2003,Classic Cars,-0.5155585351306222,S18_3278,Collectables For Less Inc.,6175558555,7825 Douglas Av.,Desconocido,Brickhaven,MA,58339,USA,Desconocido,Nelson,Allen,Medium
10159,-1.4469423248454751,-0.1213911136568762,5,-1.0037687067182923,2003-10-10,Shipped,4,10,2003,Classic Cars,-0.5155585351306222,S18_3278,Corporate Gift Ideas Co.,6505551386,7734 Strong St.,Desconocido,San Francisco,CA,Desconocido,USA,Desconocido,Brown,Julie,Small
10169,-0.31754608481363966,-0.6394692388040975,5,-0.7002671002367863,2003-11-04,Shipped,4,11,2003,Classic Cars,-0.5155585351306222,S18_3278,"Anna's Decorations, Ltd",02 9936 8555,201 Miller Street,Level 15,North Sydney,NSW,2060,Australia,APAC,O'Hara,Anna,Small
10181,-0.5228908557285186,-0.04157237858634752,17,-0.5806497488282482,2003-11-12,Shipped,4,11,2003,Classic Cars,-0.5155585351306222,S18_3278,Herkku Gifts,+47 2267 3215,"Drammen 121, PR 744 Sentrum",Desconocido,Bergen,Desconocido,N 5804,Norway,EMEA,Oeztan,Veysel,Small
10191,0.09314345701611873,0.5563244816314032,6,-0.07505085855467879,2003-11-20,Shipped,4,11,2003,Classic Cars,-0.5155585351306222,S18_3278,"Toms Spezialitten, Ltd",0221-5554327,Mehrheimerstr. 369,Desconocido,Koln,Desconocido,50739,Germany,EMEA,Pfalzheim,Henriette,Medium
10203,-0.21487369935619993,0.11806509155471065,11,-0.38802823579194534,2003-12-02,Shipped,4,12,2003,Classic Cars,-0.5155585351306222,S18_3278,Euro Shopping Channel,(91) 555 94 44,"C/ Moralzarzal, 86",Desconocido,Madrid,Desconocido,28034,Spain,EMEA,Freyre,Diego,Small
10211,-0.009528928441320991,-0.28053281525712265,5,-0.4473916317243107,2004-01-15,Shipped,1,1,2004,Classic Cars,-0.5155585351306222,S18_3278,Auto Canal Petit,(1) 47.55.6555,"25, rue Lauriston",Desconocido,Paris,Desconocido,75016,France,EMEA,Perrier,Dominique,Small
10225,0.19581584247355846,0.5964817334370734,12,-0.007254298161742066,2004-02-22,Shipped,1,2,2004,Classic Cars,-0.5155585351306222,S18_3278,"Vida Sport, Ltd",0897-034555,Grenzacherweg 237,Desconocido,Gensve,Desconocido,1203,Switzerland,EMEA,Holz,Michael,Medium
10238,0.6065053843033164,-0.5199890204687094,6,-0.3007914121866175,2004-04-09,Shipped,2,4,2004,Classic Cars,-0.5155585351306222,S18_3278,Danish Wholesale Imports,31 12 3555,Vinb'ltet 34,Desconocido,Kobenhavn,Desconocido,1734,Denmark,EMEA,Petersen,Jytte,Small
10252,-1.5496147103029148,-0.36035155032765215,2,-1.1002152192644632,2004-05-26,Shipped,2,5,2004,Classic Cars,-0.5155585351306222,S18_3278,Auto Canal Petit,(1) 47.55.6555,"25, rue Lauriston",Desconocido,Paris,Desconocido,75016,France,EMEA,Perrier,Dominique,Small
10265,1.0171949261330746,0.15772657481956992,2,0.19218216748113903,2004-07-02,Shipped,3,7,2004,Classic Cars,-0.5155585351306222,S18_3278,"Australian Collectables, Ltd",61-9-3844-6555,7 Allen Street,Desconocido,Glen Waverly,Victoria,3150,Australia,APAC,Connery,Sean,Medium
10276,0.29848822793099766,-0.6791307220689571,6,-0.4862287162201281,2004-08-02,Shipped,3,8,2004,Classic Cars,-0.5155585351306222,S18_3278,Online Mini Collectables,6175557555,7635 Spinnaker Dr.,Desconocido,Brickhaven,MA,58339,USA,Desconocido,Barajas,Miguel,Small
10287,0.8118501552181958,-0.6394692388040975,15,-0.27759885235976683,2004-08-30,Shipped,3,8,2004,Classic Cars,-0.5155585351306222,S18_3278,"Vida Sport, Ltd",0897-034555,Grenzacherweg 237,Desconocido,Gensve,Desconocido,1203,Switzerland,EMEA,Holz,Michael,Medium
10300,1.4278844679628335,-0.24087133199226415,8,0.16687724385830466,2003-10-04,Shipped,4,10,2003,Classic Cars,-0.5155585351306222,S18_3278,"Blauer See Auto, Co.",+49 69 66 90 2555,Lyonerstr. 34,Desconocido,Frankfurt,Desconocido,60528,Germany,EMEA,Keitel,Roland,Medium
10310,-0.8309080121008378,-0.16105259692173549,13,-0.7509040986880584,2004-10-16,Shipped,4,10,2004,Classic Cars,-0.5155585351306222,S18_3278,"Toms Spezialitten, Ltd",0221-5554327,Mehrheimerstr. 369,Desconocido,Koln,Desconocido,50739,Germany,EMEA,Pfalzheim,Henriette,Small
10319,1.119867311590515,-0.4798317686630393,1,-0.08189296236686124,2004-11-03,Shipped,4,11,2004,Classic Cars,-0.5155585351306222,S18_3278,Microscale Inc.,2125551957,5290 North Pendale Street,Suite 200,NYC,NY,10022,USA,Desconocido,Kuo,Kee,Medium
10329,0.29848822793099766,-1.2175353573894185,10,-0.7103239067924706,2004-11-15,Shipped,4,11,2004,Classic Cars,-0.5155585351306222,S18_3278,Land of Toys Inc.,2125557818,897 Long Airport Avenue,Desconocido,NYC,NY,10022,USA,Desconocido,Yu,Kwai,Small
10342,-1.0362527830157167,-0.8387681922100149,5,-1.0238117266950908,2004-11-24,Shipped,4,11,2004,Classic Cars,-0.5155585351306222,S18_3278,"Australian Collectors, Co.",03 9520 4555,636 St Kilda Road,Level 3,Melbourne,Victoria,3004,Australia,APAC,Ferguson,Peter,Small
10363,1.119867311590515,-1.15804313249213,10,-0.423607175615295,2005-01-06,Shipped,1,1,2005,Classic Cars,-0.5155585351306222,S18_3278,Suominen Souveniers,+358 9 8045 555,"Software Engineering Center, SEC Oy",Desconocido,Espoo,Desconocido,FIN-02271,Finland,EMEA,Suominen,Kalle,Small
10378,-1.3442699393880353,0.8101579745265014,4,-0.5918360455370546,2005-02-10,Shipped,1,2,2005,Classic Cars,-0.5155585351306222,S18_3278,Euro Shopping Channel,(91) 555 94 44,"C/ Moralzarzal, 86",Desconocido,Madrid,Desconocido,28034,Spain,EMEA,Freyre,Diego,Small
10390,0.5038329988458771,0.8101579745265014,9,1.05222375619025,2005-03-04,Shipped,1,3,2005,Classic Cars,-0.5155585351306222,S18_3278,Mini Gifts Distributors Ltd.,4155551450,5677 Strong St.,Desconocido,San Rafael,CA,97562,USA,Desconocido,Nelson,Valarie,Medium
10103,1.119867311590515,0.8101579745265014,16,0.6722263430403181,2003-01-29,Shipped,1,1,2003,Vintage Cars,-0.04269579318805746,S18_3320,Baane Mini Imports,07-98 9555,Erling Skakkes gate 78,Desconocido,Stavern,Desconocido,4110,Norway,EMEA,Bergulfsen,Jonas,Medium
10111,0.4011606133884374,0.8101579745265014,4,0.3393688530598765,2003-03-25,Shipped,1,3,2003,Vintage Cars,-0.04269579318805746,S18_3320,Mini Wheels Co.,6505555787,5557 North Pendale Street,Desconocido,San Francisco,CA,Desconocido,USA,Desconocido,Murphy,Julie,Medium
10126,0.29848822793099766,-0.06536926854526261,16,-0.2307684529341612,2003-05-28,Shipped,2,5,2003,Vintage Cars,-0.04269579318805746,S18_3320,"Corrida Auto Replicas, Ltd",(91) 555 22 82,"C/ Araquil, 67",Desconocido,Madrid,Desconocido,28023,Spain,EMEA,Sommer,Mart¡n,Medium
10139,-0.5228908557285186,0.8101579745265014,5,-0.24897062117101543,2003-07-16,Shipped,3,7,2003,Vintage Cars,-0.04269579318805746,S18_3320,Souveniers And Things Co.,+61 2 9495 8555,"Monitor Money Building, 815 Pacific Hwy",Level 6,Chatswood,NSW,2067,Australia,APAC,Huxley,Adrian,Medium
10149,0.7091777697607561,0.5250910635603265,2,0.21971348996349255,2003-09-12,Shipped,3,9,2003,Vintage Cars,-0.04269579318805746,S18_3320,Signal Collectibles Ltd.,4155554312,2793 Furth Circle,Desconocido,Brisbane,CA,94217,USA,Desconocido,Taylor,Sue,Medium
10163,0.8118501552181958,0.8101579745265014,6,0.7806248162933253,2003-10-20,Shipped,4,10,2003,Vintage Cars,-0.04269579318805746,S18_3320,Classic Legends Inc.,2125558493,5905 Pompton St.,Suite 750,NYC,NY,10022,USA,Desconocido,Hernandez,Maria,Medium
10173,-0.6255632411859583,0.5741721491005896,4,-0.4300365811022983,2003-11-05,Shipped,4,11,2003,Vintage Cars,-0.04269579318805746,S18_3320,Rovelli Gifts,035-640555,Via Ludovico il Moro 22,Desconocido,Bergamo,Desconocido,24100,Italy,EMEA,Rovelli,Giovanni,Small
10182,-0.21487369935619993,0.131450842156601,1,-0.3831898909533308,2003-11-12,Shipped,4,11,2003,Vintage Cars,-0.04269579318805746,S18_3320,Mini Gifts Distributors Ltd.,4155551450,5677 Strong St.,Desconocido,San Rafael,CA,97562,USA,Desconocido,Nelson,Valarie,Small
10193,-0.31754608481363966,-0.2126125251660515,5,-0.5506530968770602,2003-11-21,Shipped,4,11,2003,Vintage Cars,-0.04269579318805746,S18_3320,"Australian Collectables, Ltd",61-9-3844-6555,7 Allen Street,Desconocido,Glen Waverly,Victoria,3150,Australia,APAC,Connery,Sean,Small
10206,-0.728235626643398,0.18053192769686313,11,-0.602479318133783,2003-12-05,Shipped,4,12,2003,Vintage Cars,-0.04269579318805746,S18_3320,Canadian Gift Exchange Network,(604) 555-3392,1900 Oak St.,Desconocido,Vancouver,BC,V3F 2K1,Canada,Desconocido,Tannamuri,Yoshi,Small
10215,0.6065053843033164,0.8101579745265014,8,0.5441269550011221,2004-01-29,Shipped,1,1,2004,Vintage Cars,-0.04269579318805746,S18_3320,West Coast Collectables Co.,3105553722,3675 Furth Circle,Desconocido,Burbank,CA,94019,USA,Desconocido,Thompson,Steve,Medium
10227,-0.21487369935619993,0.8101579745265014,1,0.06140024032827725,2004-03-02,Shipped,1,3,2004,Vintage Cars,-0.04269579318805746,S18_3320,"Saveley & Henriot, Co.",78.32.5555,"2, rue du Commerce",Desconocido,Lyon,Desconocido,69004,France,EMEA,Saveley,Mary,Medium
10244,0.09314345701611873,0.03328867107607425,5,-0.28129141632189697,2004-04-29,Shipped,2,4,2004,Vintage Cars,-0.04269579318805746,S18_3320,Euro Shopping Channel,(91) 555 94 44,"C/ Moralzarzal, 86",Desconocido,Madrid,Desconocido,28034,Spain,EMEA,Freyre,Diego,Medium
10257,-0.9335803975582769,0.2791898673182008,5,-0.6691952605436842,2004-06-14,Shipped,2,6,2004,Vintage Cars,-0.04269579318805746,S18_3320,The Sharp Gifts Warehouse,4085553659,3086 Ingle Ln.,Desconocido,San Jose,CA,94217,USA,Desconocido,Frick,Sue,Small
10280,-0.11220131389876072,0.8101579745265014,7,-0.04313190124673459,2004-08-17,Shipped,3,8,2004,Vintage Cars,-0.04269579318805746,S18_3320,Amica Models & Co.,011-4988555,Via Monte Bianco 34,Desconocido,Torino,Desconocido,10100,Italy,EMEA,Accorti,Paolo,Medium
10290,-0.9335803975582769,0.6232532346408532,2,-0.5712119897603326,2004-09-07,Shipped,3,9,2004,Vintage Cars,-0.04269579318805746,S18_3320,Auto-Moto Classics Inc.,6175558428,16780 Pompton St.,Desconocido,Brickhaven,MA,58339,USA,Desconocido,Taylor,Leslie,Small
10304,0.29848822793099766,0.8101579745265014,11,0.21969176899900972,2004-10-11,Shipped,4,10,2004,Vintage Cars,-0.04269579318805746,S18_3320,Auto Assoc. & Cie.,30.59.8555,"67, avenue de l'Europe",Desconocido,Versailles,Desconocido,78000,France,EMEA,Tonini,Daniel,Medium
10312,-0.21487369935619993,0.8101579745265014,8,-0.009741348595059752,2004-10-21,Shipped,4,10,2004,Vintage Cars,-0.04269579318805746,S18_3320,Mini Gifts Distributors Ltd.,4155551450,5677 Strong St.,Desconocido,San Rafael,CA,97562,USA,Desconocido,Nelson,Valarie,Medium
10323,-0.21487369935619993,0.3773520383987267,2,-0.2943077042884063,2004-11-05,Shipped,4,11,2004,Vintage Cars,-0.04269579318805746,S18_3320,"Blauer See Auto, Co.",+49 69 66 90 2555,Lyonerstr. 34,Desconocido,Frankfurt,Desconocido,60528,Germany,EMEA,Keitel,Roland,Medium
10333,1.119867311590515,0.8101579745265014,2,4.226253993697275,2004-11-18,Shipped,4,11,2004,Vintage Cars,-0.04269579318805746,S18_3320,Mini Wheels Co.,6505555787,5557 North Pendale Street,Desconocido,San Francisco,CA,Desconocido,USA,Desconocido,Murphy,Julie,Large
10347,-0.9335803975582769,0.8101579745265014,12,-0.48706497335272825,2004-11-29,Shipped,4,11,2004,Vintage Cars,-0.04269579318805746,S18_3320,"Australian Collectors, Co.",03 9520 4555,636 St Kilda Road,Level 3,Melbourne,Victoria,3004,Australia,APAC,Ferguson,Peter,Small
10357,-1.0362527830157167,0.8101579745265014,3,-0.5156769138181173,2004-12-10,Shipped,4,12,2004,Vintage Cars,-0.04269579318805746,S18_3320,Mini Gifts Distributors Ltd.,4155551450,5677 Strong St.,Desconocido,San Rafael,CA,97562,USA,Desconocido,Nelson,Valarie,Small
10369,1.0171949261330746,-0.5244509373360062,4,-0.14405836271754885,2005-01-20,Shipped,1,1,2005,Vintage Cars,-0.04269579318805746,S18_3320,Collectables For Less Inc.,6175558555,7825 Douglas Av.,Desconocido,Brickhaven,MA,58339,USA,Desconocido,Nelson,Allen,Medium
10382,1.5305568534202727,0.8101579745265014,7,2.9223444957756195,2005-02-17,Shipped,1,2,2005,Vintage Cars,-0.04269579318805746,S18_3320,Mini Gifts Distributors Ltd.,4155551450,5677 Strong St.,Desconocido,San Rafael,CA,97562,USA,Desconocido,Nelson,Valarie,Large
10392,0.09314345701611873,0.8101579745265014,1,0.2617761376850534,2005-03-10,Shipped,1,3,2005,Vintage Cars,-0.04269579318805746,S18_3320,Mini Auto Werke,7675-3555,Kirchgasse 6,Desconocido,Graz,Desconocido,8010,Austria,EMEA,Mendel,Roland,Medium
10423,-1.4469423248454751,0.2791898673182008,5,-0.9116283753809002,2005-05-30,In Process,2,5,2005,Vintage Cars,-0.04269579318805746,S18_3320,Petit Auto,(02) 5554 67,Rue Joseph-Bens 532,Desconocido,Bruxelles,Desconocido,B-1180,Belgium,EMEA,Dewey,Catherine,Small
10108,-0.6255632411859583,0.8101579745265014,8,0.2691612656093137,2003-03-03,Shipped,1,3,2003,Classic Cars,1.1270173053014452,S18_3482,Cruz & Sons Co.,+63 2 555 3587,15 McCallum Street - NatWest Center #13-03,Desconocido,Makati City,Desconocido,1227 MM,Philippines,Japan,Cruz,Arnold,Medium
10122,-1.4469423248454751,0.8101579745265014,12,-0.5889091455729542,2003-05-08,Shipped,2,5,2003,Classic Cars,1.1270173053014452,S18_3482,Marseille Mini Autos,91.24.4555,"12, rue des Bouchers",Desconocido,Marseille,Desconocido,13008,France,EMEA,Lebihan,Laurence,Small
10135,0.7091777697607561,0.8101579745265014,9,1.0202396359888566,2003-07-02,Shipped,3,7,2003,Classic Cars,1.1270173053014452,S18_3482,Mini Gifts Distributors Ltd.,4155551450,5677 Strong St.,Desconocido,San Rafael,CA,97562,USA,Desconocido,Nelson,Valarie,Medium
10147,0.19581584247355846,0.8101579745265014,9,0.46229322131097006,2003-09-05,Shipped,3,9,2003,Classic Cars,1.1270173053014452,S18_3482,Collectables For Less Inc.,6175558555,7825 Douglas Av.,Desconocido,Brickhaven,MA,58339,USA,Desconocido,Nelson,Allen,Medium
10159,-1.0362527830157167,0.8101579745265014,4,0.045674262042498893,2003-10-10,Shipped,4,10,2003,Classic Cars,1.1270173053014452,S18_3482,Corporate Gift Ideas Co.,6505551386,7734 Strong St.,Desconocido,San Francisco,CA,Desconocido,USA,Desconocido,Brown,Julie,Medium
10169,0.09314345701611873,0.8101579745265014,4,0.48385127856046556,2003-11-04,Shipped,4,11,2003,Classic Cars,1.1270173053014452,S18_3482,"Anna's Decorations, Ltd",02 9936 8555,201 Miller Street,Level 15,North Sydney,NSW,2060,Australia,APAC,O'Hara,Anna,Medium
10181,-1.3442699393880353,0.8101579745265014,16,-0.08601994561865399,2003-11-12,Shipped,4,11,2003,Classic Cars,1.1270173053014452,S18_3482,Herkku Gifts,+47 2267 3215,"Drammen 121, PR 744 Sentrum",Desconocido,Bergen,Desconocido,N 5804,Norway,EMEA,Oeztan,Veysel,Medium
10191,-1.2415975539305957,0.8101579745265014,5,-0.0756481850779645,2003-11-20,Shipped,4,11,2003,Classic Cars,1.1270173053014452,S18_3482,"Toms Spezialitten, Ltd",0221-5554327,Mehrheimerstr. 369,Desconocido,Koln,Desconocido,50739,Germany,EMEA,Pfalzheim,Henriette,Medium
10203,-0.31754608481363966,0.8101579745265014,10,0.8542588858911,2003-12-02,Shipped,4,12,2003,Classic Cars,1.1270173053014452,S18_3482,Euro Shopping Channel,(91) 555 94 44,"C/ Moralzarzal, 86",Desconocido,Madrid,Desconocido,28034,Spain,EMEA,Freyre,Diego,Medium
10211,-0.728235626643398,0.8101579745265014,4,0.10392988878622518,2004-01-15,Shipped,1,1,2004,Classic Cars,1.1270173053014452,S18_3482,Auto Canal Petit,(1) 47.55.6555,"25, rue Lauriston",Desconocido,Paris,Desconocido,75016,France,EMEA,Perrier,Dominique,Medium
10225,-0.8309080121008378,0.8101579745265014,11,0.5485580317556783,2004-02-22,Shipped,1,2,2004,Classic Cars,1.1270173053014452,S18_3482,"Vida Sport, Ltd",0897-034555,Grenzacherweg 237,Desconocido,Gensve,Desconocido,1203,Switzerland,EMEA,Holz,Michael,Medium
10238,1.4278844679628335,0.8101579745265014,5,1.629262898648799,2004-04-09,Shipped,2,4,2004,Classic Cars,1.1270173053014452,S18_3482,Danish Wholesale Imports,31 12 3555,Vinb'ltet 34,Desconocido,Kobenhavn,Desconocido,1734,Denmark,EMEA,Petersen,Jytte,Medium
10252,0.6065053843033164,0.8101579745265014,1,1.735472984730132,2004-05-26,Shipped,2,5,2004,Classic Cars,1.1270173053014452,S18_3482,Auto Canal Petit,(1) 47.55.6555,"25, rue Lauriston",Desconocido,Paris,Desconocido,75016,France,EMEA,Perrier,Dominique,Medium
10265,1.4278844679628335,0.8101579745265014,1,2.6462275952662067,2004-07-02,Shipped,3,7,2004,Classic Cars,1.1270173053014452,S18_3482,"Australian Collectables, Ltd",61-9-3844-6555,7 Allen Street,Desconocido,Glen Waverly,Victoria,3150,Australia,APAC,Connery,Sean,Large
10276,-0.5228908557285186,0.8101579745265014,5,0.20130497256404897,2004-08-02,Shipped,3,8,2004,Classic Cars,1.1270173053014452,S18_3482,Online Mini Collectables,6175557555,7635 Spinnaker Dr.,Desconocido,Brickhaven,MA,58339,USA,Desconocido,Barajas,Miguel,Medium
10287,0.5038329988458771,0.8101579745265014,14,1.74186437852929,2004-08-30,Shipped,3,8,2004,Classic Cars,1.1270173053014452,S18_3482,"Vida Sport, Ltd",0897-034555,Grenzacherweg 237,Desconocido,Gensve,Desconocido,1203,Switzerland,EMEA,Holz,Michael,Medium
10300,-1.2415975539305957,0.8101579745265014,7,0.1263079124449585,2003-10-04,Shipped,4,10,2003,Classic Cars,1.1270173053014452,S18_3482,"Blauer See Auto, Co.",+49 69 66 90 2555,Lyonerstr. 34,Desconocido,Frankfurt,Desconocido,60528,Germany,EMEA,Keitel,Roland,Medium
10310,1.4278844679628335,0.8101579745265014,12,1.47280679147689,2004-10-16,Shipped,4,10,2004,Classic Cars,1.1270173053014452,S18_3482,"Toms Spezialitten, Ltd",0221-5554327,Mehrheimerstr. 369,Desconocido,Koln,Desconocido,50739,Germany,EMEA,Pfalzheim,Henriette,Medium
10320,-1.0362527830157167,0.8101579745265014,5,-0.03415028243296471,2004-11-03,Shipped,4,11,2004,Classic Cars,1.1270173053014452,S18_3482,"Volvo Model Replicas, Co",0921-12 3555,Berguvsvgen  8,Desconocido,Lule,Desconocido,S-958 22,Sweden,EMEA,Berglund,Christina,Medium
10330,0.19581584247355846,0.8101579745265014,3,0.46229322131097006,2004-11-16,Shipped,4,11,2004,Classic Cars,1.1270173053014452,S18_3482,Cruz & Sons Co.,+63 2 555 3587,15 McCallum Street - NatWest Center #13-03,Desconocido,Makati City,Desconocido,1227 MM,Philippines,Japan,Cruz,Arnold,Medium
10342,2.043918780707471,0.8101579745265014,7,1.6260373354230557,2004-11-24,Shipped,4,11,2004,Classic Cars,1.1270173053014452,S18_3482,"Australian Collectors, Co.",03 9520 4555,636 St Kilda Road,Level 3,Melbourne,Victoria,3004,Australia,APAC,Ferguson,Peter,Medium
10355,-1.2415975539305957,0.8101579745265014,7,-0.20416570168346093,2004-12-07,Shipped,4,12,2004,Classic Cars,1.1270173053014452,S18_3482,Euro Shopping Channel,(91) 555 94 44,"C/ Moralzarzal, 86",Desconocido,Madrid,Desconocido,28034,Spain,EMEA,Freyre,Diego,Medium
10363,-1.1389251684731565,0.8101579745265014,11,0.3197059499615327,2005-01-06,Shipped,1,1,2005,Classic Cars,1.1270173053014452,S18_3482,Suominen Souveniers,+358 9 8045 555,"Software Engineering Center, SEC Oy",Desconocido,Espoo,Desconocido,FIN-02271,Finland,EMEA,Suominen,Kalle,Medium
10378,0.8118501552181958,0.6361432167019319,10,0.3231975950021939,2005-02-10,Shipped,1,2,2005,Classic Cars,1.1270173053014452,S18_3482,Euro Shopping Channel,(91) 555 94 44,"C/ Moralzarzal, 86",Desconocido,Madrid,Desconocido,28034,Spain,EMEA,Freyre,Diego,Medium
10390,1.5305568534202727,0.8101579745265014,1,2.086901899343641,2005-03-04,Shipped,1,3,2005,Classic Cars,1.1270173053014452,S18_3482,Mini Gifts Distributors Ltd.,4155551450,5677 Strong St.,Desconocido,San Rafael,CA,97562,USA,Desconocido,Nelson,Valarie,Large
10109,1.222539697047954,0.8101579745265014,2,1.4594918402487382,2003-03-10,Shipped,1,3,2003,Classic Cars,1.0025797416323496,S18_3685,Motor Mint Distributors Inc.,2155559857,11328 Douglas Av.,Desconocido,Philadelphia,PA,71270,USA,Desconocido,Hernandez,Rosa,Medium
10123,-0.11220131389876072,0.8101579745265014,4,0.9654919450091543,2003-05-20,Shipped,2,5,2003,Classic Cars,1.0025797416323496,S18_3685,Atelier graphique,40.32.2555,"54, rue Royale",Desconocido,Nantes,Desconocido,44000,France,EMEA,Schmitt,Carine,Medium
10137,-0.4202184702710794,0.8101579745265014,4,0.8527709998240066,2003-07-10,Shipped,3,7,2003,Classic Cars,1.0025797416323496,S18_3685,Reims Collectables,26.47.1555,59 rue de l'Abbaye,Desconocido,Reims,Desconocido,51100,France,EMEA,Henriot,Paul,Medium
10148,-0.728235626643398,0.8101579745265014,11,0.04645621676389117,2003-09-11,Shipped,3,9,2003,Classic Cars,1.0025797416323496,S18_3685,"Anna's Decorations, Ltd",02 9936 8555,201 Miller Street,Level 15,North Sydney,NSW,2060,Australia,APAC,O'Hara,Anna,Medium
10161,0.09314345701611873,0.8101579745265014,10,1.0806782196631364,2003-10-17,Shipped,4,10,2003,Classic Cars,1.0025797416323496,S18_3685,Heintze Collectables,86 21 3555,Smagsloget 45,Desconocido,Aaarhus,Desconocido,8200,Denmark,EMEA,Ibsen,Palle,Medium
10172,1.3252120825053932,0.8101579745265014,8,1.0530491528406085,2003-11-05,Shipped,4,11,2003,Classic Cars,1.0025797416323496,S18_3685,Gift Depot Inc.,2035552570,25593 South Bay Ln.,Desconocido,Bridgewater,CT,97562,USA,Desconocido,King,Julie,Medium
10181,0.4011606133884374,0.8101579745265014,4,1.2116882169430712,2003-11-12,Shipped,4,11,2003,Classic Cars,1.0025797416323496,S18_3685,Herkku Gifts,+47 2267 3215,"Drammen 121, PR 744 Sentrum",Desconocido,Bergen,Desconocido,N 5804,Norway,EMEA,Oeztan,Veysel,Medium
10192,1.0171949261330746,0.8101579745265014,9,0.9702271152664748,2003-11-20,Shipped,4,11,2003,Classic Cars,1.0025797416323496,S18_3685,Online Diecast Creations Co.,6035558647,2304 Long Airport Avenue,Desconocido,Nashua,NH,62005,USA,Desconocido,Young,Valarie,Medium
10204,-0.009528928441320991,0.8101579745265014,15,1.1848302443596936,2003-12-02,Shipped,4,12,2003,Classic Cars,1.0025797416323496,S18_3685,Muscle Machine Inc,2125557413,4092 Furth Circle,Suite 400,NYC,NY,10022,USA,Desconocido,Young,Jeff,Medium
10212,1.0171949261330746,0.8101579745265014,8,1.5224826372497846,2004-01-16,Shipped,1,1,2004,Classic Cars,1.0025797416323496,S18_3685,Euro Shopping Channel,(91) 555 94 44,"C/ Moralzarzal, 86",Desconocido,Madrid,Desconocido,28034,Spain,EMEA,Freyre,Diego,Medium
10226,1.119867311590515,0.8101579745265014,6,2.0580673189923,2004-02-26,Shipped,1,2,2004,Classic Cars,1.0025797416323496,S18_3685,Collectable Mini Designs Co.,7605558146,361 Furth Circle,Desconocido,San Diego,CA,91217,USA,Desconocido,Thompson,Valarie,Large
10240,0.19581584247355846,0.8101579745265014,1,1.3061526914801571,2004-04-13,Shipped,2,4,2004,Classic Cars,1.0025797416323496,S18_3685,Osaka Souveniers Co.,+81 06 6342 5555,"Dojima Avanza 4F, 1-6-20 Dojima, Kita-ku",Desconocido,Osaka,Osaka,530-0003,Japan,Japan,Kentary,Mory,Medium
10253,-0.4202184702710794,0.8101579745265014,3,0.2582030390275801,2004-06-01,Cancelled,2,6,2004,Classic Cars,1.0025797416323496,S18_3685,"UK Collectables, Ltd.",(171) 555-2282,Berkeley Gardens 12  Brewery,Desconocido,Liverpool,Desconocido,WX1 6LT,UK,EMEA,Devon,Elizabeth,Medium
10266,-0.21487369935619993,0.8101579745265014,4,0.8043549699911337,2004-07-06,Shipped,3,7,2004,Classic Cars,1.0025797416323496,S18_3685,L'ordine Souveniers,0522-556555,Strada Provinciale 124,Desconocido,Reggio Emilia,Desconocido,42100,Italy,EMEA,Moroni,Maurizio,Medium
10278,-0.4202184702710794,0.8101579745265014,4,0.3056742069054375,2004-08-06,Shipped,3,8,2004,Classic Cars,1.0025797416323496,S18_3685,Signal Gift Stores,7025551838,8489 Strong St.,Desconocido,Las Vegas,NV,83030,USA,Desconocido,King,Sue,Medium
10287,-0.8309080121008378,0.8101579745265014,2,0.4108851286205471,2004-08-30,Shipped,3,8,2004,Classic Cars,1.0025797416323496,S18_3685,"Vida Sport, Ltd",0897-034555,Grenzacherweg 237,Desconocido,Gensve,Desconocido,1203,Switzerland,EMEA,Holz,Michael,Medium
10301,0.4011606133884374,0.8101579745265014,6,1.5708660856359324,2003-10-05,Shipped,4,10,2003,Classic Cars,1.0025797416323496,S18_3685,"Norway Gifts By Mail, Co.",+47 2212 1555,"Drammensveien 126 A, PB 744 Sentrum",Desconocido,Oslo,Desconocido,N 0106,Norway,EMEA,Klaeboe,Jan,Medium
10311,-0.31754608481363966,0.8101579745265014,11,0.0340752670085131,2004-10-16,Shipped,4,10,2004,Classic Cars,1.0025797416323496,S18_3685,Euro Shopping Channel,(91) 555 94 44,"C/ Moralzarzal, 86",Desconocido,Madrid,Desconocido,28034,Spain,EMEA,Freyre,Diego,Medium
10321,-0.728235626643398,0.8101579745265014,8,0.36864328294200066,2004-11-04,Shipped,4,11,2004,Classic Cars,1.0025797416323496,S18_3685,FunGiftIdeas.com,5085552555,1785 First Street,Desconocido,New Bedford,MA,50553,USA,Desconocido,Benitez,Violeta,Medium
10331,-0.9335803975582769,-0.7807632729351583,12,-0.9710515039655938,2004-11-17,Shipped,4,11,2004,Classic Cars,1.0025797416323496,S18_3685,Motor Mint Distributors Inc.,2155559857,11328 Douglas Av.,Desconocido,Philadelphia,PA,71270,USA,Desconocido,Hernandez,Rosa,Small
10343,0.9145225406756355,0.06055594082066506,2,0.09819555416268119,2004-11-24,Shipped,4,11,2004,Classic Cars,1.0025797416323496,S18_3685,Reims Collectables,26.47.1555,59 rue de l'Abbaye,Desconocido,Reims,Desconocido,51100,France,EMEA,Henriot,Paul,Medium
10367,1.119867311590515,0.8101579745265014,6,0.6812188223363298,2005-01-12,Resolved,1,1,2005,Classic Cars,1.0025797416323496,S18_3685,Toys4GrownUps.com,6265557265,78934 Hillside Dr.,Desconocido,Pasadena,CA,90003,USA,Desconocido,Young,Julie,Medium
10379,-0.31754608481363966,-0.6359988590184226,4,-0.6990507262257316,2005-02-10,Shipped,1,2,2005,Classic Cars,1.0025797416323496,S18_3685,Euro Shopping Channel,(91) 555 94 44,"C/ Moralzarzal, 86",Desconocido,Madrid,Desconocido,28034,Spain,EMEA,Freyre,Diego,Small
10406,3.070642635281866,0.8101579745265014,1,3.7550176692359996,2005-04-15,Disputed,2,4,2005,Classic Cars,1.0025797416323496,S18_3685,Danish Wholesale Imports,31 12 3555,Vinb'ltet 34,Desconocido,Kobenhavn,Desconocido,1734,Denmark,EMEA,Petersen,Jytte,Large
10419,0.8118501552181958,0.8101579745265014,3,1.1051903280823365,2005-05-17,Shipped,2,5,2005,Classic Cars,1.0025797416323496,S18_3685,Salzburg Collectables,6562-9555,Geislweg 14,Desconocido,Salzburg,Desconocido,5020,Austria,EMEA,Pipps,Georg,Medium
10108,0.8118501552181958,-0.7877040325065086,12,-0.3474154624496331,2003-03-03,Shipped,1,3,2003,Motorcycles,-0.9635337643393678,S18_3782,Cruz & Sons Co.,+63 2 555 3587,15 McCallum Street - NatWest Center #13-03,Desconocido,Makati City,Desconocido,1227 MM,Philippines,Japan,Cruz,Arnold,Small
10122,-0.009528928441320991,-1.6815747115882695,16,-0.9844967809806446,2003-05-08,Shipped,2,5,2003,Motorcycles,-0.9635337643393678,S18_3782,Marseille Mini Autos,91.24.4555,"12, rue des Bouchers",Desconocido,Marseille,Desconocido,13008,France,EMEA,Lebihan,Laurence,Small
10135,1.0171949261330746,-1.6508370620580037,13,-0.6992462149060799,2003-07-02,Shipped,3,7,2003,Motorcycles,-0.9635337643393678,S18_3782,Mini Gifts Distributors Ltd.,4155551450,5677 Strong St.,Desconocido,San Rafael,CA,97562,USA,Desconocido,Nelson,Valarie,Small
10146,1.222539697047954,-0.8189374505775848,2,-0.21629143010616242,2003-09-03,Shipped,3,9,2003,Motorcycles,-0.9635337643393678,S18_3782,Gift Ideas Corp.,2035554407,2440 Pompton St.,Desconocido,Glendale,CT,97561,USA,Desconocido,Lewis,Dan,Medium
10159,-1.4469423248454751,-0.9418880486986482,8,-1.1924967368709958,2003-10-10,Shipped,4,10,2003,Motorcycles,-0.9635337643393678,S18_3782,Corporate Gift Ideas Co.,6505551386,7734 Strong St.,Desconocido,San Francisco,CA,Desconocido,USA,Desconocido,Brown,Julie,Small
10169,0.29848822793099766,-0.7569663829762425,8,-0.5186255347467006,2003-11-04,Shipped,4,11,2003,Motorcycles,-0.9635337643393678,S18_3782,"Anna's Decorations, Ltd",02 9936 8555,201 Miller Street,Level 15,North Sydney,NSW,2060,Australia,APAC,O'Hara,Anna,Small
10180,-1.4469423248454751,-1.6508370620580037,3,-1.3555668777280143,2003-11-11,Shipped,4,11,2003,Motorcycles,-0.9635337643393678,S18_3782,Daedalus Designs Imports,20.16.1555,"184, chausse de Tournai",Desconocido,Lille,Desconocido,59000,France,EMEA,Rance,Martine,Small
10191,0.8118501552181958,-0.5413070677235715,9,-0.23136577945744713,2003-11-20,Shipped,4,11,2003,Motorcycles,-0.9635337643393678,S18_3782,"Toms Spezialitten, Ltd",0221-5554327,Mehrheimerstr. 369,Desconocido,Koln,Desconocido,50739,Germany,EMEA,Pfalzheim,Henriette,Medium
10211,1.119867311590515,-1.4659153963355986,8,-0.5787274434714921,2004-01-15,Shipped,1,1,2004,Motorcycles,-0.9635337643393678,S18_3782,Auto Canal Petit,(1) 47.55.6555,"25, rue Lauriston",Desconocido,Paris,Desconocido,75016,France,EMEA,Perrier,Dominique,Small
10224,0.29848822793099766,-1.2502560810829275,1,-0.7239429515233866,2004-02-21,Shipped,1,2,2004,Motorcycles,-0.9635337643393678,S18_3782,Daedalus Designs Imports,20.16.1555,"184, chausse de Tournai",Desconocido,Lille,Desconocido,59000,France,EMEA,Rance,Martine,Small
10237,-0.9335803975582769,-1.5586241134672065,1,-1.1925727602466867,2004-04-05,Shipped,2,4,2004,Motorcycles,-0.9635337643393678,S18_3782,Vitachrome Inc.,2125551500,2678 Kingston Rd.,Suite 101,NYC,NY,10022,USA,Desconocido,Frick,Michael,Small
10252,-0.4202184702710794,-1.5278864639369405,5,-1.0403522411489863,2004-05-26,Shipped,2,5,2004,Motorcycles,-0.9635337643393678,S18_3782,Auto Canal Petit,(1) 47.55.6555,"25, rue Lauriston",Desconocido,Paris,Desconocido,75016,France,EMEA,Perrier,Dominique,Small
10264,1.3252120825053932,-1.4351777468053328,3,-0.5038226974514549,2004-06-30,Shipped,2,6,2004,Motorcycles,-0.9635337643393678,S18_3782,Gifts4AllAges.com,6175559555,8616 Spinnaker Dr.,Desconocido,Boston,MA,51003,USA,Desconocido,Yoshido,Juri,Small
10276,-0.21487369935619993,-1.6508370620580037,9,-1.027406546317047,2004-08-02,Shipped,3,8,2004,Motorcycles,-0.9635337643393678,S18_3782,Online Mini Collectables,6175557555,7635 Spinnaker Dr.,Desconocido,Brickhaven,MA,58339,USA,Desconocido,Barajas,Miguel,Small
10286,0.29848822793099766,-1.3117313801434587,1,-0.749530247684501,2004-08-28,Shipped,3,8,2004,Motorcycles,-0.9635337643393678,S18_3782,"La Corne D'abondance, Co.",(1) 42.34.2555,"265, boulevard Charonne",Desconocido,Paris,Desconocido,75012,France,EMEA,Bertrand,Marie,Small
10299,0.4011606133884374,-1.373702447744801,3,-0.7449416939374419,2004-09-30,Shipped,3,9,2004,Motorcycles,-0.9635337643393678,S18_3782,"Toys of Finland, Co.",90-224 8555,Keskuskatu 45,Desconocido,Helsinki,Desconocido,21240,Finland,EMEA,Karttunen,Matti,Small
10310,0.7091777697607561,-0.8189374505775848,16,-0.3985846245307414,2004-10-16,Shipped,4,10,2004,Motorcycles,-0.9635337643393678,S18_3782,"Toms Spezialitten, Ltd",0221-5554327,Mehrheimerstr. 369,Desconocido,Koln,Desconocido,50739,Germany,EMEA,Pfalzheim,Henriette,Small
10319,0.9145225406756355,-1.2195184315526615,4,-0.5187232790868748,2004-11-03,Shipped,4,11,2004,Motorcycles,-0.9635337643393678,S18_3782,Microscale Inc.,2125551957,5290 North Pendale Street,Suite 200,NYC,NY,10022,USA,Desconocido,Kuo,Kee,Small
10330,-0.6255632411859583,-0.6954910839157115,2,-0.8333351589014963,2004-11-16,Shipped,4,11,2004,Motorcycles,-0.9635337643393678,S18_3782,Cruz & Sons Co.,+63 2 555 3587,15 McCallum Street - NatWest Center #13-03,Desconocido,Makati City,Desconocido,1227 MM,Philippines,Japan,Cruz,Arnold,Small
10342,-0.9335803975582769,-1.373702447744801,8,-1.1399102818573636,2004-11-24,Shipped,4,11,2004,Motorcycles,-0.9635337643393678,S18_3782,"Australian Collectors, Co.",03 9520 4555,636 St Kilda Road,Level 3,Melbourne,Victoria,3004,Australia,APAC,Ferguson,Peter,Small
10355,-0.4202184702710794,-1.4966530458658642,1,-1.0297469802401031,2004-12-07,Shipped,4,12,2004,Motorcycles,-0.9635337643393678,S18_3782,Euro Shopping Channel,(91) 555 94 44,"C/ Moralzarzal, 86",Desconocido,Madrid,Desconocido,28034,Spain,EMEA,Freyre,Diego,Small
10363,-0.31754608481363966,0.2707618021244182,12,-0.3812295739087292,2005-01-06,Shipped,1,1,2005,Motorcycles,-0.9635337643393678,S18_3782,Suominen Souveniers,+358 9 8045 555,"Software Engineering Center, SEC Oy",Desconocido,Espoo,Desconocido,FIN-02271,Finland,EMEA,Suominen,Kalle,Small
10378,-0.728235626643398,0.8101579745265014,9,0.5732982103019513,2005-02-10,Shipped,1,2,2005,Motorcycles,-0.9635337643393678,S18_3782,Euro Shopping Channel,(91) 555 94 44,"C/ Moralzarzal, 86",Desconocido,Madrid,Desconocido,28034,Spain,EMEA,Freyre,Diego,Medium
10390,0.09314345701611873,0.8101579745265014,2,0.8286933106944688,2005-03-04,Shipped,1,3,2005,Motorcycles,-0.9635337643393678,S18_3782,Mini Gifts Distributors Ltd.,4155551450,5677 Strong St.,Desconocido,San Rafael,CA,97562,USA,Desconocido,Nelson,Valarie,Medium
10403,0.09314345701611873,-1.5586241134672065,1,-0.9090055689195634,2005-04-08,Shipped,2,4,2005,Motorcycles,-0.9635337643393678,S18_3782,"UK Collectables, Ltd.",(171) 555-2282,Berkeley Gardens 12  Brewery,Desconocido,Liverpool,Desconocido,WX1 6LT,UK,EMEA,Devon,Elizabeth,Small
10106,0.6065053843033164,0.8101579745265014,17,0.6630166540994756,2003-02-17,Shipped,1,2,2003,Vintage Cars,0.1066292832148579,S18_3856,Rovelli Gifts,035-640555,Via Ludovico il Moro 22,Desconocido,Bergamo,Desconocido,24100,Italy,EMEA,Rovelli,Giovanni,Medium
10119,-0.8309080121008378,0.7863610845675856,8,-0.47071994757918095,2003-04-28,Shipped,2,4,2003,Vintage Cars,0.1066292832148579,S18_3856,Salzburg Collectables,6562-9555,Geislweg 14,Desconocido,Salzburg,Desconocido,5020,Austria,EMEA,Pipps,Georg,Small
10130,-0.21487369935619993,0.8101579745265014,1,-0.07066865397020945,2003-06-16,Shipped,2,6,2003,Vintage Cars,0.1066292832148579,S18_3856,Auto-Moto Classics Inc.,6175558428,16780 Pompton St.,Desconocido,Brickhaven,MA,58339,USA,Desconocido,Taylor,Leslie,Medium
10143,-0.11220131389876072,0.8101579745265014,12,-0.05328645214259308,2003-08-10,Shipped,3,8,2003,Vintage Cars,0.1066292832148579,S18_3856,Mini Creations Ltd.,5085559555,4575 Hillside Dr.,Desconocido,New Bedford,MA,50553,USA,Desconocido,Tam,Wing C,Medium
10155,-0.6255632411859583,0.8101579745265014,10,0.03751260963796645,2003-10-06,Shipped,4,10,2003,Vintage Cars,0.1066292832148579,S18_3856,"Toys of Finland, Co.",90-224 8555,Keskuskatu 45,Desconocido,Helsinki,Desconocido,21240,Finland,EMEA,Karttunen,Matti,Medium
10167,-0.11220131389876072,0.8101579745265014,6,0.024811275656462687,2003-10-23,Cancelled,4,10,2003,Vintage Cars,0.1066292832148579,S18_3856,Scandinavian Gift Ideas,0695-34 6555,?kergatan 24,Desconocido,Boras,Desconocido,S-844 67,Sweden,EMEA,Larsson,Maria,Medium
10178,1.3252120825053932,0.8101579745265014,9,0.9951845034575789,2003-11-08,Shipped,4,11,2003,Vintage Cars,0.1066292832148579,S18_3856,Alpha Cognac,61.77.6555,1 rue Alsace-Lorraine,Desconocido,Toulouse,Desconocido,31000,France,EMEA,Roulet,Annette,Medium
10186,1.119867311590515,0.8101579745265014,6,0.7411686843097389,2003-11-14,Shipped,4,11,2003,Vintage Cars,0.1066292832148579,S18_3856,"Double Decker Gift Stores, Ltd",(171) 555-7555,120 Hanover Sq.,Desconocido,London,Desconocido,WA1 1DP,UK,EMEA,Hardy,Thomas,Medium
10197,-1.3442699393880353,0.8101579745265014,3,-0.5512178419536212,2003-11-26,Shipped,4,11,2003,Vintage Cars,0.1066292832148579,S18_3856,Enaco Distributors,(93) 203 4555,"Rambla de Catalu¤a, 23",Desconocido,Barcelona,Desconocido,8022,Spain,EMEA,Saavedra,Eduardo,Small
10209,-1.5496147103029148,0.8101579745265014,5,-0.5730474112591563,2004-01-09,Shipped,1,1,2004,Vintage Cars,0.1066292832148579,S18_3856,"Men 'R' US Retailers, Ltd.",2155554369,6047 Douglas Av.,Desconocido,Los Angeles,CA,Desconocido,USA,Desconocido,Chandler,Michael,Small
10222,1.0171949261330746,0.10368780387119925,9,0.16554683478371365,2004-02-19,Shipped,1,2,2004,Vintage Cars,0.1066292832148579,S18_3856,Collectable Mini Designs Co.,7605558146,361 Furth Circle,Desconocido,San Diego,CA,91217,USA,Desconocido,Thompson,Valarie,Medium
10249,1.119867311590515,0.8101579745265014,5,1.1113590819955426,2004-05-08,Shipped,2,5,2004,Vintage Cars,0.1066292832148579,S18_3856,Cambridge Collectables Co.,6175555555,4658 Baden Av.,Desconocido,Cambridge,MA,51247,USA,Desconocido,Tseng,Kyung,Medium
10262,-0.11220131389876072,0.8101579745265014,14,0.2984302652503173,2004-06-24,Cancelled,2,6,2004,Vintage Cars,0.1066292832148579,S18_3856,Euro Shopping Channel,(91) 555 94 44,"C/ Moralzarzal, 86",Desconocido,Madrid,Desconocido,28034,Spain,EMEA,Freyre,Diego,Medium
10273,1.5305568534202727,0.10368780387119925,1,0.3983684228371495,2004-07-21,Shipped,3,7,2004,Vintage Cars,0.1066292832148579,S18_3856,Petit Auto,(02) 5554 67,Rue Joseph-Bens 532,Desconocido,Bruxelles,Desconocido,B-1180,Belgium,EMEA,Dewey,Catherine,Medium
10283,1.119867311590515,0.8101579745265014,3,1.2172705048152324,2004-08-20,Shipped,3,8,2004,Vintage Cars,0.1066292832148579,S18_3856,"Royal Canadian Collectables, Ltd.",(604) 555-4555,23 Tsawassen Blvd.,Desconocido,Tsawassen,BC,T2F 8M4,Canada,Desconocido,Lincoln,Elizabeth,Medium
10296,-1.3442699393880353,0.0516321070860715,12,-0.9179763272510917,2004-09-15,Shipped,3,9,2004,Vintage Cars,0.1066292832148579,S18_3856,"Bavarian Collectables Imports, Co.",+49 89 61 08 9555,Hansastr. 15,Desconocido,Munich,Desconocido,80686,Germany,EMEA,Donnermeyer,Michael,Small
10307,1.3252120825053932,0.15623926919713793,6,0.332868854438303,2004-10-14,Shipped,4,10,2004,Vintage Cars,0.1066292832148579,S18_3856,"Classic Gift Ideas, Inc",2155554695,782 First Street,Desconocido,Philadelphia,PA,71270,USA,Desconocido,Cervantes,Francisca,Medium
10316,1.222539697047954,0.15623926919713793,14,0.2857289312688131,2004-11-01,Shipped,4,11,2004,Vintage Cars,0.1066292832148579,S18_3856,giftsbymail.co.uk,(198) 555-8888,Garden House Crowther Way,Desconocido,Cowes,Isle of Wight,PO31 7PJ,UK,EMEA,Bennett,Helen,Medium
10328,-0.11220131389876072,0.8101579745265014,6,0.1420501814540992,2004-11-12,Shipped,4,11,2004,Vintage Cars,0.1066292832148579,S18_3856,Rovelli Gifts,035-640555,Via Ludovico il Moro 22,Desconocido,Bergamo,Desconocido,24100,Italy,EMEA,Rovelli,Giovanni,Medium
10338,1.0171949261330746,0.8101579745265014,2,1.0711481464961676,2004-11-22,Shipped,4,11,2004,Vintage Cars,0.1066292832148579,S18_3856,Royale Belge,(071) 23 67 2555,"Boulevard Tirou, 255",Desconocido,Charleroi,Desconocido,B-6000,Belgium,EMEA,Cartrain,Pascale,Medium
10351,-1.5496147103029148,0.8101579745265014,2,-0.09735828907884231,2004-12-03,Shipped,4,12,2004,Vintage Cars,0.1066292832148579,S18_3856,"Stylish Desk Decors, Co.",(171) 555-0297,35 King George,Desconocido,London,Desconocido,WX3 6FW,UK,EMEA,Brown,Ann,Medium
10373,1.5305568534202727,-1.148623530216726,6,-0.28747103071734437,2005-01-31,Shipped,1,1,2005,Vintage Cars,0.1066292832148579,S18_3856,"Oulu Toy Supplies, Inc.",981-443655,Torikatu 38,Desconocido,Oulu,Desconocido,90110,Finland,EMEA,Koskitalo,Pirkko,Medium
10386,-1.3442699393880353,-1.2943794812150833,6,-1.2423246293952717,2005-03-01,Resolved,1,3,2005,Vintage Cars,0.1066292832148579,S18_3856,Euro Shopping Channel,(91) 555 94 44,"C/ Moralzarzal, 86",Desconocido,Madrid,Desconocido,28034,Spain,EMEA,Freyre,Diego,Small
10398,1.0171949261330746,0.8101579745265014,17,0.6831031160052405,2005-03-30,Shipped,1,3,2005,Vintage Cars,0.1066292832148579,S18_3856,Reims Collectables,26.47.1555,59 rue de l'Abbaye,Desconocido,Reims,Desconocido,51100,France,EMEA,Henriot,Paul,Medium
10400,2.3519359370797894,0.8101579745265014,6,2.0382577993836954,2005-04-01,Shipped,2,4,2005,Vintage Cars,0.1066292832148579,S18_3856,The Sharp Gifts Warehouse,4085553659,3086 Ingle Ln.,Desconocido,San Jose,CA,94217,USA,Desconocido,Frick,Sue,Large
10415,1.633229238877712,0.8101579745265014,5,1.4419250102230152,2005-05-09,Disputed,2,5,2005,Vintage Cars,0.1066292832148579,S18_3856,"Australian Collectables, Ltd",61-9-3844-6555,7 Allen Street,Desconocido,Glen Waverly,Victoria,3150,Australia,APAC,Connery,Sean,Medium
10104,0.29848822793099766,0.8101579745265014,3,0.9745170057518906,2003-01-31,Shipped,1,1,2003,Classic Cars,1.0523547670999878,S18_4027,Euro Shopping Channel,(91) 555 94 44,"C/ Moralzarzal, 86",Desconocido,Madrid,Desconocido,28034,Spain,EMEA,Freyre,Diego,Medium
10117,-1.3442699393880353,0.8101579745265014,12,-0.41992547213540626,2003-04-16,Shipped,2,4,2003,Classic Cars,1.0523547670999878,S18_4027,"Dragon Souveniers, Ltd.",+65 221 7555,"Bronz Sok., Bronz Apt. 3/6 Tesvikiye",Desconocido,Singapore,Desconocido,79903,Singapore,Japan,Natividad,Eric,Small
10127,-1.0362527830157167,0.8101579745265014,5,-0.05804334336439601,2003-06-03,Shipped,2,6,2003,Classic Cars,1.0523547670999878,S18_4027,Muscle Machine Inc,2125557413,4092 Furth Circle,Suite 400,NYC,NY,10022,USA,Desconocido,Young,Jeff,Medium
10142,-1.1389251684731565,0.8101579745265014,15,0.12903932372871074,2003-08-08,Shipped,3,8,2003,Classic Cars,1.0523547670999878,S18_4027,Mini Gifts Distributors Ltd.,4155551450,5677 Strong St.,Desconocido,San Rafael,CA,97562,USA,Desconocido,Nelson,Valarie,Medium
10152,-0.009528928441320991,0.8101579745265014,1,0.5268479277548005,2003-09-25,Shipped,3,9,2003,Classic Cars,1.0523547670999878,S18_4027,"Australian Gift Network, Co",61-7-3844-6555,31 Duncan St. West End,Desconocido,South Brisbane,Queensland,4101,Australia,APAC,Calaghan,Tony,Medium
10165,-0.728235626643398,0.8101579745265014,6,-0.11745018122572766,2003-10-22,Shipped,4,10,2003,Classic Cars,1.0523547670999878,S18_4027,"Dragon Souveniers, Ltd.",+65 221 7555,"Bronz Sok., Bronz Apt. 3/6 Tesvikiye",Desconocido,Singapore,Desconocido,79903,Singapore,Japan,Natividad,Eric,Medium
10176,0.09314345701611873,0.8101579745265014,5,1.0742270932116498,2003-11-06,Shipped,4,11,2003,Classic Cars,1.0523547670999878,S18_4027,L'ordine Souveniers,0522-556555,Strada Provinciale 124,Desconocido,Reggio Emilia,Desconocido,42100,Italy,EMEA,Moroni,Maurizio,Medium
10185,0.4011606133884374,0.8101579745265014,16,0.8378975693941904,2003-11-14,Shipped,4,11,2003,Classic Cars,1.0523547670999878,S18_4027,Mini Creations Ltd.,5085559555,4575 Hillside Dr.,Desconocido,New Bedford,MA,50553,USA,Desconocido,Tam,Wing C,Medium
10196,-0.8309080121008378,0.8101579745265014,8,0.5338963807295728,2003-11-26,Shipped,4,11,2003,Classic Cars,1.0523547670999878,S18_4027,Super Scale Inc.,2035559545,567 North Pendale Street,Desconocido,New Haven,CT,97823,USA,Desconocido,Murphy,Leslie,Medium
10207,0.5038329988458771,0.8101579745265014,1,1.408013154423745,2003-12-09,Shipped,4,12,2003,Classic Cars,1.0523547670999878,S18_4027,Diecast Collectables,6175552555,6251 Ingle Ln.,Desconocido,Boston,MA,51003,USA,Desconocido,Franco,Valarie,Medium
10220,1.5305568534202727,0.8101579745265014,5,2.5544456598427847,2004-02-12,Shipped,1,2,2004,Classic Cars,1.0523547670999878,S18_4027,"Clover Collections, Co.",+353 1862 1555,25 Maiden Lane,Floor No. 4,Dublin,Desconocido,2,Ireland,EMEA,Cassidy,Dean,Large
10230,0.7091777697607561,0.8101579745265014,3,2.000713112274623,2004-03-15,Shipped,1,3,2004,Classic Cars,1.0523547670999878,S18_4027,"Blauer See Auto, Co.",+49 69 66 90 2555,Lyonerstr. 34,Desconocido,Frankfurt,Desconocido,60528,Germany,EMEA,Keitel,Roland,Large
10247,1.3252120825053932,0.8101579745265014,5,1.7388234435016532,2004-05-05,Shipped,2,5,2004,Classic Cars,1.0523547670999878,S18_4027,Suominen Souveniers,+358 9 8045 555,"Software Engineering Center, SEC Oy",Desconocido,Espoo,Desconocido,FIN-02271,Finland,EMEA,Suominen,Kalle,Medium
10272,-1.0362527830157167,0.8101579745265014,5,0.09780457680198526,2004-07-20,Shipped,3,7,2004,Classic Cars,1.0523547670999878,S18_4027,Diecast Classics Inc.,2155551555,7586 Pompton St.,Desconocido,Allentown,PA,70267,USA,Desconocido,Yu,Kyung,Medium
10282,-0.4202184702710794,0.8101579745265014,8,0.608681661444953,2004-08-20,Shipped,3,8,2004,Classic Cars,1.0523547670999878,S18_4027,Mini Gifts Distributors Ltd.,4155551450,5677 Strong St.,Desconocido,San Rafael,CA,97562,USA,Desconocido,Nelson,Valarie,Medium
10292,0.9145225406756355,0.8101579745265014,2,1.9477574008647789,2004-09-08,Shipped,3,9,2004,Classic Cars,1.0523547670999878,S18_4027,Land of Toys Inc.,2125557818,897 Long Airport Avenue,Desconocido,NYC,NY,10022,USA,Desconocido,Yu,Kwai,Large
10306,-1.2415975539305957,0.8101579745265014,16,0.02539231145638608,2004-10-14,Shipped,4,10,2004,Classic Cars,1.0523547670999878,S18_4027,"AV Stores, Co.",(171) 555-1555,Fauntleroy Circus,Desconocido,Manchester,Desconocido,EC2 5NT,UK,EMEA,Ashworth,Victoria,Medium
10314,-0.6255632411859583,0.8101579745265014,8,0.3545137955457315,2004-10-22,Shipped,4,10,2004,Classic Cars,1.0523547670999878,S18_4027,Heintze Collectables,86 21 3555,Smagsloget 45,Desconocido,Aaarhus,Desconocido,8200,Denmark,EMEA,Ibsen,Palle,Medium
10324,1.4278844679628335,0.8101579745265014,13,0.9914647882898446,2004-11-05,Shipped,4,11,2004,Classic Cars,1.0523547670999878,S18_4027,Vitachrome Inc.,2125551500,2678 Kingston Rd.,Suite 101,NYC,NY,10022,USA,Desconocido,Frick,Michael,Medium
10337,0.09314345701611873,0.8101579745265014,3,1.154181963474012,2004-11-21,Shipped,4,11,2004,Classic Cars,1.0523547670999878,S18_4027,Classic Legends Inc.,2125558493,5905 Pompton St.,Suite 750,NYC,NY,10022,USA,Desconocido,Hernandez,Maria,Medium
10349,-0.11220131389876072,0.8101579745265014,5,0.45665663102760046,2004-12-01,Shipped,4,12,2004,Classic Cars,1.0523547670999878,S18_4027,Muscle Machine Inc,2125557413,4092 Furth Circle,Suite 400,NYC,NY,10022,USA,Desconocido,Young,Jeff,Medium
10358,-1.0362527830157167,0.8101579745265014,13,-0.5569467463360441,2004-12-10,Shipped,4,12,2004,Classic Cars,1.0523547670999878,S18_4027,Euro Shopping Channel,(91) 555 94 44,"C/ Moralzarzal, 86",Desconocido,Madrid,Desconocido,28034,Spain,EMEA,Freyre,Diego,Small
10372,1.3252120825053932,0.8101579745265014,6,1.8884374468613798,2005-01-26,Shipped,1,1,2005,Classic Cars,1.0523547670999878,S18_4027,"Tokyo Collectables, Ltd",+81 3 3584 0555,2-2-8 Roppongi,Desconocido,Minato-ku,Tokyo,106-0032,Japan,Japan,Shimamura,Akiko,Large
10383,0.29848822793099766,0.8101579745265014,1,0.9703900225000976,2005-02-22,Shipped,1,2,2005,Classic Cars,1.0523547670999878,S18_4027,Euro Shopping Channel,(91) 555 94 44,"C/ Moralzarzal, 86",Desconocido,Madrid,Desconocido,28034,Spain,EMEA,Freyre,Diego,Medium
10394,0.19581584247355846,0.8101579745265014,1,1.5327892348970242,2005-03-15,Shipped,1,3,2005,Classic Cars,1.0523547670999878,S18_4027,Euro Shopping Channel,(91) 555 94 44,"C/ Moralzarzal, 86",Desconocido,Madrid,Desconocido,28034,Spain,EMEA,Freyre,Diego,Medium
10413,1.4278844679628335,0.8101579745265014,5,1.8152540872766292,2005-05-05,Shipped,2,5,2005,Classic Cars,1.0523547670999878,S18_4027,Gift Depot Inc.,2035552570,25593 South Bay Ln.,Desconocido,Bridgewater,CT,97562,USA,Desconocido,King,Julie,Medium
10100,-1.3442699393880353,0.1413662129728156,4,-0.8963531071081464,2003-01-06,Shipped,1,1,2003,Vintage Cars,-0.21690838232479145,S18_4409,Online Diecast Creations Co.,6035558647,2304 Long Airport Avenue,Desconocido,Nashua,NH,62005,USA,Desconocido,Young,Valarie,Small
10110,-0.728235626643398,0.2781983302365789,8,-0.5725261081115615,2003-03-18,Shipped,1,3,2003,Vintage Cars,-0.21690838232479145,S18_4409,"AV Stores, Co.",(171) 555-1555,Fauntleroy Circus,Desconocido,Manchester,Desconocido,EC2 5NT,UK,EMEA,Ashworth,Victoria,Small
10124,0.09314345701611873,0.09575550721822755,7,-0.25665984259803964,2003-05-21,Shipped,2,5,2003,Vintage Cars,-0.21690838232479145,S18_4409,Signal Gift Stores,7025551838,8489 Strong St.,Desconocido,Las Vegas,NV,83030,USA,Desconocido,King,Sue,Medium
10148,-0.11220131389876072,0.8101579745265014,1,0.024072762864036496,2003-09-11,Shipped,3,9,2003,Vintage Cars,-0.21690838232479145,S18_4409,"Anna's Decorations, Ltd",02 9936 8555,201 Miller Street,Level 15,North Sydney,NSW,2060,Australia,APAC,O'Hara,Anna,Medium
10162,0.4011606133884374,0.8101579745265014,10,0.1945117409219535,2003-10-18,Shipped,4,10,2003,Vintage Cars,-0.21690838232479145,S18_4409,Corporate Gift Ideas Co.,6505551386,7734 Strong St.,Desconocido,San Francisco,CA,Desconocido,USA,Desconocido,Brown,Julie,Medium
10173,-1.4469423248454751,-0.4064580246230511,14,-1.0693388682517089,2003-11-05,Shipped,4,11,2003,Vintage Cars,-0.21690838232479145,S18_4409,Rovelli Gifts,035-640555,Via Ludovico il Moro 22,Desconocido,Bergamo,Desconocido,24100,Italy,EMEA,Rovelli,Giovanni,Small
10182,0.09314345701611873,0.8101579745265014,11,0.21114456947490184,2003-11-12,Shipped,4,11,2003,Vintage Cars,-0.21690838232479145,S18_4409,Mini Gifts Distributors Ltd.,4155551450,5677 Strong St.,Desconocido,San Rafael,CA,97562,USA,Desconocido,Nelson,Valarie,Medium
10193,-1.1389251684731565,0.6886946820278705,15,-0.6585194065002311,2003-11-21,Shipped,4,11,2003,Vintage Cars,-0.21690838232479145,S18_4409,"Australian Collectables, Ltd",61-9-3844-6555,7 Allen Street,Desconocido,Glen Waverly,Victoria,3150,Australia,APAC,Connery,Sean,Small
10204,-0.6255632411859583,0.09575550721822755,5,-0.5820018788673221,2003-12-02,Shipped,4,12,2003,Vintage Cars,-0.21690838232479145,S18_4409,Muscle Machine Inc,2125557413,4092 Furth Circle,Suite 400,NYC,NY,10022,USA,Desconocido,Young,Jeff,Small
10213,0.29848822793099766,0.5518625647641072,1,0.026136254489932773,2004-01-22,Shipped,1,1,2004,Vintage Cars,-0.21690838232479145,S18_4409,"Double Decker Gift Stores, Ltd",(171) 555-7555,120 Hanover Sq.,Desconocido,London,Desconocido,WA1 1DP,UK,EMEA,Hardy,Thomas,Medium
10227,-0.11220131389876072,0.8101579745265014,11,0.007086968638237382,2004-03-02,Shipped,1,3,2004,Vintage Cars,-0.21690838232479145,S18_4409,"Saveley & Henriot, Co.",78.32.5555,"2, rue du Commerce",Desconocido,Lyon,Desconocido,69004,France,EMEA,Saveley,Mary,Medium
10241,0.7091777697607561,0.323809035991167,3,0.12711701837195494,2004-04-13,Shipped,2,4,2004,Vintage Cars,-0.21690838232479145,S18_4409,Mini Caravy,88.60.1555,"24, place Kluber",Desconocido,Strasbourg,Desconocido,67000,France,EMEA,Citeaux,Frederique,Medium
10280,-0.009528928441320991,0.8101579745265014,17,0.08154100464524959,2004-08-17,Shipped,3,8,2004,Vintage Cars,-0.21690838232479145,S18_4409,Amica Models & Co.,011-4988555,Via Monte Bianco 34,Desconocido,Torino,Desconocido,10100,Italy,EMEA,Accorti,Paolo,Medium
10288,-0.009528928441320991,-0.13229802155471268,6,-0.3905641583953496,2004-09-01,Shipped,3,9,2004,Vintage Cars,-0.21690838232479145,S18_4409,Handji Gifts& Co,+65 224 1555,Village Close - 106 Linden Road Sandown,2nd Floor,Singapore,Desconocido,69045,Singapore,APAC,Victorino,Wendy,Small
10302,0.29848822793099766,0.2781983302365789,2,-0.08776848325954488,2003-10-06,Shipped,4,10,2003,Vintage Cars,-0.21690838232479145,S18_4409,"UK Collectables, Ltd.",(171) 555-2282,Berkeley Gardens 12  Brewery,Desconocido,Liverpool,Desconocido,WX1 6LT,UK,EMEA,Devon,Elizabeth,Medium
10311,0.6065053843033164,-0.08668731580012463,1,-0.10620415186459263,2004-10-16,Shipped,4,10,2004,Vintage Cars,-0.21690838232479145,S18_4409,Euro Shopping Channel,(91) 555 94 44,"C/ Moralzarzal, 86",Desconocido,Madrid,Desconocido,28034,Spain,EMEA,Freyre,Diego,Medium
10332,1.5305568534202727,0.8101579745265014,2,2.0396588015928567,2004-11-17,Shipped,4,11,2004,Vintage Cars,-0.21690838232479145,S18_4409,"AV Stores, Co.",(171) 555-1555,Fauntleroy Circus,Desconocido,Manchester,Desconocido,EC2 5NT,UK,EMEA,Ashworth,Victoria,Large
10344,-1.4469423248454751,0.8101579745265014,4,-0.7335056061370797,2004-11-25,Shipped,4,11,2004,Vintage Cars,-0.21690838232479145,S18_4409,Marseille Mini Autos,91.24.4555,"12, rue des Bouchers",Desconocido,Marseille,Desconocido,13008,France,EMEA,Lebihan,Laurence,Small
10367,0.8118501552181958,-1.0380671456159316,8,-0.4653331483873672,2005-01-12,Resolved,1,1,2005,Vintage Cars,-0.21690838232479145,S18_4409,Toys4GrownUps.com,6265557265,78934 Hillside Dr.,Desconocido,Pasadena,CA,90003,USA,Desconocido,Young,Julie,Small
10380,-0.31754608481363966,0.8101579745265014,1,-0.09625051989020322,2005-02-16,Shipped,1,2,2005,Vintage Cars,-0.21690838232479145,S18_4409,Euro Shopping Channel,(91) 555 94 44,"C/ Moralzarzal, 86",Desconocido,Madrid,Desconocido,28034,Spain,EMEA,Freyre,Diego,Medium
10407,-2.987028106707069,0.323809035991167,3,-1.635995389687327,2005-04-22,On Hold,2,4,2005,Vintage Cars,-0.21690838232479145,S18_4409,The Sharp Gifts Warehouse,4085553659,3086 Ingle Ln.,Desconocido,San Jose,CA,94217,USA,Desconocido,Frick,Sue,Small
10420,3.1733150207393064,0.46064115325493116,6,1.4014425626676013,2005-05-29,In Process,2,5,2005,Vintage Cars,-0.21690838232479145,S18_4409,Souveniers And Things Co.,+61 2 9495 8555,"Monitor Money Building, 815 Pacific Hwy",Level 6,Chatswood,NSW,2067,Australia,APAC,Huxley,Adrian,Medium
10105,0.6065053843033164,-0.05743697189229091,10,-0.09306839859342624,2003-02-11,Shipped,1,2,2003,Vintage Cars,-0.3413459459938877,S18_4522,Danish Wholesale Imports,31 12 3555,Vinb'ltet 34,Desconocido,Kobenhavn,Desconocido,1734,Denmark,EMEA,Petersen,Jytte,Medium
10117,-1.2415975539305957,0.6822496909973309,4,-0.7131150507285514,2003-04-16,Shipped,2,4,2003,Vintage Cars,-0.3413459459938877,S18_4522,"Dragon Souveniers, Ltd.",+65 221 7555,"Bronz Sok., Bronz Apt. 3/6 Tesvikiye",Desconocido,Singapore,Desconocido,79903,Singapore,Japan,Natividad,Eric,Small
10128,0.8118501552181958,0.421475438530882,1,0.22209193557439444,2003-06-06,Shipped,2,6,2003,Vintage Cars,-0.3413459459938877,S18_4522,Euro Shopping Channel,(91) 555 94 44,"C/ Moralzarzal, 86",Desconocido,Madrid,Desconocido,28034,Spain,EMEA,Freyre,Diego,Medium
10142,-1.1389251684731565,-0.6662407400078777,7,-1.0146997820944221,2003-08-08,Shipped,3,8,2003,Vintage Cars,-0.3413459459938877,S18_4522,Mini Gifts Distributors Ltd.,4155551450,5677 Strong St.,Desconocido,San Rafael,CA,97562,USA,Desconocido,Nelson,Valarie,Small
10153,-1.3442699393880353,-0.013809340300945787,6,-0.9337457474658365,2003-09-28,Shipped,3,9,2003,Vintage Cars,-0.3413459459938877,S18_4522,Euro Shopping Channel,(91) 555 94 44,"C/ Moralzarzal, 86",Desconocido,Madrid,Desconocido,28034,Spain,EMEA,Freyre,Diego,Small
10166,-0.9335803975582769,-0.49222598218330776,1,-0.8888810953259534,2003-10-21,Shipped,4,10,2003,Vintage Cars,-0.3413459459938877,S18_4522,FunGiftIdeas.com,5085552555,1785 First Street,Desconocido,New Bedford,MA,50553,USA,Desconocido,Benitez,Violeta,Small
10177,-0.009528928441320991,-0.44909411913277436,8,-0.512011501061591,2003-11-07,Shipped,4,11,2003,Vintage Cars,-0.3413459459938877,S18_4522,CAF Imports,+34 913 728 555,"Merchants House, 27-30 Merchant's Quay",Desconocido,Madrid,Desconocido,28023,Spain,EMEA,Fernandez,Jesus,Small
10185,1.222539697047954,-0.3182112243587398,8,0.041482115897257026,2003-11-14,Shipped,4,11,2003,Vintage Cars,-0.3413459459938877,S18_4522,Mini Creations Ltd.,5085559555,4575 Hillside Dr.,Desconocido,New Bedford,MA,50553,USA,Desconocido,Tam,Wing C,Medium
10197,1.5305568534202727,0.8101579745265014,14,0.8344167848357705,2003-11-26,Shipped,4,11,2003,Vintage Cars,-0.3413459459938877,S18_4522,Enaco Distributors,(93) 203 4555,"Rambla de Catalu¤a, 23",Desconocido,Barcelona,Desconocido,8022,Spain,EMEA,Saavedra,Eduardo,Medium
10208,1.0171949261330746,0.2038330491149681,8,0.21490772657160262,2004-01-02,Shipped,1,1,2004,Vintage Cars,-0.3413459459938877,S18_4522,"Saveley & Henriot, Co.",78.32.5555,"2, rue du Commerce",Desconocido,Lyon,Desconocido,69004,France,EMEA,Saveley,Mary,Medium
10221,0.4011606133884374,0.29108831229765836,2,-0.03378645627787253,2004-02-18,Shipped,1,2,2004,Vintage Cars,-0.3413459459938877,S18_4522,Petit Auto,(02) 5554 67,Rue Joseph-Bens 532,Desconocido,Bruxelles,Desconocido,B-1180,Belgium,EMEA,Dewey,Catherine,Medium
10232,-1.2415975539305957,0.29108831229765836,5,-0.8116576363473431,2004-03-20,Shipped,1,3,2004,Vintage Cars,-0.3413459459938877,S18_4522,giftsbymail.co.uk,(198) 555-8888,Garden House Crowther Way,Desconocido,Cowes,Isle of Wight,PO31 7PJ,UK,EMEA,Bennett,Helen,Small
10248,0.7091777697607561,-0.4054664875414292,11,-0.20837413855206532,2004-05-07,Cancelled,2,5,2004,Vintage Cars,-0.3413459459938877,S18_4522,Land of Toys Inc.,2125557818,897 Long Airport Avenue,Desconocido,NYC,NY,10022,USA,Desconocido,Yu,Kwai,Medium
10261,-1.5496147103029148,0.29108831229765836,9,-0.9575084826103689,2004-06-17,Shipped,2,6,2004,Vintage Cars,-0.3413459459938877,S18_4522,Quebec Home Shopping Network,(514) 555-8054,43 rue St. Laurent,Desconocido,Montreal,Quebec,H1J 1C3,Canada,Desconocido,Fresnisre,Jean,Small
10273,-0.21487369935619993,-0.6231088769573431,12,-0.6559291814856191,2004-07-21,Shipped,3,7,2004,Vintage Cars,-0.3413459459938877,S18_4522,Petit Auto,(02) 5554 67,Rue Joseph-Bens 532,Desconocido,Bruxelles,Desconocido,B-1180,Belgium,EMEA,Dewey,Catherine,Small
10283,-0.11220131389876072,0.8101579745265014,14,0.0146567247606042,2004-08-20,Shipped,3,8,2004,Vintage Cars,-0.3413459459938877,S18_4522,"Royal Canadian Collectables, Ltd.",(604) 555-4555,23 Tsawassen Blvd.,Desconocido,Tsawassen,BC,T2F 8M4,Canada,Desconocido,Lincoln,Elizabeth,Medium
10293,1.4278844679628335,0.8101579745265014,3,0.7559823820872268,2004-09-09,Shipped,3,9,2004,Vintage Cars,-0.3413459459938877,S18_4522,Amica Models & Co.,011-4988555,Via Monte Bianco 34,Desconocido,Torino,Desconocido,10100,Italy,EMEA,Accorti,Paolo,Medium
10306,0.4011606133884374,0.33422017534819254,8,-0.015361648155066607,2004-10-14,Shipped,4,10,2004,Vintage Cars,-0.3413459459938877,S18_4522,"AV Stores, Co.",(171) 555-1555,Fauntleroy Circus,Desconocido,Manchester,Desconocido,EC2 5NT,UK,EMEA,Ashworth,Victoria,Medium
10315,0.09314345701611873,0.8101579745265014,7,0.026212277865623922,2004-10-29,Shipped,4,10,2004,Vintage Cars,-0.3413459459938877,S18_4522,La Rochelle Gifts,40.67.8555,"67, rue des Cinquante Otages",Desconocido,Nantes,Desconocido,44000,France,EMEA,Labrune,Janine,Medium
10326,1.5305568534202727,0.11657778593227866,5,0.4054277362941632,2004-11-09,Shipped,4,11,2004,Vintage Cars,-0.3413459459938877,S18_4522,"Volvo Model Replicas, Co",0921-12 3555,Berguvsvgen  8,Desconocido,Lule,Desconocido,S-958 22,Sweden,EMEA,Berglund,Christina,Medium
10337,-0.6255632411859583,0.8101579745265014,2,0.5127781730108598,2004-11-21,Shipped,4,11,2004,Vintage Cars,-0.3413459459938877,S18_4522,Classic Legends Inc.,2125558493,5905 Pompton St.,Suite 750,NYC,NY,10022,USA,Desconocido,Hernandez,Maria,Medium
10350,-0.5228908557285186,0.8101579745265014,3,-0.2882312644742536,2004-12-02,Shipped,4,12,2004,Vintage Cars,-0.3413459459938877,S18_4522,Euro Shopping Channel,(91) 555 94 44,"C/ Moralzarzal, 86",Desconocido,Madrid,Desconocido,28034,Spain,EMEA,Freyre,Diego,Medium
10372,0.6065053843033164,0.16020541752362377,7,0.0046705113394899305,2005-01-26,Shipped,1,1,2005,Vintage Cars,-0.3413459459938877,S18_4522,"Tokyo Collectables, Ltd",+81 3 3584 0555,2-2-8 Roppongi,Desconocido,Minato-ku,Tokyo,106-0032,Japan,Japan,Shimamura,Akiko,Medium
10383,-0.728235626643398,-1.2433153215115769,7,-1.0391575881024147,2005-02-22,Shipped,1,2,2005,Vintage Cars,-0.3413459459938877,S18_4522,Euro Shopping Channel,(91) 555 94 44,"C/ Moralzarzal, 86",Desconocido,Madrid,Desconocido,28034,Spain,EMEA,Freyre,Diego,Small
10396,1.0171949261330746,0.8101579745265014,5,0.64376101908519,2005-03-23,Shipped,1,3,2005,Vintage Cars,-0.3413459459938877,S18_4522,Mini Gifts Distributors Ltd.,4155551450,5677 Strong St.,Desconocido,San Rafael,CA,97562,USA,Desconocido,Nelson,Valarie,Medium
10414,-1.9603042521326732,-0.4054664875414292,11,-1.2740480980228674,2005-05-06,On Hold,2,5,2005,Vintage Cars,-0.3413459459938877,S18_4522,Gifts4AllAges.com,6175559555,8616 Spinnaker Dr.,Desconocido,Boston,MA,51003,USA,Desconocido,Yoshido,Juri,Small
10103,0.09314345701611873,0.8101579745265014,5,0.36616709299092476,2003-01-29,Shipped,1,1,2003,Trucks and Buses,0.5048294869559652,S18_4600,Baane Mini Imports,07-98 9555,Erling Skakkes gate 78,Desconocido,Stavern,Desconocido,4110,Norway,EMEA,Bergulfsen,Jonas,Medium
10114,0.6065053843033164,0.8101579745265014,9,0.685058002808721,2003-04-01,Shipped,2,4,2003,Trucks and Buses,0.5048294869559652,S18_4600,"La Corne D'abondance, Co.",(1) 42.34.2555,"265, boulevard Charonne",Desconocido,Paris,Desconocido,75012,France,EMEA,Bertrand,Marie,Medium
10126,1.5305568534202727,0.8101579745265014,5,1.9163923281511543,2003-05-28,Shipped,2,5,2003,Trucks and Buses,0.5048294869559652,S18_4600,"Corrida Auto Replicas, Ltd",(91) 555 22 82,"C/ Araquil, 67",Desconocido,Madrid,Desconocido,28023,Spain,EMEA,Sommer,Mart¡n,Large
10140,0.5038329988458771,0.8101579745265014,5,0.568715086796013,2003-07-24,Shipped,3,7,2003,Trucks and Buses,0.5048294869559652,S18_4600,Technics Stores Inc.,6505556809,9408 Furth Circle,Desconocido,Burlingame,CA,94217,USA,Desconocido,Hirano,Juri,Medium
10150,1.4278844679628335,0.8101579745265014,2,1.5819003355933576,2003-09-19,Shipped,3,9,2003,Trucks and Buses,0.5048294869559652,S18_4600,"Dragon Souveniers, Ltd.",+65 221 7555,"Bronz Sok., Bronz Apt. 3/6 Tesvikiye",Desconocido,Singapore,Desconocido,79903,Singapore,Japan,Natividad,Eric,Medium
10164,1.0171949261330746,0.8101579745265014,3,0.7920880552992919,2003-10-21,Resolved,4,10,2003,Trucks and Buses,0.5048294869559652,S18_4600,Mini Auto Werke,7675-3555,Kirchgasse 6,Desconocido,Graz,Desconocido,8010,Austria,EMEA,Mendel,Roland,Medium
10175,1.222539697047954,0.8101579745265014,10,0.8512994044802752,2003-11-06,Shipped,4,11,2003,Trucks and Buses,0.5048294869559652,S18_4600,"Stylish Desk Decors, Co.",(171) 555-0297,35 King George,Desconocido,London,Desconocido,WX3 6FW,UK,EMEA,Brown,Ann,Medium
10183,-1.4469423248454751,0.8101579745265014,2,-0.604303879150365,2003-11-13,Shipped,4,11,2003,Trucks and Buses,0.5048294869559652,S18_4600,"Classic Gift Ideas, Inc",2155554695,782 First Street,Desconocido,Philadelphia,PA,71270,USA,Desconocido,Cervantes,Francisca,Small
10194,-0.31754608481363966,0.8101579745265014,5,0.38456474990812695,2003-11-25,Shipped,4,11,2003,Trucks and Buses,0.5048294869559652,S18_4600,"Saveley & Henriot, Co.",78.32.5555,"2, rue du Commerce",Desconocido,Lyon,Desconocido,69004,France,EMEA,Saveley,Mary,Medium
10207,1.222539697047954,0.8101579745265014,16,1.6856179410002525,2003-12-09,Shipped,4,12,2003,Trucks and Buses,0.5048294869559652,S18_4600,Diecast Collectables,6175552555,6251 Ingle Ln.,Desconocido,Boston,MA,51003,USA,Desconocido,Franco,Valarie,Medium
10217,0.29848822793099766,0.8101579745265014,5,0.518691705591389,2004-02-04,Shipped,1,2,2004,Trucks and Buses,0.5048294869559652,S18_4600,Handji Gifts& Co,+65 224 1555,Village Close - 106 Linden Road Sandown,2nd Floor,Singapore,Desconocido,69045,Singapore,APAC,Victorino,Wendy,Medium
10229,0.6065053843033164,0.8101579745265014,10,0.631179150408343,2004-03-11,Shipped,1,3,2004,Trucks and Buses,0.5048294869559652,S18_4600,Mini Gifts Distributors Ltd.,4155551450,5677 Strong St.,Desconocido,San Rafael,CA,97562,USA,Desconocido,Nelson,Valarie,Medium
10245,-1.4469423248454751,0.8101579745265014,3,-0.6319003645261683,2004-05-04,Shipped,2,5,2004,Trucks and Buses,0.5048294869559652,S18_4600,Super Scale Inc.,2035559545,567 North Pendale Street,Desconocido,New Haven,CT,97823,USA,Desconocido,Murphy,Leslie,Small
10259,0.6065053843033164,0.8101579745265014,13,0.6042397242081547,2004-06-15,Shipped,2,6,2004,Trucks and Buses,0.5048294869559652,S18_4600,Handji Gifts& Co,+65 224 1555,Village Close - 106 Linden Road Sandown,2nd Floor,Singapore,Desconocido,69045,Singapore,APAC,Victorino,Wendy,Medium
10270,0.29848822793099766,0.8101579745265014,3,0.9932947795475473,2004-07-19,Shipped,3,7,2004,Trucks and Buses,0.5048294869559652,S18_4600,Souveniers And Things Co.,+61 2 9495 8555,"Monitor Money Building, 815 Pacific Hwy",Level 6,Chatswood,NSW,2067,Australia,APAC,Huxley,Adrian,Medium
10281,-1.0362527830157167,0.7749584081289389,10,-0.5819258554916312,2004-08-19,Shipped,3,8,2004,Trucks and Buses,0.5048294869559652,S18_4600,Diecast Classics Inc.,2155551555,7586 Pompton St.,Desconocido,Allentown,PA,70267,USA,Desconocido,Yu,Kyung,Small
10291,1.3252120825053932,0.8101579745265014,5,0.9420115824029025,2004-09-08,Shipped,3,9,2004,Trucks and Buses,0.5048294869559652,S18_4600,Scandinavian Gift Ideas,0695-34 6555,?kergatan 24,Desconocido,Boras,Desconocido,S-844 67,Sweden,EMEA,Larsson,Maria,Medium
10305,-1.3442699393880353,0.7749584081289389,14,-0.7436764477563003,2004-10-13,Shipped,4,10,2004,Trucks and Buses,0.5048294869559652,S18_4600,Marta's Replicas Co.,6175558555,39323 Spinnaker Dr.,Desconocido,Cambridge,MA,51247,USA,Desconocido,Hernandez,Marta,Small
10313,-0.728235626643398,0.8101579745265014,8,-0.36498229247535585,2004-10-22,Shipped,4,10,2004,Trucks and Buses,0.5048294869559652,S18_4600,Canadian Gift Exchange Network,(604) 555-3392,1900 Oak St.,Desconocido,Vancouver,BC,V3F 2K1,Canada,Desconocido,Tannamuri,Yoshi,Small
10323,1.222539697047954,0.8101579745265014,1,1.4385636909692527,2004-11-05,Shipped,4,11,2004,Trucks and Buses,0.5048294869559652,S18_4600,"Blauer See Auto, Co.",+49 69 66 90 2555,Lyonerstr. 34,Desconocido,Frankfurt,Desconocido,60528,Germany,EMEA,Keitel,Roland,Medium
10334,1.4278844679628335,0.8101579745265014,4,1.742879833618876,2004-11-19,On Hold,4,11,2004,Trucks and Buses,0.5048294869559652,S18_4600,"Volvo Model Replicas, Co",0921-12 3555,Berguvsvgen  8,Desconocido,Lule,Desconocido,S-958 22,Sweden,EMEA,Berglund,Christina,Medium
10347,1.0171949261330746,0.8101579745265014,4,1.2656593834425016,2004-11-29,Shipped,4,11,2004,Trucks and Buses,0.5048294869559652,S18_4600,"Australian Collectors, Co.",03 9520 4555,636 St Kilda Road,Level 3,Melbourne,Victoria,3004,Australia,APAC,Ferguson,Peter,Medium
10357,-0.728235626643398,0.8101579745265014,2,0.0031228926200677237,2004-12-10,Shipped,4,12,2004,Trucks and Buses,0.5048294869559652,S18_4600,Mini Gifts Distributors Ltd.,4155551450,5677 Strong St.,Desconocido,San Rafael,CA,97562,USA,Desconocido,Nelson,Valarie,Medium
10370,-0.6255632411859583,-1.2953710182967042,6,-1.023882319829661,2005-01-20,Shipped,1,1,2005,Trucks and Buses,0.5048294869559652,S18_4600,"Anna's Decorations, Ltd",02 9936 8555,201 Miller Street,Level 15,North Sydney,NSW,2060,Australia,APAC,O'Hara,Anna,Small
10382,0.4011606133884374,0.8101579745265014,1,0.725866264831382,2005-02-17,Shipped,1,2,2005,Trucks and Buses,0.5048294869559652,S18_4600,Mini Gifts Distributors Ltd.,4155551450,5677 Strong St.,Desconocido,San Rafael,CA,97562,USA,Desconocido,Nelson,Valarie,Medium
10411,1.119867311590515,0.8101579745265014,3,0.9132747463917358,2005-05-01,Shipped,2,5,2005,Trucks and Buses,0.5048294869559652,S18_4600,Quebec Home Shopping Network,(514) 555-8054,43 rue St. Laurent,Desconocido,Montreal,Quebec,H1J 1C3,Canada,Desconocido,Fresnisre,Jean,Medium
10425,0.29848822793099766,0.8101579745265014,13,0.4188187108980061,2005-05-31,In Process,2,5,2005,Trucks and Buses,0.5048294869559652,S18_4600,La Rochelle Gifts,40.67.8555,"67, rue des Cinquante Otages",Desconocido,Nantes,Desconocido,44000,France,EMEA,Labrune,Janine,Medium
10103,0.6065053843033164,-1.8030380040869007,9,-0.8769834370303247,2003-01-29,Shipped,1,1,2003,Vintage Cars,-1.2621839171451985,S18_4668,Baane Mini Imports,07-98 9555,Erling Skakkes gate 78,Desconocido,Stavern,Desconocido,4110,Norway,EMEA,Bergulfsen,Jonas,Small
10113,1.5305568534202727,-1.6781043318025946,3,-0.5774459065669879,2003-03-26,Shipped,1,3,2003,Vintage Cars,-1.2621839171451985,S18_4668,Mini Gifts Distributors Ltd.,4155551450,5677 Strong St.,Desconocido,San Rafael,CA,97562,USA,Desconocido,Nelson,Valarie,Small
10126,0.8118501552181958,-1.478805378396678,9,-0.6729149757114182,2003-05-28,Shipped,2,5,2003,Vintage Cars,-1.2621839171451985,S18_4668,"Corrida Auto Replicas, Ltd",(91) 555 22 82,"C/ Araquil, 67",Desconocido,Madrid,Desconocido,28023,Spain,EMEA,Sommer,Mart¡n,Small
10140,-0.6255632411859583,-2.0023369574928176,9,-1.2484445111383904,2003-07-24,Shipped,3,7,2003,Vintage Cars,-1.2621839171451985,S18_4668,Technics Stores Inc.,6505556809,9408 Furth Circle,Desconocido,Burlingame,CA,94217,USA,Desconocido,Hirano,Juri,Small
10150,-0.5228908557285186,-2.0276211530741652,6,-1.2332561267235693,2003-09-19,Shipped,3,9,2003,Vintage Cars,-1.2621839171451985,S18_4668,"Dragon Souveniers, Ltd.",+65 221 7555,"Bronz Sok., Bronz Apt. 3/6 Tesvikiye",Desconocido,Singapore,Desconocido,79903,Singapore,Japan,Natividad,Eric,Small
10164,-1.0362527830157167,-1.478805378396678,7,-1.1990727588682601,2003-10-21,Resolved,4,10,2003,Vintage Cars,-1.2621839171451985,S18_4668,Mini Auto Werke,7675-3555,Kirchgasse 6,Desconocido,Graz,Desconocido,8010,Austria,EMEA,Mendel,Roland,Small
10174,1.4278844679628335,-1.927475907830396,2,-0.7383330904934531,2003-11-06,Shipped,4,11,2003,Vintage Cars,-1.2621839171451985,S18_4668,"Australian Gift Network, Co",61-7-3844-6555,31 Duncan St. West End,Desconocido,South Brisbane,Queensland,4101,Australia,APAC,Calaghan,Tony,Small
10183,0.5038329988458771,-1.7033885273839424,6,-0.8590039086794227,2003-11-13,Shipped,4,11,2003,Vintage Cars,-1.2621839171451985,S18_4668,"Classic Gift Ideas, Inc",2155554695,782 First Street,Desconocido,Philadelphia,PA,71270,USA,Desconocido,Cervantes,Francisca,Small
10194,0.6065053843033164,-1.927475907830396,9,-0.93286604840427,2003-11-25,Shipped,4,11,2003,Vintage Cars,-1.2621839171451985,S18_4668,"Saveley & Henriot, Co.",78.32.5555,"2, rue du Commerce",Desconocido,Lyon,Desconocido,69004,France,EMEA,Saveley,Mary,Small
10206,-1.4469423248454751,-1.5035938054372149,4,-1.3216984638577105,2003-12-05,Shipped,4,12,2003,Vintage Cars,-1.2621839171451985,S18_4668,Canadian Gift Exchange Network,(604) 555-3392,1900 Oak St.,Desconocido,Vancouver,BC,V3F 2K1,Canada,Desconocido,Tannamuri,Yoshi,Small
10215,1.119867311590515,-1.902687480789859,1,-0.7987933951322157,2004-01-29,Shipped,1,1,2004,Vintage Cars,-1.2621839171451985,S18_4668,West Coast Collectables Co.,3105553722,3675 Furth Circle,Desconocido,Burbank,CA,94019,USA,Desconocido,Thompson,Steve,Small
10229,0.4011606133884374,-2.1520590568176607,14,-1.0774353577627915,2004-03-11,Shipped,1,3,2004,Vintage Cars,-1.2621839171451985,S18_4668,Mini Gifts Distributors Ltd.,4155551450,5677 Strong St.,Desconocido,San Rafael,CA,97562,USA,Desconocido,Nelson,Valarie,Small
10245,1.0171949261330746,-1.1793611797469916,7,-0.4668590461423064,2004-05-04,Shipped,2,5,2004,Vintage Cars,-1.2621839171451985,S18_4668,Super Scale Inc.,2035559545,567 North Pendale Street,Desconocido,New Haven,CT,97823,USA,Desconocido,Murphy,Leslie,Small
10258,-1.4469423248454751,-1.1793611797469916,4,-1.24711953230492,2004-06-15,Shipped,2,6,2004,Vintage Cars,-1.2621839171451985,S18_4668,"Tokyo Collectables, Ltd",+81 3 3584 0555,2-2-8 Roppongi,Desconocido,Minato-ku,Tokyo,106-0032,Japan,Japan,Shimamura,Akiko,Small
10270,0.9145225406756355,-1.2542222294094134,7,-0.5354484217388766,2004-07-19,Shipped,3,7,2004,Vintage Cars,-1.2621839171451985,S18_4668,Souveniers And Things Co.,+61 2 9495 8555,"Monitor Money Building, 815 Pacific Hwy",Level 6,Chatswood,NSW,2067,Australia,APAC,Huxley,Adrian,Small
10281,0.9145225406756355,-1.1793611797469916,14,-0.4993698997324152,2004-08-19,Shipped,3,8,2004,Vintage Cars,-1.2621839171451985,S18_4668,Diecast Classics Inc.,2155551555,7586 Pompton St.,Desconocido,Allentown,PA,70267,USA,Desconocido,Yu,Kyung,Small
10291,-0.6255632411859583,-1.5784548550996362,9,-1.1138016825486543,2004-09-08,Shipped,3,9,2004,Vintage Cars,-1.2621839171451985,S18_4668,Scandinavian Gift Ideas,0695-34 6555,?kergatan 24,Desconocido,Boras,Desconocido,S-844 67,Sweden,EMEA,Larsson,Maria,Small
10304,-0.11220131389876072,-1.7033885273839424,4,-1.0196304410320902,2004-10-11,Shipped,4,10,2004,Vintage Cars,-1.2621839171451985,S18_4668,Auto Assoc. & Cie.,30.59.8555,"67, avenue de l'Europe",Desconocido,Versailles,Desconocido,78000,France,EMEA,Tonini,Daniel,Small
10312,0.4011606133884374,-1.3290832790718348,1,-0.7258815476035048,2004-10-21,Shipped,4,10,2004,Vintage Cars,-1.2621839171451985,S18_4668,Mini Gifts Distributors Ltd.,4155551450,5677 Strong St.,Desconocido,San Rafael,CA,97562,USA,Desconocido,Nelson,Valarie,Small
10324,0.29848822793099766,0.8101579745265014,6,1.7801041365018218,2004-11-05,Shipped,4,11,2004,Vintage Cars,-1.2621839171451985,S18_4668,Vitachrome Inc.,2125551500,2678 Kingston Rd.,Suite 101,NYC,NY,10022,USA,Desconocido,Frick,Michael,Medium
10333,-1.1389251684731565,-0.18831986666632547,8,-0.8890657235240598,2004-11-18,Shipped,4,11,2004,Vintage Cars,-1.2621839171451985,S18_4668,Mini Wheels Co.,6505555787,5557 North Pendale Street,Desconocido,San Francisco,CA,Desconocido,USA,Desconocido,Murphy,Julie,Small
10348,-0.6255632411859583,0.8101579745265014,6,1.9314883984669222,2004-11-01,Shipped,4,11,2004,Vintage Cars,-1.2621839171451985,S18_4668,"Corrida Auto Replicas, Ltd",(91) 555 22 82,"C/ Araquil, 67",Desconocido,Madrid,Desconocido,28023,Spain,EMEA,Sommer,Mart¡n,Large
10358,-0.5228908557285186,0.8101579745265014,8,0.9497008038299266,2004-12-10,Shipped,4,12,2004,Vintage Cars,-1.2621839171451985,S18_4668,Euro Shopping Channel,(91) 555 94 44,"C/ Moralzarzal, 86",Desconocido,Madrid,Desconocido,28034,Spain,EMEA,Freyre,Diego,Medium
10370,-1.5496147103029148,0.8101579745265014,2,-0.4473916317243107,2005-01-20,Shipped,1,1,2005,Vintage Cars,-1.2621839171451985,S18_4668,"Anna's Decorations, Ltd",02 9936 8555,201 Miller Street,Level 15,North Sydney,NSW,2060,Australia,APAC,O'Hara,Anna,Small
10382,0.4011606133884374,0.8101579745265014,2,2.3205651747707976,2005-02-17,Shipped,1,2,2005,Vintage Cars,-1.2621839171451985,S18_4668,Mini Gifts Distributors Ltd.,4155551450,5677 Strong St.,Desconocido,San Rafael,CA,97562,USA,Desconocido,Nelson,Valarie,Large
10411,-0.009528928441320991,-1.1793611797469916,7,-0.7919675820433956,2005-05-01,Shipped,2,5,2005,Vintage Cars,-1.2621839171451985,S18_4668,Quebec Home Shopping Network,(514) 555-8054,43 rue St. Laurent,Desconocido,Montreal,Quebec,H1J 1C3,Canada,Desconocido,Fresnisre,Jean,Small
10424,-0.9335803975582769,-1.1793611797469916,4,-1.0845652643543757,2005-05-31,In Process,2,5,2005,Vintage Cars,-1.2621839171451985,S18_4668,Euro Shopping Channel,(91) 555 94 44,"C/ Moralzarzal, 86",Desconocido,Madrid,Desconocido,28034,Spain,EMEA,Freyre,Diego,Small
10108,0.9145225406756355,0.8101579745265014,11,1.0921468889102235,2003-03-03,Shipped,1,3,2003,Classic Cars,1.1767923307690835,S18_4721,Cruz & Sons Co.,+63 2 555 3587,15 McCallum Street - NatWest Center #13-03,Desconocido,Makati City,Desconocido,1227 MM,Philippines,Japan,Cruz,Arnold,Medium
10122,-0.728235626643398,0.8101579745265014,15,0.01589481973614213,2003-05-08,Shipped,2,5,2003,Classic Cars,1.1767923307690835,S18_4721,Marseille Mini Autos,91.24.4555,"12, rue des Bouchers",Desconocido,Marseille,Desconocido,13008,France,EMEA,Lebihan,Laurence,Medium
10135,-0.4202184702710794,0.8101579745265014,12,0.6251787339698821,2003-07-02,Shipped,3,7,2003,Classic Cars,1.1767923307690835,S18_4721,Mini Gifts Distributors Ltd.,4155551450,5677 Strong St.,Desconocido,San Rafael,CA,97562,USA,Desconocido,Nelson,Valarie,Medium
10146,-0.6255632411859583,0.8101579745265014,1,0.4836449293978762,2003-09-03,Shipped,3,9,2003,Classic Cars,1.1767923307690835,S18_4721,Gift Ideas Corp.,2035554407,2440 Pompton St.,Desconocido,Glendale,CT,97561,USA,Desconocido,Lewis,Dan,Medium
10159,-0.31754608481363966,0.8101579745265014,7,0.5783157530975519,2003-10-10,Shipped,4,10,2003,Classic Cars,1.1767923307690835,S18_4721,Corporate Gift Ideas Co.,6505551386,7734 Strong St.,Desconocido,San Francisco,CA,Desconocido,USA,Desconocido,Brown,Julie,Medium
10169,-0.21487369935619993,0.8101579745265014,7,0.7366181422505254,2003-11-04,Shipped,4,11,2003,Classic Cars,1.1767923307690835,S18_4721,"Anna's Decorations, Ltd",02 9936 8555,201 Miller Street,Level 15,North Sydney,NSW,2060,Australia,APAC,O'Hara,Anna,Medium
10180,0.9145225406756355,0.8101579745265014,2,1.0921468889102235,2003-11-11,Shipped,4,11,2003,Classic Cars,1.1767923307690835,S18_4721,Daedalus Designs Imports,20.16.1555,"184, chausse de Tournai",Desconocido,Lille,Desconocido,59000,France,EMEA,Rance,Martine,Medium
10191,-0.31754608481363966,0.8101579745265014,8,0.3713584035023905,2003-11-20,Shipped,4,11,2003,Classic Cars,1.1767923307690835,S18_4721,"Toms Spezialitten, Ltd",0221-5554327,Mehrheimerstr. 369,Desconocido,Koln,Desconocido,50739,Germany,EMEA,Pfalzheim,Henriette,Medium
10211,0.6065053843033164,0.8101579745265014,7,1.1510432841062015,2004-01-15,Shipped,1,1,2004,Classic Cars,1.1767923307690835,S18_4721,Auto Canal Petit,(1) 47.55.6555,"25, rue Lauriston",Desconocido,Paris,Desconocido,75016,France,EMEA,Perrier,Dominique,Medium
10225,-0.009528928441320991,0.8101579745265014,14,0.9265408254498005,2004-02-22,Shipped,1,2,2004,Classic Cars,1.1767923307690835,S18_4721,"Vida Sport, Ltd",0897-034555,Grenzacherweg 237,Desconocido,Gensve,Desconocido,1203,Switzerland,EMEA,Holz,Michael,Medium
10238,0.9145225406756355,0.8101579745265014,8,1.5188769571455867,2004-04-09,Shipped,2,4,2004,Classic Cars,1.1767923307690835,S18_4721,Danish Wholesale Imports,31 12 3555,Vinb'ltet 34,Desconocido,Kobenhavn,Desconocido,1734,Denmark,EMEA,Petersen,Jytte,Medium
10252,-0.9335803975582769,0.8101579745265014,4,0.0029925668331690805,2004-05-26,Shipped,2,5,2004,Classic Cars,1.1767923307690835,S18_4721,Auto Canal Petit,(1) 47.55.6555,"25, rue Lauriston",Desconocido,Paris,Desconocido,75016,France,EMEA,Perrier,Dominique,Medium
10264,-1.5496147103029148,0.8101579745265014,2,-0.6208335331220188,2004-06-30,Shipped,2,6,2004,Classic Cars,1.1767923307690835,S18_4721,Gifts4AllAges.com,6175559555,8616 Spinnaker Dr.,Desconocido,Boston,MA,51003,USA,Desconocido,Yoshido,Juri,Small
10276,1.3252120825053932,0.8101579745265014,8,1.1729488767874274,2004-08-02,Shipped,3,8,2004,Classic Cars,1.1767923307690835,S18_4721,Online Mini Collectables,6175557555,7635 Spinnaker Dr.,Desconocido,Brickhaven,MA,58339,USA,Desconocido,Barajas,Miguel,Medium
10287,-0.11220131389876072,0.8101579745265014,17,0.40532999195398917,2004-08-30,Shipped,3,8,2004,Classic Cars,1.1767923307690835,S18_4721,"Vida Sport, Ltd",0897-034555,Grenzacherweg 237,Desconocido,Gensve,Desconocido,1203,Switzerland,EMEA,Holz,Michael,Medium
10299,1.4278844679628335,0.8101579745265014,2,2.3857334984612764,2004-09-30,Shipped,3,9,2004,Classic Cars,1.1767923307690835,S18_4721,"Toys of Finland, Co.",90-224 8555,Keskuskatu 45,Desconocido,Helsinki,Desconocido,21240,Finland,EMEA,Karttunen,Matti,Large
10310,0.5038329988458771,0.8101579745265014,15,0.9790241058821377,2004-10-16,Shipped,4,10,2004,Classic Cars,1.1767923307690835,S18_4721,"Toms Spezialitten, Ltd",0221-5554327,Mehrheimerstr. 369,Desconocido,Koln,Desconocido,50739,Germany,EMEA,Pfalzheim,Henriette,Medium
10319,1.0171949261330746,0.8101579745265014,3,2.3606403542421535,2004-11-03,Shipped,4,11,2004,Classic Cars,1.1767923307690835,S18_4721,Microscale Inc.,2125551957,5290 North Pendale Street,Suite 200,NYC,NY,10022,USA,Desconocido,Kuo,Kee,Large
10330,1.5305568534202727,0.8101579745265014,4,1.3831426500905735,2004-11-16,Shipped,4,11,2004,Classic Cars,1.1767923307690835,S18_4721,Cruz & Sons Co.,+63 2 555 3587,15 McCallum Street - NatWest Center #13-03,Desconocido,Makati City,Desconocido,1227 MM,Philippines,Japan,Cruz,Arnold,Medium
10342,0.29848822793099766,0.8101579745265014,11,1.4784216607957767,2004-11-24,Shipped,4,11,2004,Classic Cars,1.1767923307690835,S18_4721,"Australian Collectors, Co.",03 9520 4555,636 St Kilda Road,Level 3,Melbourne,Victoria,3004,Australia,APAC,Ferguson,Peter,Medium
10355,-1.0362527830157167,0.8101579745265014,2,0.35275439742259856,2004-12-07,Shipped,4,12,2004,Classic Cars,1.1767923307690835,S18_4721,Euro Shopping Channel,(91) 555 94 44,"C/ Moralzarzal, 86",Desconocido,Madrid,Desconocido,28034,Spain,EMEA,Freyre,Diego,Medium
10363,-0.728235626643398,-1.2631460631440066,13,-1.045239458157688,2005-01-06,Shipped,1,1,2005,Classic Cars,1.1767923307690835,S18_4721,Suominen Souveniers,+358 9 8045 555,"Software Engineering Center, SEC Oy",Desconocido,Espoo,Desconocido,FIN-02271,Finland,EMEA,Suominen,Kalle,Small
10378,1.4278844679628335,-0.8189374505775848,8,-0.14337415233633058,2005-02-10,Shipped,1,2,2005,Classic Cars,1.1767923307690835,S18_4721,Euro Shopping Channel,(91) 555 94 44,"C/ Moralzarzal, 86",Desconocido,Madrid,Desconocido,28034,Spain,EMEA,Freyre,Diego,Medium
10390,1.4278844679628335,0.8101579745265014,3,1.7968944420472721,2005-03-04,Shipped,1,3,2005,Classic Cars,1.1767923307690835,S18_4721,Mini Gifts Distributors Ltd.,4155551450,5677 Strong St.,Desconocido,San Rafael,CA,97562,USA,Desconocido,Nelson,Valarie,Medium
10110,0.7091777697607561,-1.108962046951867,9,-0.5320056488683024,2003-03-18,Shipped,1,3,2003,Classic Cars,-0.739546149734995,S18_4933,"AV Stores, Co.",(171) 555-1555,Fauntleroy Circus,Desconocido,Manchester,Desconocido,EC2 5NT,UK,EMEA,Ashworth,Victoria,Small
10124,-1.2415975539305957,-1.2854556474804901,8,-1.2088254719211808,2003-05-21,Shipped,2,5,2003,Classic Cars,-0.739546149734995,S18_4933,Signal Gift Stores,7025551838,8489 Strong St.,Desconocido,Las Vegas,NV,83030,USA,Desconocido,King,Sue,Small
10148,-0.6255632411859583,-0.11940803949363328,2,-0.6503468936134572,2003-09-11,Shipped,3,9,2003,Classic Cars,-0.739546149734995,S18_4933,"Anna's Decorations, Ltd",02 9936 8555,201 Miller Street,Level 15,North Sydney,NSW,2060,Australia,APAC,O'Hara,Anna,Small
10161,-1.0362527830157167,-0.15460760589119496,1,-0.8364684080281862,2003-10-17,Shipped,4,10,2003,Classic Cars,-0.739546149734995,S18_4933,Heintze Collectables,86 21 3555,Smagsloget 45,Desconocido,Aaarhus,Desconocido,8200,Denmark,EMEA,Ibsen,Palle,Small
10173,0.4011606133884374,-0.5789854768251874,15,-0.4054593097896489,2003-11-05,Shipped,4,11,2003,Classic Cars,-0.739546149734995,S18_4933,Rovelli Gifts,035-640555,Via Ludovico il Moro 22,Desconocido,Bergamo,Desconocido,24100,Italy,EMEA,Rovelli,Giovanni,Small
10182,0.9145225406756355,-0.6850799445586855,12,-0.2611560822460453,2003-11-12,Shipped,4,11,2003,Classic Cars,-0.739546149734995,S18_4933,Mini Gifts Distributors Ltd.,4155551450,5677 Strong St.,Desconocido,San Rafael,CA,97562,USA,Desconocido,Nelson,Valarie,Medium
10193,-1.0362527830157167,-0.366796541358191,16,-0.8945719880205306,2003-11-21,Shipped,4,11,2003,Classic Cars,-0.739546149734995,S18_4933,"Australian Collectables, Ltd",61-9-3844-6555,7 Allen Street,Desconocido,Glen Waverly,Victoria,3150,Australia,APAC,Connery,Sean,Small
10204,1.0171949261330746,-0.366796541358191,6,-0.06635161227918944,2003-12-02,Shipped,4,12,2003,Classic Cars,-0.739546149734995,S18_4933,Muscle Machine Inc,2125557413,4092 Furth Circle,Suite 400,NYC,NY,10022,USA,Desconocido,Young,Jeff,Medium
10213,-1.0362527830157167,-0.013313571760134854,2,-0.7977779400426299,2004-01-22,Shipped,1,1,2004,Classic Cars,-0.739546149734995,S18_4933,"Double Decker Gift Stores, Ltd",(171) 555-7555,120 Hanover Sq.,Desconocido,London,Desconocido,WA1 1DP,UK,EMEA,Hardy,Thomas,Small
10227,0.19581584247355846,-1.2854556474804901,12,-0.7699425240575124,2004-03-02,Shipped,1,3,2004,Classic Cars,-0.739546149734995,S18_4933,"Saveley & Henriot, Co.",78.32.5555,"2, rue du Commerce",Desconocido,Lyon,Desconocido,69004,France,EMEA,Saveley,Mary,Small
10241,-0.5228908557285186,-0.8263739786897464,4,-0.8385318996540826,2004-04-13,Shipped,2,4,2004,Classic Cars,-0.739546149734995,S18_4933,Mini Caravy,88.60.1555,"24, place Kluber",Desconocido,Strasbourg,Desconocido,67000,France,EMEA,Citeaux,Frederique,Small
10267,0.09314345701611873,-0.40199610775575434,1,-0.4529304776675061,2004-07-07,Shipped,3,7,2004,Classic Cars,-0.739546149734995,S18_4933,Muscle Machine Inc,2125557413,4092 Furth Circle,Suite 400,NYC,NY,10022,USA,Desconocido,Young,Jeff,Small
10279,-0.9335803975582769,-1.1441616133494295,1,-1.074541039245416,2004-08-09,Shipped,3,8,2004,Classic Cars,-0.739546149734995,S18_4933,Euro Shopping Channel,(91) 555 94 44,"C/ Moralzarzal, 86",Desconocido,Madrid,Desconocido,28034,Spain,EMEA,Freyre,Diego,Small
10288,-1.2415975539305957,-0.508090575489252,7,-1.0129892561413765,2004-09-01,Shipped,3,9,2004,Classic Cars,-0.739546149734995,S18_4933,Handji Gifts& Co,+65 224 1555,Village Close - 106 Linden Road Sandown,2nd Floor,Singapore,Desconocido,69045,Singapore,APAC,Victorino,Wendy,Small
10302,-1.2415975539305957,-0.543290141886814,3,-1.0218568398916101,2003-10-06,Shipped,4,10,2003,Classic Cars,-0.739546149734995,S18_4933,"UK Collectables, Ltd.",(171) 555-2282,Berkeley Gardens 12  Brewery,Desconocido,Liverpool,Desconocido,WX1 6LT,UK,EMEA,Devon,Elizabeth,Small
10311,-1.0362527830157167,-0.8263739786897464,2,-1.0204178259946035,2004-10-16,Shipped,4,10,2004,Classic Cars,-0.739546149734995,S18_4933,Euro Shopping Channel,(91) 555 94 44,"C/ Moralzarzal, 86",Desconocido,Madrid,Desconocido,28034,Spain,EMEA,Freyre,Diego,Small
10332,-1.4469423248454751,0.8101579745265014,3,-0.043935576932610104,2004-11-17,Shipped,4,11,2004,Classic Cars,-0.739546149734995,S18_4933,"AV Stores, Co.",(171) 555-1555,Fauntleroy Circus,Desconocido,Manchester,Desconocido,EC2 5NT,UK,EMEA,Ashworth,Victoria,Medium
10344,-0.9335803975582769,-1.002867579218369,5,-1.0343029525404375,2004-11-25,Shipped,4,11,2004,Classic Cars,-0.739546149734995,S18_4933,Marseille Mini Autos,91.24.4555,"12, rue des Bouchers",Desconocido,Marseille,Desconocido,13008,France,EMEA,Lebihan,Laurence,Small
10367,0.9145225406756355,0.0788993768306623,9,0.10703598670731101,2005-01-12,Resolved,1,1,2005,Classic Cars,-0.739546149734995,S18_4933,Toys4GrownUps.com,6265557265,78934 Hillside Dr.,Desconocido,Pasadena,CA,90003,USA,Desconocido,Young,Julie,Medium
10380,-1.1389251684731565,0.8101579745265014,2,0.5333099146885285,2005-02-16,Shipped,1,2,2005,Classic Cars,-0.739546149734995,S18_4933,Euro Shopping Channel,(91) 555 94 44,"C/ Moralzarzal, 86",Desconocido,Madrid,Desconocido,28034,Spain,EMEA,Freyre,Diego,Medium
10407,3.1733150207393064,-0.8263739786897464,4,0.47104676999766687,2005-04-22,On Hold,2,4,2005,Classic Cars,-0.739546149734995,S18_4933,The Sharp Gifts Warehouse,4085553659,3086 Ingle Ln.,Desconocido,San Jose,CA,94217,USA,Desconocido,Frick,Sue,Medium
10420,0.09314345701611873,-1.2854556474804901,7,-0.8012913060477743,2005-05-29,In Process,2,5,2005,Classic Cars,-0.739546149734995,S18_4933,Souveniers And Things Co.,+61 2 9495 8555,"Monitor Money Building, 815 Pacific Hwy",Level 6,Chatswood,NSW,2067,Australia,APAC,Huxley,Adrian,Small
10110,0.09314345701611873,0.0788993768306623,13,-0.26330645772987415,2003-03-18,Shipped,1,3,2003,Classic Cars,-0.6897711242673567,S24_1046,"AV Stores, Co.",(171) 555-1555,Fauntleroy Circus,Desconocido,Manchester,Desconocido,EC2 5NT,UK,EMEA,Ashworth,Victoria,Medium
10124,-1.3442699393880353,-0.28549050066523035,12,-0.9992127344179581,2003-05-21,Shipped,2,5,2003,Classic Cars,-0.6897711242673567,S24_1046,Signal Gift Stores,7025551838,8489 Strong St.,Desconocido,Las Vegas,NV,83030,USA,Desconocido,King,Sue,Small
10148,-1.0362527830157167,-1.160026206655373,6,-1.1117816328517243,2003-09-11,Shipped,3,9,2003,Classic Cars,-0.6897711242673567,S24_1046,"Anna's Decorations, Ltd",02 9936 8555,201 Miller Street,Level 15,North Sydney,NSW,2060,Australia,APAC,O'Hara,Anna,Small
10161,0.19581584247355846,-0.5403155306419497,5,-0.46796138508982477,2003-10-17,Shipped,4,10,2003,Classic Cars,-0.6897711242673567,S24_1046,Heintze Collectables,86 21 3555,Smagsloget 45,Desconocido,Aaarhus,Desconocido,8200,Denmark,EMEA,Ibsen,Palle,Small
10172,-0.31754608481363966,-0.3950553481844037,3,-0.6145996163153638,2003-11-05,Shipped,4,11,2003,Classic Cars,-0.6897711242673567,S24_1046,Gift Depot Inc.,2035552570,25593 South Bay Ln.,Desconocido,Bridgewater,CT,97562,USA,Desconocido,King,Julie,Small
10182,1.222539697047954,-0.46793332368358254,16,-0.03559472657109244,2003-11-12,Shipped,4,11,2003,Classic Cars,-0.6897711242673567,S24_1046,Mini Gifts Distributors Ltd.,4155551450,5677 Strong St.,Desconocido,San Rafael,CA,97562,USA,Desconocido,Nelson,Valarie,Medium
10192,0.19581584247355846,-0.6860714816403074,4,-0.5270315480016677,2003-11-20,Shipped,4,11,2003,Classic Cars,-0.6897711242673567,S24_1046,Online Diecast Creations Co.,6035558647,2304 Long Airport Avenue,Desconocido,Nashua,NH,62005,USA,Desconocido,Young,Valarie,Small
10204,-1.5496147103029148,-1.0504613591361995,10,-1.2513931320669738,2003-12-02,Shipped,4,12,2003,Classic Cars,-0.6897711242673567,S24_1046,Muscle Machine Inc,2125557413,4092 Furth Circle,Suite 400,NYC,NY,10022,USA,Desconocido,Young,Jeff,Small
10212,0.6065053843033164,-0.0668565741676946,3,-0.0972985564265137,2004-01-16,Shipped,1,1,2004,Classic Cars,-0.6897711242673567,S24_1046,Euro Shopping Channel,(91) 555 94 44,"C/ Moralzarzal, 86",Desconocido,Madrid,Desconocido,28034,Spain,EMEA,Freyre,Diego,Medium
10226,-1.4469423248454751,-1.160026206655373,1,-1.2426721648270014,2004-02-26,Shipped,1,2,2004,Classic Cars,-0.6897711242673567,S24_1046,Collectable Mini Designs Co.,7605558146,361 Furth Circle,Desconocido,San Diego,CA,91217,USA,Desconocido,Thompson,Valarie,Small
10241,-1.3442699393880353,-0.35836847616440837,8,-1.01677413420256,2004-04-13,Shipped,2,4,2004,Classic Cars,-0.6897711242673567,S24_1046,Mini Caravy,88.60.1555,"24, place Kluber",Desconocido,Strasbourg,Desconocido,67000,France,EMEA,Citeaux,Frederique,Small
10267,0.5038329988458771,-0.17642142168686795,5,-0.1899982025993464,2004-07-07,Shipped,3,7,2004,Classic Cars,-0.6897711242673567,S24_1046,Muscle Machine Inc,2125557413,4092 Furth Circle,Suite 400,NYC,NY,10022,USA,Desconocido,Young,Jeff,Medium
10279,-0.31754608481363966,-0.43124645166358805,5,-0.6272846595735053,2004-08-09,Shipped,3,8,2004,Classic Cars,-0.6897711242673567,S24_1046,Euro Shopping Channel,(91) 555 94 44,"C/ Moralzarzal, 86",Desconocido,Madrid,Desconocido,28034,Spain,EMEA,Freyre,Diego,Small
10288,0.09314345701611873,-0.8685143046586588,11,-0.636885325875044,2004-09-01,Shipped,3,9,2004,Classic Cars,-0.6897711242673567,S24_1046,Handji Gifts& Co,+65 224 1555,Village Close - 106 Linden Road Sandown,2nd Floor,Singapore,Desconocido,69045,Singapore,APAC,Victorino,Wendy,Small
10301,-0.8309080121008378,-0.5770024026619449,1,-0.873915350797084,2003-10-05,Shipped,4,10,2003,Classic Cars,-0.6897711242673567,S24_1046,"Norway Gifts By Mail, Co.",+47 2212 1555,"Drammensveien 126 A, PB 744 Sentrum",Desconocido,Oslo,Desconocido,N 0106,Norway,EMEA,Klaeboe,Jan,Small
10311,-0.9335803975582769,0.18796845580902471,6,-0.695173534065495,2004-10-16,Shipped,4,10,2004,Classic Cars,-0.6897711242673567,S24_1046,Euro Shopping Channel,(91) 555 94 44,"C/ Moralzarzal, 86",Desconocido,Madrid,Desconocido,28034,Spain,EMEA,Freyre,Diego,Small
10321,-0.5228908557285186,-0.6498803781611234,3,-0.780536924484154,2004-11-04,Shipped,4,11,2004,Classic Cars,-0.6897711242673567,S24_1046,FunGiftIdeas.com,5085552555,1785 First Street,Desconocido,New Bedford,MA,50553,USA,Desconocido,Benitez,Violeta,Small
10332,-1.2415975539305957,-1.3295790476126452,4,-1.219941175495417,2004-11-17,Shipped,4,11,2004,Classic Cars,-0.6897711242673567,S24_1046,"AV Stores, Co.",(171) 555-1555,Fauntleroy Circus,Desconocido,Manchester,Desconocido,EC2 5NT,UK,EMEA,Ashworth,Victoria,Small
10344,-0.6255632411859583,-1.1962173101345568,7,-0.992386921329138,2004-11-25,Shipped,4,11,2004,Classic Cars,-0.6897711242673567,S24_1046,Marseille Mini Autos,91.24.4555,"12, rue des Bouchers",Desconocido,Marseille,Desconocido,13008,France,EMEA,Lebihan,Laurence,Small
10367,-1.4469423248454751,-1.154572752706455,10,-1.2414177791281014,2005-01-12,Resolved,1,1,2005,Classic Cars,-0.6897711242673567,S24_1046,Toys4GrownUps.com,6265557265,78934 Hillside Dr.,Desconocido,Pasadena,CA,90003,USA,Desconocido,Young,Julie,Small
10380,-0.11220131389876072,0.8101579745265014,3,-0.060856208264959896,2005-02-16,Shipped,1,2,2005,Classic Cars,-0.6897711242673567,S24_1046,Euro Shopping Channel,(91) 555 94 44,"C/ Moralzarzal, 86",Desconocido,Madrid,Desconocido,28034,Spain,EMEA,Freyre,Diego,Medium
10407,-0.9335803975582769,-0.35836847616440837,8,-0.8507608026580787,2005-04-22,On Hold,2,4,2005,Classic Cars,-0.6897711242673567,S24_1046,The Sharp Gifts Warehouse,4085553659,3086 Ingle Ln.,Desconocido,San Jose,CA,94217,USA,Desconocido,Frick,Sue,Small
10420,2.557280707994669,-0.9413922801578372,11,0.17719470198778645,2005-05-29,In Process,2,5,2005,Classic Cars,-0.6897711242673567,S24_1046,Souveniers And Things Co.,+61 2 9495 8555,"Monitor Money Building, 815 Pacific Hwy",Level 6,Chatswood,NSW,2067,Australia,APAC,Huxley,Adrian,Medium
10104,-0.009528928441320991,-1.396507800622095,6,-0.8752131784249504,2003-01-31,Shipped,1,1,2003,Classic Cars,-1.087971328008464,S24_1444,Euro Shopping Channel,(91) 555 94 44,"C/ Moralzarzal, 86",Desconocido,Madrid,Desconocido,28034,Spain,EMEA,Freyre,Diego,Small
10115,1.222539697047954,-0.708876834517601,2,-0.15963229425194533,2003-04-04,Shipped,2,4,2003,Classic Cars,-1.087971328008464,S24_1444,Classic Legends Inc.,2125558493,5905 Pompton St.,Suite 750,NYC,NY,10022,USA,Desconocido,Hernandez,Maria,Medium
10127,-1.5496147103029148,-1.1387081594005113,8,-1.27072479045695,2003-06-03,Shipped,2,6,2003,Classic Cars,-1.087971328008464,S24_1444,Muscle Machine Inc,2125557413,4092 Furth Circle,Suite 400,NYC,NY,10022,USA,Desconocido,Young,Jeff,Small
10141,-1.5496147103029148,-1.454016951356141,2,-1.3397974575132698,2003-08-01,Shipped,3,8,2003,Classic Cars,-1.087971328008464,S24_1444,Suominen Souveniers,+358 9 8045 555,"Software Engineering Center, SEC Oy",Desconocido,Espoo,Desconocido,FIN-02271,Finland,EMEA,Suominen,Kalle,Small
10152,-1.0362527830157167,-0.90966309354595,4,-1.0432248387018788,2003-09-25,Shipped,3,9,2003,Classic Cars,-1.087971328008464,S24_1444,"Australian Gift Network, Co",61-7-3844-6555,31 Duncan St. West End,Desconocido,South Brisbane,Queensland,4101,Australia,APAC,Calaghan,Tony,Small
10165,-1.0362527830157167,-0.708876834517601,9,-0.988243647353983,2003-10-22,Shipped,4,10,2003,Classic Cars,-1.087971328008464,S24_1444,"Dragon Souveniers, Ltd.",+65 221 7555,"Bronz Sok., Bronz Apt. 3/6 Tesvikiye",Desconocido,Singapore,Desconocido,79903,Singapore,Japan,Natividad,Eric,Small
10176,-0.8309080121008378,-0.7376314098846237,8,-0.9214191001216662,2003-11-06,Shipped,4,11,2003,Classic Cars,-1.087971328008464,S24_1444,L'ordine Souveniers,0522-556555,Strada Provinciale 124,Desconocido,Reggio Emilia,Desconocido,42100,Italy,EMEA,Moroni,Maurizio,Small
10184,-0.4202184702710794,-1.1674627347675341,3,-0.9179708970099709,2003-11-14,Shipped,4,11,2003,Classic Cars,-1.087971328008464,S24_1444,"Iberia Gift Imports, Corp.",(95) 555 82 82,"C/ Romero, 33",Desconocido,Sevilla,Desconocido,41101,Spain,EMEA,Roel,Jose Pedro,Small
10195,0.9145225406756355,-0.8521539428119044,3,-0.34167569758496885,2003-11-25,Shipped,4,11,2003,Classic Cars,-1.087971328008464,S24_1444,Mini Classics,9145554562,3758 North Pendale Street,Desconocido,White Plains,NY,24067,USA,Desconocido,Frick,Steve,Small
10207,1.4278844679628335,-1.8263391255050054,4,-0.6840524002501378,2003-12-09,Shipped,4,12,2003,Classic Cars,-1.087971328008464,S24_1444,Diecast Collectables,6175552555,6251 Ingle Ln.,Desconocido,Boston,MA,51003,USA,Desconocido,Franco,Valarie,Small
10220,-0.9335803975582769,-1.3677532252550721,8,-1.1382160466276805,2004-02-12,Shipped,1,2,2004,Classic Cars,-1.087971328008464,S24_1444,"Clover Collections, Co.",+353 1862 1555,25 Maiden Lane,Floor No. 4,Dublin,Desconocido,2,Ireland,EMEA,Cassidy,Dean,Small
10230,0.09314345701611873,-1.454016951356141,6,-0.8677574573661196,2004-03-15,Shipped,1,3,2004,Classic Cars,-1.087971328008464,S24_1444,"Blauer See Auto, Co.",+49 69 66 90 2555,Lyonerstr. 34,Desconocido,Frankfurt,Desconocido,60528,Germany,EMEA,Keitel,Roland,Small
10246,0.9145225406756355,-1.5397849089163984,2,-0.6730724527039208,2004-05-05,Shipped,2,5,2004,Classic Cars,-1.087971328008464,S24_1444,Euro Shopping Channel,(91) 555 94 44,"C/ Moralzarzal, 86",Desconocido,Madrid,Desconocido,28034,Spain,EMEA,Freyre,Diego,Small
10259,-0.728235626643398,-1.8263391255050054,1,-1.2179645677274533,2004-06-15,Shipped,2,6,2004,Classic Cars,-1.087971328008464,S24_1444,Handji Gifts& Co,+65 224 1555,Village Close - 106 Linden Road Sandown,2nd Floor,Singapore,Desconocido,69045,Singapore,APAC,Victorino,Wendy,Small
10271,1.0171949261330746,-0.9379219003721623,2,-0.34785531198041625,2004-07-20,Shipped,3,7,2004,Classic Cars,-1.087971328008464,S24_1444,Mini Gifts Distributors Ltd.,4155551450,5677 Strong St.,Desconocido,San Rafael,CA,97562,USA,Desconocido,Nelson,Valarie,Small
10282,-0.6255632411859583,-1.8263391255050054,11,-1.192540178799962,2004-08-20,Shipped,3,8,2004,Classic Cars,-1.087971328008464,S24_1444,Mini Gifts Distributors Ltd.,4155551450,5677 Strong St.,Desconocido,San Rafael,CA,97562,USA,Desconocido,Nelson,Valarie,Small
10292,0.5038329988458771,-1.4827715267231638,5,-0.7623456167295416,2004-09-08,Shipped,3,9,2004,Classic Cars,-1.087971328008464,S24_1444,Land of Toys Inc.,2125557818,897 Long Airport Avenue,Desconocido,NYC,NY,10022,USA,Desconocido,Yu,Kwai,Small
10305,1.0171949261330746,-1.0811990086664653,2,-0.41847559775615806,2004-10-13,Shipped,4,10,2004,Classic Cars,-1.087971328008464,S24_1444,Marta's Replicas Co.,6175558555,39323 Spinnaker Dr.,Desconocido,Cambridge,MA,51247,USA,Desconocido,Hernandez,Marta,Small
10314,0.9145225406756355,-1.5110303335493755,11,-0.6592144773636908,2004-10-22,Shipped,4,10,2004,Classic Cars,-1.087971328008464,S24_1444,Heintze Collectables,86 21 3555,Smagsloget 45,Desconocido,Aaarhus,Desconocido,8200,Denmark,EMEA,Ibsen,Palle,Small
10324,-1.0362527830157167,-0.718792205333816,14,-0.9909587679143728,2004-11-05,Shipped,4,11,2004,Classic Cars,-1.087971328008464,S24_1444,Vitachrome Inc.,2125551500,2678 Kingston Rd.,Suite 101,NYC,NY,10022,USA,Desconocido,Frick,Michael,Small
10336,1.0171949261330746,0.8101579745265014,4,1.3133097492773447,2004-11-20,Shipped,4,11,2004,Classic Cars,-1.087971328008464,S24_1444,"La Corne D'abondance, Co.",(1) 42.34.2555,"265, boulevard Charonne",Desconocido,Paris,Desconocido,75012,France,EMEA,Bertrand,Marie,Medium
10349,1.3252120825053932,-1.7975845501379826,4,-0.694358997897378,2004-12-01,Shipped,4,12,2004,Classic Cars,-1.087971328008464,S24_1444,Muscle Machine Inc,2125557413,4092 Furth Circle,Suite 400,NYC,NY,10022,USA,Desconocido,Young,Jeff,Small
10358,0.9145225406756355,-1.135237779614836,14,-0.47810507550344145,2004-12-10,Shipped,4,12,2004,Classic Cars,-1.087971328008464,S24_1444,Euro Shopping Channel,(91) 555 94 44,"C/ Moralzarzal, 86",Desconocido,Madrid,Desconocido,28034,Spain,EMEA,Freyre,Diego,Small
10371,-1.0362527830157167,0.6748131628851693,12,-0.6093485731515695,2005-01-23,Shipped,1,1,2005,Classic Cars,-1.087971328008464,S24_1444,Mini Gifts Distributors Ltd.,4155551450,5677 Strong St.,Desconocido,San Rafael,CA,97562,USA,Desconocido,Nelson,Valarie,Small
10383,-1.3442699393880353,0.40164469689845356,2,-0.8336338221631392,2005-02-22,Shipped,1,2,2005,Classic Cars,-1.087971328008464,S24_1444,Euro Shopping Channel,(91) 555 94 44,"C/ Moralzarzal, 86",Desconocido,Madrid,Desconocido,28034,Spain,EMEA,Freyre,Diego,Small
10394,-0.4202184702710794,-1.6543074418436792,2,-1.083278297208751,2005-03-15,Shipped,1,3,2005,Classic Cars,-1.087971328008464,S24_1444,Euro Shopping Channel,(91) 555 94 44,"C/ Moralzarzal, 86",Desconocido,Madrid,Desconocido,28034,Spain,EMEA,Freyre,Diego,Small
10412,-1.4469423248454751,-1.5397849089163984,2,-1.330023023495866,2005-05-03,Shipped,2,5,2005,Classic Cars,-1.087971328008464,S24_1444,Euro Shopping Channel,(91) 555 94 44,"C/ Moralzarzal, 86",Desconocido,Madrid,Desconocido,28034,Spain,EMEA,Freyre,Diego,Small
10425,2.043918780707471,-1.8263391255050054,1,-0.5315060666851906,2005-05-31,In Process,2,5,2005,Classic Cars,-1.087971328008464,S24_1444,La Rochelle Gifts,40.67.8555,"67, rue des Cinquante Otages",Desconocido,Nantes,Desconocido,44000,France,EMEA,Labrune,Janine,Small
10107,-1.0362527830157167,0.8101579745265014,3,-0.3845365907512841,2003-02-24,Shipped,1,2,2003,Motorcycles,0.2808418723515924,S24_1578,Land of Toys Inc.,2125557818,897 Long Airport Avenue,Desconocido,NYC,NY,10022,USA,Desconocido,Yu,Kwai,Small
10120,-0.009528928441320991,0.7134831090684075,1,-0.06632446107358528,2003-04-29,Shipped,2,4,2003,Motorcycles,0.2808418723515924,S24_1578,"Australian Collectors, Co.",03 9520 4555,636 St Kilda Road,Level 3,Melbourne,Victoria,3004,Australia,APAC,Ferguson,Peter,Medium
10134,-0.009528928441320991,0.48989149716276487,3,-0.15204081716509527,2003-07-01,Shipped,3,7,2003,Motorcycles,0.2808418723515924,S24_1578,Lyon Souveniers,+33 1 46 62 7555,27 rue du Colonel Pierre Avia,Desconocido,Paris,Desconocido,75508,France,EMEA,Da Cunha,Daniel,Medium
10145,0.8118501552181958,0.6019351873859913,7,0.30708606959684015,2003-08-25,Shipped,3,8,2003,Motorcycles,0.2808418723515924,S24_1578,Toys4GrownUps.com,6265557265,78934 Hillside Dr.,Desconocido,Pasadena,CA,90003,USA,Desconocido,Young,Julie,Medium
10159,0.9145225406756355,0.8101579745265014,15,0.9784159188766106,2003-10-10,Shipped,4,10,2003,Motorcycles,0.2808418723515924,S24_1578,Corporate Gift Ideas Co.,6505551386,7734 Strong St.,Desconocido,San Francisco,CA,Desconocido,USA,Desconocido,Brown,Julie,Medium
10168,1.5305568534202727,0.8101579745265014,2,1.1911836264710063,2003-10-28,Shipped,4,10,2003,Motorcycles,0.2808418723515924,S24_1578,Technics Stores Inc.,6505556809,9408 Furth Circle,Desconocido,Burlingame,CA,94217,USA,Desconocido,Hirano,Juri,Medium
10180,1.3252120825053932,0.8101579745265014,10,0.9782421511607454,2003-11-11,Shipped,4,11,2003,Motorcycles,0.2808418723515924,S24_1578,Daedalus Designs Imports,20.16.1555,"184, chausse de Tournai",Desconocido,Lille,Desconocido,59000,France,EMEA,Rance,Martine,Medium
10188,-1.0362527830157167,0.8101579745265014,2,-0.5528740654954593,2003-11-18,Shipped,4,11,2003,Motorcycles,0.2808418723515924,S24_1578,Herkku Gifts,+47 2267 3215,"Drammen 121, PR 744 Sentrum",Desconocido,Bergen,Desconocido,N 5804,Norway,EMEA,Oeztan,Veysel,Small
10201,0.4011606133884374,0.8101579745265014,3,0.43297534949987904,2003-12-01,Shipped,4,12,2003,Motorcycles,0.2808418723515924,S24_1578,Mini Wheels Co.,6505555787,5557 North Pendale Street,Desconocido,San Francisco,CA,Desconocido,USA,Desconocido,Murphy,Julie,Medium
10211,-1.0362527830157167,0.322321730368735,15,-0.7058711090734312,2004-01-15,Shipped,1,1,2004,Motorcycles,0.2808418723515924,S24_1578,Auto Canal Petit,(1) 47.55.6555,"25, rue Lauriston",Desconocido,Paris,Desconocido,75016,France,EMEA,Perrier,Dominique,Small
10223,-0.31754608481363966,0.3783435754803486,2,-0.3435219795660339,2004-02-20,Shipped,1,2,2004,Motorcycles,0.2808418723515924,S24_1578,"Australian Collectors, Co.",03 9520 4555,636 St Kilda Road,Level 3,Melbourne,Victoria,3004,Australia,APAC,Ferguson,Peter,Small
10237,-1.5496147103029148,0.8101579745265014,8,-0.681435024029922,2004-04-05,Shipped,2,4,2004,Motorcycles,0.2808418723515924,S24_1578,Vitachrome Inc.,2125551500,2678 Kingston Rd.,Suite 101,NYC,NY,10022,USA,Desconocido,Frick,Michael,Small
10251,-0.9335803975582769,0.8101579745265014,3,-0.4977951298073892,2004-05-18,Shipped,2,5,2004,Motorcycles,0.2808418723515924,S24_1578,Tekni Collectables Inc.,2015559350,7476 Moss Rd.,Desconocido,Newark,NJ,94019,USA,Desconocido,Brown,William,Small
10263,0.7091777697607561,0.8101579745265014,3,0.40923976556095093,2004-06-28,Shipped,2,6,2004,Motorcycles,0.2808418723515924,S24_1578,Gift Depot Inc.,2035552570,25593 South Bay Ln.,Desconocido,Bridgewater,CT,97562,USA,Desconocido,King,Julie,Medium
10275,-1.4469423248454751,0.8101579745265014,2,-0.7603038460681282,2004-07-23,Shipped,3,7,2004,Motorcycles,0.2808418723515924,S24_1578,La Rochelle Gifts,40.67.8555,"67, rue des Cinquante Otages",Desconocido,Nantes,Desconocido,44000,France,EMEA,Labrune,Janine,Small
10285,-0.11220131389876072,0.8101579745265014,7,0.0885080040032102,2004-08-27,Shipped,3,8,2004,Motorcycles,0.2808418723515924,S24_1578,Marta's Replicas Co.,6175558555,39323 Spinnaker Dr.,Desconocido,Cambridge,MA,51247,USA,Desconocido,Hernandez,Marta,Medium
10299,1.222539697047954,0.8101579745265014,10,1.032761772013375,2004-09-30,Shipped,3,9,2004,Motorcycles,0.2808418723515924,S24_1578,"Toys of Finland, Co.",90-224 8555,Keskuskatu 45,Desconocido,Helsinki,Desconocido,21240,Finland,EMEA,Karttunen,Matti,Medium
10309,-1.4469423248454751,0.8101579745265014,6,-0.4904968857410611,2004-10-15,Shipped,4,10,2004,Motorcycles,0.2808418723515924,S24_1578,Baane Mini Imports,07-98 9555,Erling Skakkes gate 78,Desconocido,Stavern,Desconocido,4110,Norway,EMEA,Bergulfsen,Jonas,Small
10318,1.3252120825053932,0.8101579745265014,2,1.565750798500158,2004-11-02,Shipped,4,11,2004,Motorcycles,0.2808418723515924,S24_1578,Diecast Classics Inc.,2155551555,7586 Pompton St.,Desconocido,Allentown,PA,70267,USA,Desconocido,Yu,Kyung,Medium
10329,-0.5228908557285186,0.20432881765577904,7,-0.4998477609510439,2004-11-15,Shipped,4,11,2004,Motorcycles,0.2808418723515924,S24_1578,Land of Toys Inc.,2125557818,897 Long Airport Avenue,Desconocido,NYC,NY,10022,USA,Desconocido,Yu,Kwai,Small
10339,-0.8309080121008378,0.03626328232093904,10,-0.6925507276041581,2004-11-23,Shipped,4,11,2004,Motorcycles,0.2808418723515924,S24_1578,"Tokyo Collectables, Ltd",+81 3 3584 0555,2-2-8 Roppongi,Desconocido,Minato-ku,Tokyo,106-0032,Japan,Japan,Shimamura,Akiko,Small
10362,1.5305568534202727,0.6574612639567939,2,0.7016473894327037,2005-01-05,Shipped,1,1,2005,Motorcycles,0.2808418723515924,S24_1578,Technics Stores Inc.,6505556809,9408 Furth Circle,Desconocido,Burlingame,CA,94217,USA,Desconocido,Hirano,Juri,Medium
10374,0.29848822793099766,0.8101579745265014,6,0.34927904310530006,2005-02-02,Shipped,1,2,2005,Motorcycles,0.2808418723515924,S24_1578,"Australian Gift Network, Co",61-7-3844-6555,31 Duncan St. West End,Desconocido,South Brisbane,Queensland,4101,Australia,APAC,Calaghan,Tony,Medium
10389,1.0171949261330746,0.8101579745265014,1,0.566787351198136,2005-03-03,Shipped,1,3,2005,Motorcycles,0.2808418723515924,S24_1578,Scandinavian Gift Ideas,0695-34 6555,?kergatan 24,Desconocido,Boras,Desconocido,S-844 67,Sweden,EMEA,Larsson,Maria,Medium
10403,1.119867311590515,0.8101579745265014,8,0.941501139737549,2005-04-08,Shipped,2,4,2005,Motorcycles,0.2808418723515924,S24_1578,"UK Collectables, Ltd.",(171) 555-2282,Berkeley Gardens 12  Brewery,Desconocido,Liverpool,Desconocido,WX1 6LT,UK,EMEA,Devon,Elizabeth,Medium
10417,-0.009528928441320991,0.8101579745265014,3,-0.0020847086147599584,2005-05-13,Disputed,2,5,2005,Motorcycles,0.2808418723515924,S24_1578,Euro Shopping Channel,(91) 555 94 44,"C/ Moralzarzal, 86",Desconocido,Madrid,Desconocido,28034,Spain,EMEA,Freyre,Diego,Medium
10110,-0.6255632411859583,-1.2041496067875286,15,-0.9949065532091798,2003-03-18,Shipped,1,3,2003,Classic Cars,-1.2621839171451985,S24_1628,"AV Stores, Co.",(171) 555-1555,Fauntleroy Circus,Desconocido,Manchester,Desconocido,EC2 5NT,UK,EMEA,Ashworth,Victoria,Small
10123,1.5305568534202727,-1.1793611797469916,1,-0.304304778191762,2003-05-20,Shipped,2,5,2003,Classic Cars,-1.2621839171451985,S24_1628,Atelier graphique,40.32.2555,"54, rue Royale",Desconocido,Nantes,Desconocido,44000,France,EMEA,Schmitt,Carine,Small
10137,-0.9335803975582769,-1.6781043318025946,1,-1.2265986511094933,2003-07-10,Shipped,3,7,2003,Classic Cars,-1.2621839171451985,S24_1628,Reims Collectables,26.47.1555,59 rue de l'Abbaye,Desconocido,Reims,Desconocido,51100,France,EMEA,Henriot,Paul,Small
10148,1.222539697047954,-1.3290832790718348,8,-0.47891418143043785,2003-09-11,Shipped,3,9,2003,Classic Cars,-1.2621839171451985,S24_1628,"Anna's Decorations, Ltd",02 9936 8555,201 Miller Street,Level 15,North Sydney,NSW,2060,Australia,APAC,O'Hara,Anna,Small
10161,-1.2415975539305957,-1.5035938054372149,7,-1.2637795120634727,2003-10-17,Shipped,4,10,2003,Classic Cars,-1.2621839171451985,S24_1628,Heintze Collectables,86 21 3555,Smagsloget 45,Desconocido,Aaarhus,Desconocido,8200,Denmark,EMEA,Ibsen,Palle,Small
10172,-0.11220131389876072,-2.0276211530741652,5,-1.1403772825937508,2003-11-05,Shipped,4,11,2003,Classic Cars,-1.2621839171451985,S24_1628,Gift Depot Inc.,2035552570,25593 South Bay Ln.,Desconocido,Bridgewater,CT,97562,USA,Desconocido,King,Julie,Small
10181,-0.11220131389876072,-1.478805378396678,1,-0.9359938672898394,2003-11-12,Shipped,4,11,2003,Classic Cars,-1.2621839171451985,S24_1628,Herkku Gifts,+47 2267 3215,"Drammen 121, PR 744 Sentrum",Desconocido,Bergen,Desconocido,N 5804,Norway,EMEA,Oeztan,Veysel,Small
10192,1.222539697047954,-1.478805378396678,6,-0.5559910238987867,2003-11-20,Shipped,4,11,2003,Classic Cars,-1.2621839171451985,S24_1628,Online Diecast Creations Co.,6035558647,2304 Long Airport Avenue,Desconocido,Nashua,NH,62005,USA,Desconocido,Young,Valarie,Small
10204,1.0171949261330746,-1.6781043318025946,12,-0.7126860616800099,2003-12-02,Shipped,4,12,2003,Classic Cars,-1.2621839171451985,S24_1628,Muscle Machine Inc,2125557413,4092 Furth Circle,Suite 400,NYC,NY,10022,USA,Desconocido,Young,Jeff,Small
10212,1.0171949261330746,-1.5035938054372149,5,-0.6266710423268573,2004-01-16,Shipped,1,1,2004,Classic Cars,-1.2621839171451985,S24_1628,Euro Shopping Channel,(91) 555 94 44,"C/ Moralzarzal, 86",Desconocido,Madrid,Desconocido,28034,Spain,EMEA,Freyre,Diego,Small
10226,0.09314345701611873,-2.0023369574928176,3,-1.0839679378310898,2004-02-26,Shipped,1,2,2004,Classic Cars,-1.2621839171451985,S24_1628,Collectable Mini Designs Co.,7605558146,361 Furth Circle,Desconocido,San Diego,CA,91217,USA,Desconocido,Thompson,Valarie,Small
10241,-1.4469423248454751,-2.1520590568176607,10,-1.470856326963291,2004-04-13,Shipped,2,4,2004,Classic Cars,-1.2621839171451985,S24_1628,Mini Caravy,88.60.1555,"24, place Kluber",Desconocido,Strasbourg,Desconocido,67000,France,EMEA,Citeaux,Frederique,Small
10266,-0.728235626643398,-1.7529653814650163,1,-1.1954616485229415,2004-07-06,Shipped,3,7,2004,Classic Cars,-1.2621839171451985,S24_1628,L'ordine Souveniers,0522-556555,Strada Provinciale 124,Desconocido,Reggio Emilia,Desconocido,42100,Italy,EMEA,Moroni,Maurizio,Small
10278,-0.009528928441320991,-1.902687480789859,1,-1.0692628448760182,2004-08-06,Shipped,3,8,2004,Classic Cars,-1.2621839171451985,S24_1628,Signal Gift Stores,7025551838,8489 Strong St.,Desconocido,Las Vegas,NV,83030,USA,Desconocido,King,Sue,Small
10288,1.5305568534202727,-1.5536664280590993,13,-0.5092963805012009,2004-09-01,Shipped,3,9,2004,Classic Cars,-1.2621839171451985,S24_1628,Handji Gifts& Co,+65 224 1555,Village Close - 106 Linden Road Sandown,2nd Floor,Singapore,Desconocido,69045,Singapore,APAC,Victorino,Wendy,Small
10301,-1.3442699393880353,-1.6032432821401732,3,-1.3167515141966801,2003-10-05,Shipped,4,10,2003,Classic Cars,-1.2621839171451985,S24_1628,"Norway Gifts By Mail, Co.",+47 2212 1555,"Drammensveien 126 A, PB 744 Sentrum",Desconocido,Oslo,Desconocido,N 0106,Norway,EMEA,Klaeboe,Jan,Small
10311,1.0171949261330746,-1.7033885273839424,8,-0.7251484650521997,2004-10-16,Shipped,4,10,2004,Classic Cars,-1.2621839171451985,S24_1628,Euro Shopping Channel,(91) 555 94 44,"C/ Moralzarzal, 86",Desconocido,Madrid,Desconocido,28034,Spain,EMEA,Freyre,Diego,Small
10321,1.3252120825053932,-2.0524095801147024,5,-0.8283339068292582,2004-11-04,Shipped,4,11,2004,Classic Cars,-1.2621839171451985,S24_1628,FunGiftIdeas.com,5085552555,1785 First Street,Desconocido,New Bedford,MA,50553,USA,Desconocido,Benitez,Violeta,Small
10332,-1.5496147103029148,0.21325265139037178,5,-0.9745594397296176,2004-11-17,Shipped,4,11,2004,Classic Cars,-1.2621839171451985,S24_1628,"AV Stores, Co.",(171) 555-1555,Fauntleroy Circus,Desconocido,Manchester,Desconocido,EC2 5NT,UK,EMEA,Ashworth,Victoria,Small
10343,-0.8309080121008378,-2.3523495473051987,6,-1.3989490740419244,2004-11-24,Shipped,4,11,2004,Classic Cars,-1.2621839171451985,S24_1628,Reims Collectables,26.47.1555,59 rue de l'Abbaye,Desconocido,Reims,Desconocido,51100,France,EMEA,Henriot,Paul,Small
10367,0.29848822793099766,-2.2388185514595396,11,-1.1354031817271164,2005-01-12,Resolved,1,1,2005,Classic Cars,-1.2621839171451985,S24_1628,Toys4GrownUps.com,6265557265,78934 Hillside Dr.,Desconocido,Pasadena,CA,90003,USA,Desconocido,Young,Julie,Small
10379,-0.31754608481363966,0.8101579745265014,3,0.22626236075515307,2005-02-10,Shipped,1,2,2005,Classic Cars,-1.2621839171451985,S24_1628,Euro Shopping Channel,(91) 555 94 44,"C/ Moralzarzal, 86",Desconocido,Madrid,Desconocido,28034,Spain,EMEA,Freyre,Diego,Medium
10407,2.9679702498244267,-2.1520590568176607,10,-0.5310173449843203,2005-04-22,On Hold,2,4,2005,Classic Cars,-1.2621839171451985,S24_1628,The Sharp Gifts Warehouse,4085553659,3086 Ingle Ln.,Desconocido,San Jose,CA,94217,USA,Desconocido,Frick,Sue,Small
10420,0.19581584247355846,-1.154572752706455,13,-0.7168999287897351,2005-05-29,In Process,2,5,2005,Classic Cars,-1.2621839171451985,S24_1628,Souveniers And Things Co.,+61 2 9495 8555,"Monitor Money Building, 815 Pacific Hwy",Level 6,Chatswood,NSW,2067,Australia,APAC,Huxley,Adrian,Small
10106,-0.728235626643398,0.24646914362469136,4,-0.582257100199999,2003-02-17,Shipped,1,2,2003,Planes,0.20617933415013498,S24_1785,Rovelli Gifts,035-640555,Via Ludovico il Moro 22,Desconocido,Bergamo,Desconocido,24100,Italy,EMEA,Rovelli,Giovanni,Small
10120,0.4011606133884374,0.8101579745265014,10,0.5960454903568977,2003-04-29,Shipped,2,4,2003,Planes,0.20617933415013498,S24_1785,"Australian Collectors, Co.",03 9520 4555,636 St Kilda Road,Level 3,Melbourne,Victoria,3004,Australia,APAC,Ferguson,Peter,Medium
10133,0.6065053843033164,0.5176545354481658,5,0.1651938691108629,2003-06-27,Shipped,2,6,2003,Planes,0.20617933415013498,S24_1785,Euro Shopping Channel,(91) 555 94 44,"C/ Moralzarzal, 86",Desconocido,Madrid,Desconocido,28034,Spain,EMEA,Freyre,Diego,Medium
10145,0.5038329988458771,0.1924303726763215,16,-0.0283942268449383,2003-08-25,Shipped,3,8,2003,Planes,0.20617933415013498,S24_1785,Toys4GrownUps.com,6265557265,78934 Hillside Dr.,Desconocido,Pasadena,CA,90003,USA,Desconocido,Young,Julie,Medium
10168,1.4278844679628335,0.8101579745265014,11,1.5638067721789188,2003-10-28,Shipped,4,10,2003,Planes,0.20617933415013498,S24_1785,Technics Stores Inc.,6505556809,9408 Furth Circle,Desconocido,Burlingame,CA,94217,USA,Desconocido,Hirano,Juri,Medium
10210,-0.8309080121008378,0.7348011563232696,9,-0.4859680646463308,2004-01-12,Shipped,1,1,2004,Planes,0.20617933415013498,S24_1785,Osaka Souveniers Co.,+81 06 6342 5555,"Dojima Avanza 4F, 1-6-20 Dojima, Kita-ku",Desconocido,Osaka,Osaka,530-0003,Japan,Japan,Kentary,Mory,Small
10223,-0.11220131389876072,0.8101579745265014,11,0.02979623700533866,2004-02-20,Shipped,1,2,2004,Planes,0.20617933415013498,S24_1785,"Australian Collectors, Co.",03 9520 4555,636 St Kilda Road,Level 3,Melbourne,Victoria,3004,Australia,APAC,Ferguson,Peter,Medium
10235,-1.2415975539305957,0.6262278458857181,5,-0.7272282474014583,2004-04-02,Shipped,2,4,2004,Planes,0.20617933415013498,S24_1785,"Royal Canadian Collectables, Ltd.",(604) 555-4555,23 Tsawassen Blvd.,Desconocido,Tsawassen,BC,T2F 8M4,Canada,Desconocido,Lincoln,Elizabeth,Small
10250,-0.4202184702710794,0.24646914362469136,6,-0.4378724190395835,2004-05-11,Shipped,2,5,2004,Planes,0.20617933415013498,S24_1785,The Sharp Gifts Warehouse,4085553659,3086 Ingle Ln.,Desconocido,San Jose,CA,94217,USA,Desconocido,Frick,Sue,Small
10262,-0.11220131389876072,0.680266616834088,1,-0.1319380645359683,2004-06-24,Cancelled,2,6,2004,Planes,0.20617933415013498,S24_1785,Euro Shopping Channel,(91) 555 94 44,"C/ Moralzarzal, 86",Desconocido,Madrid,Desconocido,28034,Spain,EMEA,Freyre,Diego,Medium
10275,-1.0362527830157167,0.5721890749373474,11,-0.6374500709516051,2004-07-23,Shipped,3,7,2004,Planes,0.20617933415013498,S24_1785,La Rochelle Gifts,40.67.8555,"67, rue des Cinquante Otages",Desconocido,Nantes,Desconocido,44000,France,EMEA,Labrune,Janine,Small
10284,-1.3442699393880353,0.8101579745265014,3,-0.6749838975784354,2004-08-21,Shipped,3,8,2004,Planes,0.20617933415013498,S24_1785,"Norway Gifts By Mail, Co.",+47 2212 1555,"Drammensveien 126 A, PB 744 Sentrum",Desconocido,Oslo,Desconocido,N 0106,Norway,EMEA,Klaeboe,Jan,Small
10297,-0.31754608481363966,0.8101579745265014,6,0.2757861597766653,2004-09-16,Shipped,3,9,2004,Planes,0.20617933415013498,S24_1785,"Clover Collections, Co.",+353 1862 1555,25 Maiden Lane,Floor No. 4,Dublin,Desconocido,2,Ireland,EMEA,Cassidy,Dean,Medium
10308,-0.4202184702710794,0.8101579745265014,9,-0.03268411733035457,2004-10-15,Shipped,4,10,2004,Planes,0.20617933415013498,S24_1785,Mini Classics,9145554562,3758 North Pendale Street,Desconocido,White Plains,NY,24067,USA,Desconocido,Frick,Steve,Medium
10316,-1.0362527830157167,0.8101579745265014,1,-0.3701464517812174,2004-11-01,Shipped,4,11,2004,Planes,0.20617933415013498,S24_1785,giftsbymail.co.uk,(198) 555-8888,Garden House Crowther Way,Desconocido,Cowes,Isle of Wight,PO31 7PJ,UK,EMEA,Bennett,Helen,Small
10328,1.222539697047954,0.1924303726763215,14,0.3043600885542088,2004-11-12,Shipped,4,11,2004,Planes,0.20617933415013498,S24_1785,Rovelli Gifts,035-640555,Via Ludovico il Moro 22,Desconocido,Bergamo,Desconocido,24100,Italy,EMEA,Rovelli,Giovanni,Medium
10339,-1.4469423248454751,-1.6364597743744924,7,-1.3522598608854592,2004-11-23,Shipped,4,11,2004,Planes,0.20617933415013498,S24_1785,"Tokyo Collectables, Ltd",+81 3 3584 0555,2-2-8 Roppongi,Desconocido,Minato-ku,Tokyo,106-0032,Japan,Japan,Shimamura,Akiko,Small
10353,-0.728235626643398,-0.5913796903454559,2,-0.8392161100353008,2004-12-04,Shipped,4,12,2004,Planes,0.20617933415013498,S24_1785,Gift Ideas Corp.,2035554407,2440 Pompton St.,Desconocido,Glendale,CT,97561,USA,Desconocido,Lewis,Dan,Small
10374,1.119867311590515,0.5176545354481658,3,0.4206867138435548,2005-02-02,Shipped,1,2,2005,Planes,0.20617933415013498,S24_1785,"Australian Gift Network, Co",61-7-3844-6555,31 Duncan St. West End,Desconocido,South Brisbane,Queensland,4101,Australia,APAC,Calaghan,Tony,Medium
10386,-0.21487369935619993,-2.079676849859293,11,-1.1824127791097074,2005-03-01,Resolved,1,3,2005,Planes,0.20617933415013498,S24_1785,Euro Shopping Channel,(91) 555 94 44,"C/ Moralzarzal, 86",Desconocido,Madrid,Desconocido,28034,Spain,EMEA,Freyre,Diego,Small
10398,0.8118501552181958,0.8101579745265014,16,1.0851092964176927,2005-03-30,Shipped,1,3,2005,Planes,0.20617933415013498,S24_1785,Reims Collectables,26.47.1555,59 rue de l'Abbaye,Desconocido,Reims,Desconocido,51100,France,EMEA,Henriot,Paul,Medium
10401,0.29848822793099766,0.6262278458857181,5,0.05708862887837815,2005-04-03,On Hold,2,4,2005,Planes,0.20617933415013498,S24_1785,Tekni Collectables Inc.,2015559350,7476 Moss Rd.,Desconocido,Newark,NJ,94019,USA,Desconocido,Brown,William,Medium
10416,1.222539697047954,0.24646914362469136,6,0.3321792138159638,2005-05-10,Shipped,2,5,2005,Planes,0.20617933415013498,S24_1785,L'ordine Souveniers,0522-556555,Strada Provinciale 124,Desconocido,Reggio Emilia,Desconocido,42100,Italy,EMEA,Moroni,Maurizio,Medium
10101,1.0171949261330746,-2.600729586251379,3,-1.1674416043397176,2003-01-09,Shipped,1,1,2003,Vintage Cars,-1.685271633620125,S24_1937,"Blauer See Auto, Co.",+49 69 66 90 2555,Lyonerstr. 34,Desconocido,Frankfurt,Desconocido,60528,Germany,EMEA,Keitel,Roland,Small
10110,-1.5496147103029148,-2.3870533451619504,3,-1.5441917332994228,2003-03-18,Shipped,1,3,2003,Vintage Cars,-1.685271633620125,S24_1937,"AV Stores, Co.",(171) 555-1555,Fauntleroy Circus,Desconocido,Manchester,Desconocido,EC2 5NT,UK,EMEA,Ashworth,Victoria,Small
10124,1.0171949261330746,-2.271539275153048,2,-1.005185999650816,2003-05-21,Shipped,2,5,2003,Vintage Cars,-1.685271633620125,S24_1937,Signal Gift Stores,7025551838,8489 Strong St.,Desconocido,Las Vegas,NV,83030,USA,Desconocido,King,Sue,Small
10149,0.09314345701611873,-2.502071646630042,7,-1.2810205276219486,2003-09-12,Shipped,3,9,2003,Vintage Cars,-1.685271633620125,S24_1937,Signal Collectibles Ltd.,4155554312,2793 Furth Circle,Desconocido,Brisbane,CA,94217,USA,Desconocido,Taylor,Sue,Small
10162,0.19581584247355846,-2.7980454654940528,5,-1.3829461534589862,2003-10-18,Shipped,4,10,2003,Vintage Cars,-1.685271633620125,S24_1937,Corporate Gift Ideas Co.,6505551386,7734 Strong St.,Desconocido,San Francisco,CA,Desconocido,USA,Desconocido,Brown,Julie,Small
10173,-0.4202184702710794,-2.584369224404624,9,-1.3990793998288233,2003-11-05,Shipped,4,11,2003,Vintage Cars,-1.685271633620125,S24_1937,Rovelli Gifts,035-640555,Via Ludovico il Moro 22,Desconocido,Bergamo,Desconocido,24100,Italy,EMEA,Rovelli,Giovanni,Small
10182,0.4011606133884374,-2.321116129234122,6,-1.1496521344280428,2003-11-12,Shipped,4,11,2003,Vintage Cars,-1.685271633620125,S24_1937,Mini Gifts Distributors Ltd.,4155551450,5677 Strong St.,Desconocido,San Rafael,CA,97562,USA,Desconocido,Nelson,Valarie,Small
10193,-0.9335803975582769,-2.6993875258727154,10,-1.5174423655384615,2003-11-21,Shipped,4,11,2003,Vintage Cars,-1.685271633620125,S24_1937,"Australian Collectables, Ltd",61-9-3844-6555,7 Allen Street,Desconocido,Glen Waverly,Victoria,3150,Australia,APAC,Connery,Sean,Small
10205,-0.31754608481363966,-2.3047557673873675,5,-1.2839528578271697,2003-12-03,Shipped,4,12,2003,Vintage Cars,-1.685271633620125,S24_1937,Euro Shopping Channel,(91) 555 94 44,"C/ Moralzarzal, 86",Desconocido,Madrid,Desconocido,28034,Spain,EMEA,Freyre,Diego,Small
10214,-1.5496147103029148,-2.452494792548968,3,-1.5585275698582817,2004-01-26,Shipped,1,1,2004,Vintage Cars,-1.685271633620125,S24_1937,"Corrida Auto Replicas, Ltd",(91) 555 22 82,"C/ Araquil, 67",Desconocido,Madrid,Desconocido,28023,Spain,EMEA,Sommer,Mart¡n,Small
10227,0.7091777697607561,-2.6993875258727154,6,-1.263654616517695,2004-03-02,Shipped,1,3,2004,Vintage Cars,-1.685271633620125,S24_1937,"Saveley & Henriot, Co.",78.32.5555,"2, rue du Commerce",Desconocido,Lyon,Desconocido,69004,France,EMEA,Saveley,Mary,Small
10243,-0.21487369935619993,-2.6830271640259613,1,-1.4004966927613467,2004-04-26,Shipped,2,4,2004,Vintage Cars,-1.685271633620125,S24_1937,Diecast Collectables,6175552555,6251 Ingle Ln.,Desconocido,Boston,MA,51003,USA,Desconocido,Franco,Valarie,Small
10280,-1.5496147103029148,-2.7157478877194703,12,-1.6161967305609637,2004-08-17,Shipped,3,8,2004,Vintage Cars,-1.685271633620125,S24_1937,Amica Models & Co.,011-4988555,Via Monte Bianco 34,Desconocido,Torino,Desconocido,10100,Italy,EMEA,Accorti,Paolo,Small
10288,-0.6255632411859583,-2.2551789133062936,1,-1.3287577773147243,2004-09-01,Shipped,3,9,2004,Vintage Cars,-1.685271633620125,S24_1937,Handji Gifts& Co,+65 224 1555,Village Close - 106 Linden Road Sandown,2nd Floor,Singapore,Desconocido,69045,Singapore,APAC,Victorino,Wendy,Small
10304,-1.2415975539305957,-2.6503064403324528,16,-1.5526629094478395,2004-10-11,Shipped,4,10,2004,Vintage Cars,-1.685271633620125,S24_1937,Auto Assoc. & Cie.,30.59.8555,"67, avenue de l'Europe",Desconocido,Versailles,Desconocido,78000,France,EMEA,Tonini,Daniel,Small
10312,0.4011606133884374,-2.6830271640259613,13,-1.304251099136645,2004-10-21,Shipped,4,10,2004,Vintage Cars,-1.685271633620125,S24_1937,Mini Gifts Distributors Ltd.,4155551450,5677 Strong St.,Desconocido,San Rafael,CA,97562,USA,Desconocido,Nelson,Valarie,Small
10322,-1.5496147103029148,0.8101579745265014,3,-0.504952187604577,2004-11-04,Shipped,4,11,2004,Vintage Cars,-1.685271633620125,S24_1937,Online Diecast Creations Co.,6035558647,2304 Long Airport Avenue,Desconocido,Nashua,NH,62005,USA,Desconocido,Young,Valarie,Small
10332,1.0171949261330746,-0.08668731580012463,6,0.07171226821663812,2004-11-17,Shipped,4,11,2004,Vintage Cars,-1.685271633620125,S24_1937,"AV Stores, Co.",(171) 555-1555,Fauntleroy Circus,Desconocido,Manchester,Desconocido,EC2 5NT,UK,EMEA,Ashworth,Victoria,Medium
10344,-1.5496147103029148,-2.4034137070087045,6,-1.5477756924391377,2004-11-25,Shipped,4,11,2004,Vintage Cars,-1.685271633620125,S24_1937,Marseille Mini Autos,91.24.4555,"12, rue des Bouchers",Desconocido,Marseille,Desconocido,13008,France,EMEA,Lebihan,Laurence,Small
10356,1.3252120825053932,0.8101579745265014,5,3.348346911700798,2004-12-09,Shipped,4,12,2004,Vintage Cars,-1.685271633620125,S24_1937,Lyon Souveniers,+33 1 46 62 7555,27 rue du Colonel Pierre Avia,Desconocido,Paris,Desconocido,75508,France,EMEA,Da Cunha,Daniel,Large
10367,-1.2415975539305957,-2.348383398978713,13,-1.4766015220690762,2005-01-12,Resolved,1,1,2005,Vintage Cars,-1.685271633620125,S24_1937,Toys4GrownUps.com,6265557265,78934 Hillside Dr.,Desconocido,Pasadena,CA,90003,USA,Desconocido,Young,Julie,Small
10380,-0.31754608481363966,-0.6493846096203124,4,-0.7037424545540855,2005-02-16,Shipped,1,2,2005,Vintage Cars,-1.685271633620125,S24_1937,Euro Shopping Channel,(91) 555 94 44,"C/ Moralzarzal, 86",Desconocido,Madrid,Desconocido,28034,Spain,EMEA,Freyre,Diego,Small
10391,-0.21487369935619993,0.8101579745265014,8,2.6015312806010664,2005-03-09,Shipped,1,3,2005,Vintage Cars,-1.685271633620125,S24_1937,"Anna's Decorations, Ltd",02 9936 8555,201 Miller Street,Level 15,North Sydney,NSW,2060,Australia,APAC,O'Hara,Anna,Large
10409,2.659953093452108,-2.6830271640259613,1,-0.9513505891794045,2005-04-23,Shipped,2,4,2005,Vintage Cars,-1.685271633620125,S24_1937,Handji Gifts& Co,+65 224 1555,Village Close - 106 Linden Road Sandown,2nd Floor,Singapore,Desconocido,69045,Singapore,APAC,Victorino,Wendy,Small
10420,1.0171949261330746,-2.8149015958816177,1,-1.2730054917276776,2005-05-29,In Process,2,5,2005,Vintage Cars,-1.685271633620125,S24_1937,Souveniers And Things Co.,+61 2 9495 8555,"Monitor Money Building, 815 Pacific Hwy",Level 6,Chatswood,NSW,2067,Australia,APAC,Huxley,Adrian,Small
10107,0.29848822793099766,-0.031161239229321167,7,-0.21653036071547666,2003-02-24,Shipped,1,2,2003,Motorcycles,-0.615108586065899,S24_2000,Land of Toys Inc.,2125557818,897 Long Airport Avenue,Desconocido,NYC,NY,10022,USA,Desconocido,Yu,Kwai,Medium
10120,-0.11220131389876072,0.006517169872295187,5,-0.3828477857627214,2003-04-29,Shipped,2,4,2003,Motorcycles,-0.615108586065899,S24_2000,"Australian Collectors, Co.",03 9520 4555,636 St Kilda Road,Level 3,Melbourne,Victoria,3004,Australia,APAC,Ferguson,Peter,Small
10134,0.8118501552181958,-0.031161239229321167,7,0.008906099413698293,2003-07-01,Shipped,3,7,2003,Motorcycles,-0.615108586065899,S24_2000,Lyon Souveniers,+33 1 46 62 7555,27 rue du Colonel Pierre Avia,Desconocido,Paris,Desconocido,75508,France,EMEA,Da Cunha,Daniel,Medium
10145,1.222539697047954,-0.031161239229321167,11,0.18925526751703842,2003-08-25,Shipped,3,8,2003,Motorcycles,-0.615108586065899,S24_2000,Toys4GrownUps.com,6265557265,78934 Hillside Dr.,Desconocido,Pasadena,CA,90003,USA,Desconocido,Young,Julie,Medium
10158,-1.3442699393880353,-0.8243909045265031,1,-1.1290715205802873,2003-10-10,Shipped,4,10,2003,Motorcycles,-0.615108586065899,S24_2000,Baane Mini Imports,07-98 9555,Erling Skakkes gate 78,Desconocido,Stavern,Desconocido,4110,Norway,EMEA,Bergulfsen,Jonas,Small
10168,-0.6255632411859583,-0.40893686732710416,6,-0.7423134572349847,2003-10-28,Shipped,4,10,2003,Motorcycles,-0.615108586065899,S24_2000,Technics Stores Inc.,6505556809,9408 Furth Circle,Desconocido,Burlingame,CA,94217,USA,Desconocido,Hirano,Juri,Small
10180,-0.728235626643398,-0.7490340863232707,14,-0.8875669769747245,2003-11-11,Shipped,4,11,2003,Motorcycles,-0.615108586065899,S24_2000,Daedalus Designs Imports,20.16.1555,"184, chausse de Tournai",Desconocido,Lille,Desconocido,59000,France,EMEA,Rance,Martine,Small
10188,0.5038329988458771,0.3837970294292664,6,0.055448696059902464,2003-11-18,Shipped,4,11,2003,Motorcycles,-0.615108586065899,S24_2000,Herkku Gifts,+47 2267 3215,"Drammen 121, PR 744 Sentrum",Desconocido,Bergen,Desconocido,N 5804,Norway,EMEA,Oeztan,Veysel,Medium
10201,-1.0362527830157167,-0.4847894540711478,7,-0.9268819226891706,2003-12-01,Shipped,4,12,2003,Motorcycles,-0.615108586065899,S24_2000,Mini Wheels Co.,6505555787,5557 North Pendale Street,Desconocido,San Francisco,CA,Desconocido,USA,Desconocido,Murphy,Julie,Small
10210,-0.5228908557285186,-1.0886355367786265,4,-0.9247098262408587,2004-01-12,Shipped,1,1,2004,Motorcycles,-0.615108586065899,S24_2000,Osaka Souveniers Co.,+81 06 6342 5555,"Dojima Avanza 4F, 1-6-20 Dojima, Kita-ku",Desconocido,Osaka,Osaka,530-0003,Japan,Japan,Kentary,Mory,Small
10223,0.29848822793099766,-0.7113556772216544,6,-0.4996414117884543,2004-02-20,Shipped,1,2,2004,Motorcycles,-0.615108586065899,S24_2000,"Australian Collectors, Co.",03 9520 4555,636 St Kilda Road,Level 3,Melbourne,Victoria,3004,Australia,APAC,Ferguson,Peter,Small
10236,0.09314345701611873,0.19540498392118547,3,-0.21736661784807684,2004-04-03,Shipped,2,4,2004,Motorcycles,-0.615108586065899,S24_2000,Motor Mint Distributors Inc.,2155559857,11328 Douglas Av.,Desconocido,Philadelphia,PA,71270,USA,Desconocido,Hernandez,Rosa,Medium
10250,-0.31754608481363966,0.19540498392118547,1,-0.40764226672020243,2004-05-11,Shipped,2,5,2004,Motorcycles,-0.615108586065899,S24_2000,The Sharp Gifts Warehouse,4085553659,3086 Ingle Ln.,Desconocido,San Jose,CA,94217,USA,Desconocido,Frick,Sue,Small
10263,0.19581584247355846,-1.0509571276770104,7,-0.6749078742027445,2004-06-28,Shipped,2,6,2004,Motorcycles,-0.615108586065899,S24_2000,Gift Depot Inc.,2035552570,25593 South Bay Ln.,Desconocido,Bridgewater,CT,97562,USA,Desconocido,King,Julie,Small
10275,-0.5228908557285186,-0.1823706441765967,6,-0.6269154031772923,2004-07-23,Shipped,3,7,2004,Motorcycles,-0.615108586065899,S24_2000,La Rochelle Gifts,40.67.8555,"67, rue des Cinquante Otages",Desconocido,Nantes,Desconocido,44000,France,EMEA,Labrune,Janine,Small
10285,0.4011606133884374,-0.6731814995792279,11,-0.44569739649462753,2004-08-27,Shipped,3,8,2004,Motorcycles,-0.615108586065899,S24_2000,Marta's Replicas Co.,6175558555,39323 Spinnaker Dr.,Desconocido,Cambridge,MA,51247,USA,Desconocido,Hernandez,Marta,Small
10297,-0.31754608481363966,-0.899747722729735,1,-0.7914951510658875,2004-09-16,Shipped,3,9,2004,Motorcycles,-0.615108586065899,S24_2000,"Clover Collections, Co.",+353 1862 1555,25 Maiden Lane,Floor No. 4,Dublin,Desconocido,2,Ireland,EMEA,Cassidy,Dean,Small
10308,1.222539697047954,-1.0132787185753946,4,-0.31633819251541,2004-10-15,Shipped,4,10,2004,Motorcycles,-0.615108586065899,S24_2000,Mini Classics,9145554562,3758 North Pendale Street,Desconocido,White Plains,NY,24067,USA,Desconocido,Frick,Steve,Small
10318,-0.9335803975582769,0.157230806278759,6,-0.703927082752192,2004-11-02,Shipped,4,11,2004,Motorcycles,-0.615108586065899,S24_2000,Diecast Classics Inc.,2155551555,7586 Pompton St.,Desconocido,Allentown,PA,70267,USA,Desconocido,Yu,Kyung,Small
10329,0.19581584247355846,0.5340148972949201,4,-0.032570082266817846,2004-11-15,Shipped,4,11,2004,Motorcycles,-0.615108586065899,S24_2000,Land of Toys Inc.,2125557818,897 Long Airport Avenue,Desconocido,NYC,NY,10022,USA,Desconocido,Yu,Kwai,Medium
10340,2.043918780707471,-0.1823706441765967,8,0.45886130892263677,2004-11-24,Shipped,4,11,2004,Motorcycles,-0.615108586065899,S24_2000,Enaco Distributors,(93) 203 4555,"Rambla de Catalu¤a, 23",Desconocido,Barcelona,Desconocido,8022,Spain,EMEA,Saavedra,Eduardo,Medium
10363,-1.4469423248454751,0.8101579745265014,8,0.022660900172633846,2005-01-06,Shipped,1,1,2005,Motorcycles,-0.615108586065899,S24_2000,Suominen Souveniers,+358 9 8045 555,"Software Engineering Center, SEC Oy",Desconocido,Espoo,Desconocido,FIN-02271,Finland,EMEA,Suominen,Kalle,Medium
10375,-1.2415975539305957,0.8101579745265014,9,-0.6030820748981895,2005-02-03,Shipped,1,2,2005,Motorcycles,-0.615108586065899,S24_2000,La Rochelle Gifts,40.67.8555,"67, rue des Cinquante Otages",Desconocido,Nantes,Desconocido,44000,France,EMEA,Labrune,Janine,Small
10389,1.4278844679628335,-0.11197151138147171,2,0.23605851573703987,2005-03-03,Shipped,1,3,2005,Motorcycles,-0.615108586065899,S24_2000,Scandinavian Gift Ideas,0695-34 6555,?kergatan 24,Desconocido,Boras,Desconocido,S-844 67,Sweden,EMEA,Larsson,Maria,Medium
10402,2.454608322537229,0.19540498392118547,3,0.8767183631666454,2005-04-07,Shipped,2,4,2005,Motorcycles,-0.615108586065899,S24_2000,Auto Canal Petit,(1) 47.55.6555,"25, rue Lauriston",Desconocido,Paris,Desconocido,75016,France,EMEA,Perrier,Dominique,Medium
10416,-0.31754608481363966,0.19540498392118547,1,-0.40764226672020243,2005-05-10,Shipped,2,5,2005,Motorcycles,-0.615108586065899,S24_2000,L'ordine Souveniers,0522-556555,Strada Provinciale 124,Desconocido,Reggio Emilia,Desconocido,42100,Italy,EMEA,Moroni,Maurizio,Small
10105,0.8118501552181958,0.8101579745265014,9,1.513582472052826,2003-02-11,Shipped,1,2,2003,Ships,0.5297169996897844,S24_2011,Danish Wholesale Imports,31 12 3555,Vinb'ltet 34,Desconocido,Kobenhavn,Desconocido,1734,Denmark,EMEA,Petersen,Jytte,Medium
10117,0.6065053843033164,0.8101579745265014,3,0.8883282186828727,2003-04-16,Shipped,2,4,2003,Ships,0.5297169996897844,S24_2011,"Dragon Souveniers, Ltd.",+65 221 7555,"Bronz Sok., Bronz Apt. 3/6 Tesvikiye",Desconocido,Singapore,Desconocido,79903,Singapore,Japan,Natividad,Eric,Medium
10129,1.0171949261330746,0.8101579745265014,9,1.3433661338808611,2003-06-12,Shipped,2,6,2003,Ships,0.5297169996897844,S24_2011,"Stylish Desk Decors, Co.",(171) 555-0297,35 King George,Desconocido,London,Desconocido,WX3 6FW,UK,EMEA,Brown,Ann,Medium
10142,-0.21487369935619993,0.8101579745265014,6,-0.10202829644271287,2003-08-08,Shipped,3,8,2003,Ships,0.5297169996897844,S24_2011,Mini Gifts Distributors Ltd.,4155551450,5677 Strong St.,Desconocido,San Rafael,CA,97562,USA,Desconocido,Nelson,Valarie,Medium
10153,0.5038329988458771,0.8101579745265014,5,1.033109307445105,2003-09-28,Shipped,3,9,2003,Ships,0.5297169996897844,S24_2011,Euro Shopping Channel,(91) 555 94 44,"C/ Moralzarzal, 86",Desconocido,Madrid,Desconocido,28034,Spain,EMEA,Freyre,Diego,Medium
10167,-0.21487369935619993,0.8101579745265014,16,0.1402473414020002,2003-10-23,Cancelled,4,10,2003,Ships,0.5297169996897844,S24_2011,Scandinavian Gift Ideas,0695-34 6555,?kergatan 24,Desconocido,Boras,Desconocido,S-844 67,Sweden,EMEA,Larsson,Maria,Medium
10177,1.5305568534202727,0.8101579745265014,7,1.37336821607317,2003-11-07,Shipped,4,11,2003,Ships,0.5297169996897844,S24_2011,CAF Imports,+34 913 728 555,"Merchants House, 27-30 Merchant's Quay",Desconocido,Madrid,Desconocido,28023,Spain,EMEA,Fernandez,Jesus,Medium
10185,-0.5228908557285186,0.8101579745265014,7,-0.20808090553154318,2003-11-14,Shipped,4,11,2003,Ships,0.5297169996897844,S24_2011,Mini Creations Ltd.,5085559555,4575 Hillside Dr.,Desconocido,New Bedford,MA,50553,USA,Desconocido,Tam,Wing C,Medium
10197,0.6065053843033164,0.8101579745265014,13,0.5325496809316195,2003-11-26,Shipped,4,11,2003,Ships,0.5297169996897844,S24_2011,Enaco Distributors,(93) 203 4555,"Rambla de Catalu¤a, 23",Desconocido,Barcelona,Desconocido,8022,Spain,EMEA,Saavedra,Eduardo,Medium
10208,-0.009528928441320991,0.8101579745265014,7,0.4057807019670135,2004-01-02,Shipped,1,1,2004,Ships,0.5297169996897844,S24_2011,"Saveley & Henriot, Co.",78.32.5555,"2, rue du Commerce",Desconocido,Lyon,Desconocido,69004,France,EMEA,Saveley,Mary,Medium
10221,1.4278844679628335,0.8101579745265014,1,1.7652307060720058,2004-02-18,Shipped,1,2,2004,Ships,0.5297169996897844,S24_2011,Petit Auto,(02) 5554 67,Rue Joseph-Bens 532,Desconocido,Bruxelles,Desconocido,B-1180,Belgium,EMEA,Dewey,Catherine,Medium
10232,1.119867311590515,0.8101579745265014,4,1.1398352664329117,2004-03-20,Shipped,1,3,2004,Ships,0.5297169996897844,S24_2011,giftsbymail.co.uk,(198) 555-8888,Garden House Crowther Way,Desconocido,Cowes,Isle of Wight,PO31 7PJ,UK,EMEA,Bennett,Helen,Medium
10248,1.3252120825053932,0.8101579745265014,10,1.8498610139393592,2004-05-07,Cancelled,2,5,2004,Ships,0.5297169996897844,S24_2011,Land of Toys Inc.,2125557818,897 Long Airport Avenue,Desconocido,NYC,NY,10022,USA,Desconocido,Yu,Kwai,Medium
10261,0.09314345701611873,0.8101579745265014,8,0.5206031504659038,2004-06-17,Shipped,2,6,2004,Ships,0.5297169996897844,S24_2011,Quebec Home Shopping Network,(514) 555-8054,43 rue St. Laurent,Desconocido,Montreal,Quebec,H1J 1C3,Canada,Desconocido,Fresnisre,Jean,Medium
10273,-1.3442699393880353,0.8101579745265014,11,-0.41765563134692024,2004-07-21,Shipped,3,7,2004,Ships,0.5297169996897844,S24_2011,Petit Auto,(02) 5554 67,Rue Joseph-Bens 532,Desconocido,Bruxelles,Desconocido,B-1180,Belgium,EMEA,Dewey,Catherine,Small
10283,0.7091777697607561,0.8101579745265014,13,0.957064210789704,2004-08-20,Shipped,3,8,2004,Ships,0.5297169996897844,S24_2011,"Royal Canadian Collectables, Ltd.",(604) 555-4555,23 Tsawassen Blvd.,Desconocido,Tsawassen,BC,T2F 8M4,Canada,Desconocido,Lincoln,Elizabeth,Medium
10293,-1.4469423248454751,0.8101579745265014,2,-0.33233025261610677,2004-09-09,Shipped,3,9,2004,Ships,0.5297169996897844,S24_2011,Amica Models & Co.,011-4988555,Via Monte Bianco 34,Desconocido,Torino,Desconocido,10100,Italy,EMEA,Accorti,Paolo,Small
10306,-0.6255632411859583,0.8101579745265014,7,-0.18815192061828112,2004-10-14,Shipped,4,10,2004,Ships,0.5297169996897844,S24_2011,"AV Stores, Co.",(171) 555-1555,Fauntleroy Circus,Desconocido,Manchester,Desconocido,EC2 5NT,UK,EMEA,Ashworth,Victoria,Medium
10315,-0.009528928441320991,0.8101579745265014,6,0.3590263259170995,2004-10-29,Shipped,4,10,2004,Ships,0.5297169996897844,S24_2011,La Rochelle Gifts,40.67.8555,"67, rue des Cinquante Otages",Desconocido,Nantes,Desconocido,44000,France,EMEA,Labrune,Janine,Medium
10326,0.6065053843033164,0.8101579745265014,4,0.4232334969292001,2004-11-09,Shipped,4,11,2004,Ships,0.5297169996897844,S24_2011,"Volvo Model Replicas, Co",0921-12 3555,Berguvsvgen  8,Desconocido,Lule,Desconocido,S-958 22,Sweden,EMEA,Berglund,Christina,Medium
10337,-0.6255632411859583,-0.5794812453659984,4,-0.7964855426558842,2004-11-21,Shipped,4,11,2004,Ships,0.5297169996897844,S24_2011,Classic Legends Inc.,2125558493,5905 Pompton St.,Suite 750,NYC,NY,10022,USA,Desconocido,Hernandez,Maria,Small
10350,-0.11220131389876072,-1.6523243676804362,7,-1.0006137366271193,2004-12-02,Shipped,4,12,2004,Ships,0.5297169996897844,S24_2011,Euro Shopping Channel,(91) 555 94 44,"C/ Moralzarzal, 86",Desconocido,Madrid,Desconocido,28034,Spain,EMEA,Freyre,Diego,Small
10372,0.19581584247355846,0.8101579745265014,8,0.1936646233071119,2005-01-26,Shipped,1,1,2005,Ships,0.5297169996897844,S24_2011,"Tokyo Collectables, Ltd",+81 3 3584 0555,2-2-8 Roppongi,Desconocido,Minato-ku,Tokyo,106-0032,Japan,Japan,Shimamura,Akiko,Medium
10384,-0.728235626643398,-0.15460760589119496,3,-0.7052629220679039,2005-02-23,Shipped,1,2,2005,Ships,0.5297169996897844,S24_2011,Corporate Gift Ideas Co.,6505551386,7734 Strong St.,Desconocido,San Francisco,CA,Desconocido,USA,Desconocido,Brown,Julie,Small
10396,1.4278844679628335,0.8101579745265014,6,1.1766577314729203,2005-03-23,Shipped,1,3,2005,Ships,0.5297169996897844,S24_2011,Mini Gifts Distributors Ltd.,4155551450,5677 Strong St.,Desconocido,San Rafael,CA,97562,USA,Desconocido,Nelson,Valarie,Medium
10414,-1.2415975539305957,0.8101579745265014,10,-0.11873714837135238,2005-05-06,On Hold,2,5,2005,Ships,0.5297169996897844,S24_2011,Gifts4AllAges.com,6175559555,8616 Spinnaker Dr.,Desconocido,Boston,MA,51003,USA,Desconocido,Yoshido,Juri,Medium
10101,1.119867311590515,-1.482275758182353,2,-0.5869705494928358,2003-01-09,Shipped,1,1,2003,Vintage Cars,-1.4115089935481135,S24_2022,"Blauer See Auto, Co.",+49 69 66 90 2555,Lyonerstr. 34,Desconocido,Frankfurt,Desconocido,60528,Germany,EMEA,Keitel,Roland,Small
10110,0.4011606133884374,-1.9487939550852578,2,-0.9906058022415221,2003-03-18,Shipped,1,3,2003,Vintage Cars,-1.4115089935481135,S24_2022,"AV Stores, Co.",(171) 555-1555,Fauntleroy Circus,Desconocido,Manchester,Desconocido,EC2 5NT,UK,EMEA,Ashworth,Victoria,Small
10124,-1.3442699393880353,-1.904174786412291,1,-1.389266954123574,2003-05-21,Shipped,2,5,2003,Vintage Cars,-1.4115089935481135,S24_2022,Signal Gift Stores,7025551838,8489 Strong St.,Desconocido,Las Vegas,NV,83030,USA,Desconocido,King,Sue,Small
10149,1.4278844679628335,-1.7043800644655636,6,-0.6185962737802576,2003-09-12,Shipped,3,9,2003,Vintage Cars,-1.4115089935481135,S24_2022,Signal Collectibles Ltd.,4155554312,2793 Furth Circle,Desconocido,Brisbane,CA,94217,USA,Desconocido,Taylor,Sue,Small
10162,0.8118501552181958,-2.348383398978713,4,-1.0824746215228753,2003-10-18,Shipped,4,10,2003,Vintage Cars,-1.4115089935481135,S24_2022,Corporate Gift Ideas Co.,6505551386,7734 Strong St.,Desconocido,San Francisco,CA,Desconocido,USA,Desconocido,Brown,Julie,Small
10173,-0.8309080121008378,-2.1039695083590186,8,-1.3254942024011356,2003-11-05,Shipped,4,11,2003,Vintage Cars,-1.4115089935481135,S24_2022,Rovelli Gifts,035-640555,Via Ludovico il Moro 22,Desconocido,Bergamo,Desconocido,24100,Italy,EMEA,Rovelli,Giovanni,Small
10182,-0.4202184702710794,-2.3260738146422293,5,-1.311375575487108,2003-11-12,Shipped,4,11,2003,Vintage Cars,-1.4115089935481135,S24_2022,Mini Gifts Distributors Ltd.,4155551450,5677 Strong St.,Desconocido,San Rafael,CA,97562,USA,Desconocido,Nelson,Valarie,Small
10193,-1.5496147103029148,-1.6379470799969247,9,-1.380089846629456,2003-11-21,Shipped,4,11,2003,Vintage Cars,-1.4115089935481135,S24_2022,"Australian Collectables, Ltd",61-9-3844-6555,7 Allen Street,Desconocido,Glen Waverly,Victoria,3150,Australia,APAC,Connery,Sean,Small
10205,-1.1389251684731565,-2.2596408301735904,4,-1.433566861186896,2003-12-03,Shipped,4,12,2003,Vintage Cars,-1.4115089935481135,S24_2022,Euro Shopping Channel,(91) 555 94 44,"C/ Moralzarzal, 86",Desconocido,Madrid,Desconocido,28034,Spain,EMEA,Freyre,Diego,Small
10214,1.4278844679628335,-1.7708130489342027,2,-0.6542512369792981,2004-01-26,Shipped,1,1,2004,Vintage Cars,-1.4115089935481135,S24_2022,"Corrida Auto Replicas, Ltd",(91) 555 22 82,"C/ Araquil, 67",Desconocido,Madrid,Desconocido,28023,Spain,EMEA,Sommer,Mart¡n,Small
10227,-1.1389251684731565,-1.74899923313853,5,-1.2993313006812184,2004-03-02,Shipped,1,3,2004,Vintage Cars,-1.4115089935481135,S24_2022,"Saveley & Henriot, Co.",78.32.5555,"2, rue du Commerce",Desconocido,Lyon,Desconocido,69004,France,EMEA,Saveley,Mary,Small
10244,0.4011606133884374,-1.904174786412291,9,-0.9715456559075848,2004-04-29,Shipped,2,4,2004,Vintage Cars,-1.4115089935481135,S24_2022,Euro Shopping Channel,(91) 555 94 44,"C/ Moralzarzal, 86",Desconocido,Madrid,Desconocido,28034,Spain,EMEA,Freyre,Diego,Small
10255,0.19581584247355846,-1.881865202075808,2,-1.0116479865845438,2004-06-04,Shipped,2,6,2004,Vintage Cars,-1.4115089935481135,S24_2022,Mini Caravy,88.60.1555,"24, place Kluber",Desconocido,Strasbourg,Desconocido,67000,France,EMEA,Citeaux,Frederique,Small
10280,1.0171949261330746,-1.7931226332706858,11,-0.7693777789809513,2004-08-17,Shipped,3,8,2004,Vintage Cars,-1.4115089935481135,S24_2022,Amica Models & Co.,011-4988555,Via Monte Bianco 34,Desconocido,Torino,Desconocido,10100,Italy,EMEA,Accorti,Paolo,Small
10289,1.0171949261330746,-1.74899923313853,4,-0.7476296632922281,2004-09-03,Shipped,3,9,2004,Vintage Cars,-1.4115089935481135,S24_2022,Herkku Gifts,+47 2267 3215,"Drammen 121, PR 744 Sentrum",Desconocido,Bergen,Desconocido,N 5804,Norway,EMEA,Oeztan,Veysel,Small
10304,0.9145225406756355,-2.1932078457049515,15,-0.9879829957801854,2004-10-11,Shipped,4,10,2004,Vintage Cars,-1.4115089935481135,S24_2022,Auto Assoc. & Cie.,30.59.8555,"67, avenue de l'Europe",Desconocido,Versailles,Desconocido,78000,France,EMEA,Tonini,Daniel,Small
10312,-1.2415975539305957,-2.2819504145100735,12,-1.4598655189348326,2004-10-21,Shipped,4,10,2004,Vintage Cars,-1.4115089935481135,S24_2022,Mini Gifts Distributors Ltd.,4155551450,5677 Strong St.,Desconocido,San Rafael,CA,97562,USA,Desconocido,Nelson,Valarie,Small
10322,-0.5228908557285186,0.8101579745265014,4,-0.02920876301305523,2004-11-04,Shipped,4,11,2004,Vintage Cars,-1.4115089935481135,S24_2022,Online Diecast Creations Co.,6035558647,2304 Long Airport Avenue,Desconocido,Nashua,NH,62005,USA,Desconocido,Young,Valarie,Medium
10332,-0.9335803975582769,0.09228512743255184,10,-0.7224224840095682,2004-11-17,Shipped,4,11,2004,Vintage Cars,-1.4115089935481135,S24_2022,"AV Stores, Co.",(171) 555-1555,Fauntleroy Circus,Desconocido,Manchester,Desconocido,EC2 5NT,UK,EMEA,Ashworth,Victoria,Small
10345,0.8118501552181958,-1.482275758182353,1,-0.6745494782887732,2004-11-25,Shipped,4,11,2004,Vintage Cars,-1.4115089935481135,S24_2022,Atelier graphique,40.32.2555,"54, rue Royale",Desconocido,Nantes,Desconocido,44000,France,EMEA,Schmitt,Carine,Small
10356,-0.9335803975582769,-2.56800886255787,7,-1.4800280042162883,2004-12-09,Shipped,4,12,2004,Vintage Cars,-1.4115089935481135,S24_2022,Lyon Souveniers,+33 1 46 62 7555,27 rue du Colonel Pierre Avia,Desconocido,Paris,Desconocido,75508,France,EMEA,Da Cunha,Daniel,Small
10367,-0.728235626643398,-2.6309714672408337,12,-1.4647364452201723,2005-01-12,Resolved,1,1,2005,Vintage Cars,-1.4115089935481135,S24_2022,Toys4GrownUps.com,6265557265,78934 Hillside Dr.,Desconocido,Pasadena,CA,90003,USA,Desconocido,Young,Julie,Small
10380,-0.8309080121008378,-0.7589494571394858,5,-0.9277236100628915,2005-02-16,Shipped,1,2,2005,Vintage Cars,-1.4115089935481135,S24_2022,Euro Shopping Channel,(91) 555 94 44,"C/ Moralzarzal, 86",Desconocido,Madrid,Desconocido,28034,Spain,EMEA,Freyre,Diego,Small
10391,-1.1389251684731565,0.8101579745265014,1,0.26509944525097046,2005-03-09,Shipped,1,3,2005,Vintage Cars,-1.4115089935481135,S24_2022,"Anna's Decorations, Ltd",02 9936 8555,201 Miller Street,Level 15,North Sydney,NSW,2060,Australia,APAC,O'Hara,Anna,Medium
10421,0.5038329988458771,-1.881865202075808,2,-0.9371993808186524,2005-05-29,In Process,2,5,2005,Vintage Cars,-1.4115089935481135,S24_2022,Mini Gifts Distributors Ltd.,4155551450,5677 Strong St.,Desconocido,San Rafael,CA,97562,USA,Desconocido,Nelson,Valarie,Small
10103,0.09314345701611873,0.8101579745265014,1,0.06863332150115604,2003-01-29,Shipped,1,1,2003,Trucks and Buses,0.6541545633588806,S24_2300,Baane Mini Imports,07-98 9555,Erling Skakkes gate 78,Desconocido,Stavern,Desconocido,4110,Norway,EMEA,Bergulfsen,Jonas,Medium
10114,-1.4469423248454751,0.8101579745265014,5,-0.34145305769901674,2003-04-01,Shipped,2,4,2003,Trucks and Buses,0.6541545633588806,S24_2300,"La Corne D'abondance, Co.",(1) 42.34.2555,"265, boulevard Charonne",Desconocido,Paris,Desconocido,75012,France,EMEA,Bertrand,Marie,Small
10126,-0.8309080121008378,0.8101579745265014,1,-0.0750019863845918,2003-05-28,Shipped,2,5,2003,Trucks and Buses,0.6541545633588806,S24_2300,"Corrida Auto Replicas, Ltd",(91) 555 22 82,"C/ Araquil, 67",Desconocido,Madrid,Desconocido,28023,Spain,EMEA,Sommer,Mart¡n,Medium
10140,1.222539697047954,0.8101579745265014,1,0.8423666578365923,2003-07-24,Shipped,3,7,2003,Trucks and Buses,0.6541545633588806,S24_2300,Technics Stores Inc.,6505556809,9408 Furth Circle,Desconocido,Burlingame,CA,94217,USA,Desconocido,Hirano,Juri,Medium
10151,0.7091777697607561,0.8101579745265014,8,0.838923884966018,2003-09-21,Shipped,3,9,2003,Trucks and Buses,0.6541545633588806,S24_2300,"Oulu Toy Supplies, Inc.",981-443655,Torikatu 38,Desconocido,Oulu,Desconocido,90110,Finland,EMEA,Koskitalo,Pirkko,Medium
10165,-0.31754608481363966,0.8101579745265014,17,0.6016006270234561,2003-10-22,Shipped,4,10,2003,Trucks and Buses,0.6541545633588806,S24_2300,"Dragon Souveniers, Ltd.",+65 221 7555,"Bronz Sok., Bronz Apt. 3/6 Tesvikiye",Desconocido,Singapore,Desconocido,79903,Singapore,Japan,Natividad,Eric,Medium
10175,-0.728235626643398,0.8101579745265014,6,-0.31708756579007763,2003-11-06,Shipped,4,11,2003,Trucks and Buses,0.6541545633588806,S24_2300,"Stylish Desk Decors, Co.",(171) 555-0297,35 King George,Desconocido,London,Desconocido,WX3 6FW,UK,EMEA,Brown,Ann,Small
10184,-1.1389251684731565,0.8101579745265014,11,-0.03126139415671009,2003-11-14,Shipped,4,11,2003,Trucks and Buses,0.6541545633588806,S24_2300,"Iberia Gift Imports, Corp.",(95) 555 82 82,"C/ Romero, 33",Desconocido,Sevilla,Desconocido,41101,Spain,EMEA,Roel,Jose Pedro,Medium
10194,1.4278844679628335,0.8101579745265014,1,1.1984764402962138,2003-11-25,Shipped,4,11,2003,Trucks and Buses,0.6541545633588806,S24_2300,"Saveley & Henriot, Co.",78.32.5555,"2, rue du Commerce",Desconocido,Lyon,Desconocido,69004,France,EMEA,Saveley,Mary,Medium
10207,1.119867311590515,0.8101579745265014,12,1.773055683527049,2003-12-09,Shipped,4,12,2003,Trucks and Buses,0.6541545633588806,S24_2300,Diecast Collectables,6175552555,6251 Ingle Ln.,Desconocido,Boston,MA,51003,USA,Desconocido,Franco,Valarie,Medium
10217,-0.728235626643398,0.8101579745265014,1,-0.21992969165708465,2004-02-04,Shipped,1,2,2004,Trucks and Buses,0.6541545633588806,S24_2300,Handji Gifts& Co,+65 224 1555,Village Close - 106 Linden Road Sandown,2nd Floor,Singapore,Desconocido,69045,Singapore,APAC,Victorino,Wendy,Medium
10229,1.3252120825053932,0.8101579745265014,6,1.1677358453114788,2004-03-11,Shipped,1,3,2004,Trucks and Buses,0.6541545633588806,S24_2300,Mini Gifts Distributors Ltd.,4155551450,5677 Strong St.,Desconocido,San Rafael,CA,97562,USA,Desconocido,Nelson,Valarie,Medium
10246,-0.6255632411859583,0.8101579745265014,10,-0.01807676871545651,2004-05-05,Shipped,2,5,2004,Trucks and Buses,0.6541545633588806,S24_2300,Euro Shopping Channel,(91) 555 94 44,"C/ Moralzarzal, 86",Desconocido,Madrid,Desconocido,28034,Spain,EMEA,Freyre,Diego,Medium
10259,1.222539697047954,0.8101579745265014,9,0.9403716495844269,2004-06-15,Shipped,2,6,2004,Trucks and Buses,0.6541545633588806,S24_2300,Handji Gifts& Co,+65 224 1555,Village Close - 106 Linden Road Sandown,2nd Floor,Singapore,Desconocido,69045,Singapore,APAC,Victorino,Wendy,Medium
10271,0.8118501552181958,0.8101579745265014,10,1.1138298417054975,2004-07-20,Shipped,3,7,2004,Trucks and Buses,0.6541545633588806,S24_2300,Mini Gifts Distributors Ltd.,4155551450,5677 Strong St.,Desconocido,San Rafael,CA,97562,USA,Desconocido,Nelson,Valarie,Medium
10281,-1.0362527830157167,0.8101579745265014,6,-0.4205119381764506,2004-08-19,Shipped,3,8,2004,Trucks and Buses,0.6541545633588806,S24_2300,Diecast Classics Inc.,2155551555,7586 Pompton St.,Desconocido,Allentown,PA,70267,USA,Desconocido,Yu,Kyung,Small
10291,1.3252120825053932,0.8101579745265014,1,1.001440141228717,2004-09-08,Shipped,3,9,2004,Trucks and Buses,0.6541545633588806,S24_2300,Scandinavian Gift Ideas,0695-34 6555,?kergatan 24,Desconocido,Boras,Desconocido,S-844 67,Sweden,EMEA,Larsson,Maria,Medium
10305,-1.1389251684731565,0.8101579745265014,10,-0.1978177498132693,2004-10-13,Shipped,4,10,2004,Trucks and Buses,0.6541545633588806,S24_2300,Marta's Replicas Co.,6175558555,39323 Spinnaker Dr.,Desconocido,Cambridge,MA,51247,USA,Desconocido,Hernandez,Marta,Medium
10313,0.7091777697607561,0.8101579745265014,4,1.101204531099684,2004-10-22,Shipped,4,10,2004,Trucks and Buses,0.6541545633588806,S24_2300,Canadian Gift Exchange Network,(604) 555-3392,1900 Oak St.,Desconocido,Vancouver,BC,V3F 2K1,Canada,Desconocido,Tannamuri,Yoshi,Medium
10324,-0.4202184702710794,0.8101579745265014,2,0.14474358105000626,2004-11-05,Shipped,4,11,2004,Trucks and Buses,0.6541545633588806,S24_2300,Vitachrome Inc.,2125551500,2678 Kingston Rd.,Suite 101,NYC,NY,10022,USA,Desconocido,Frick,Michael,Medium
10334,0.7091777697607561,0.8101579745265014,5,1.0720115548343716,2004-11-19,On Hold,4,11,2004,Trucks and Buses,0.6541545633588806,S24_2300,"Volvo Model Replicas, Co",0921-12 3555,Berguvsvgen  8,Desconocido,Lule,Desconocido,S-958 22,Sweden,EMEA,Berglund,Christina,Medium
10348,0.19581584247355846,0.8101579745265014,1,1.3182078267682882,2004-11-01,Shipped,4,11,2004,Trucks and Buses,0.6541545633588806,S24_2300,"Corrida Auto Replicas, Ltd",(91) 555 22 82,"C/ Araquil, 67",Desconocido,Madrid,Desconocido,28023,Spain,EMEA,Sommer,Mart¡n,Medium
10358,0.6065053843033164,0.8101579745265014,7,1.1570545610269047,2004-12-10,Shipped,4,12,2004,Trucks and Buses,0.6541545633588806,S24_2300,Euro Shopping Channel,(91) 555 94 44,"C/ Moralzarzal, 86",Desconocido,Madrid,Desconocido,28034,Spain,EMEA,Freyre,Diego,Medium
10371,-1.5496147103029148,0.8101579745265014,5,-0.056740085495408765,2005-01-23,Shipped,1,1,2005,Trucks and Buses,0.6541545633588806,S24_2300,Mini Gifts Distributors Ltd.,4155551450,5677 Strong St.,Desconocido,San Rafael,CA,97562,USA,Desconocido,Nelson,Valarie,Medium
10382,-1.5496147103029148,0.8101579745265014,3,-0.48844425459740626,2005-02-17,Shipped,1,2,2005,Trucks and Buses,0.6541545633588806,S24_2300,Mini Gifts Distributors Ltd.,4155551450,5677 Strong St.,Desconocido,San Rafael,CA,97562,USA,Desconocido,Nelson,Valarie,Small
10412,3.584004562569064,0.8101579745265014,10,2.684771446741502,2005-05-03,Shipped,2,5,2005,Trucks and Buses,0.6541545633588806,S24_2300,Euro Shopping Channel,(91) 555 94 44,"C/ Moralzarzal, 86",Desconocido,Madrid,Desconocido,28034,Spain,EMEA,Freyre,Diego,Large
10425,1.4278844679628335,0.8101579745265014,9,1.0625086328730071,2005-05-31,In Process,2,5,2005,Trucks and Buses,0.6541545633588806,S24_2300,La Rochelle Gifts,40.67.8555,"67, rue des Cinquante Otages",Desconocido,Nantes,Desconocido,44000,France,EMEA,Labrune,Janine,Medium
10108,-0.009528928441320991,-1.2289380338280655,15,-0.8109734259661251,2003-03-03,Shipped,1,3,2003,Motorcycles,-0.7893211752026336,S24_2360,Cruz & Sons Co.,+63 2 555 3587,15 McCallum Street - NatWest Center #13-03,Desconocido,Makati City,Desconocido,1227 MM,Philippines,Japan,Cruz,Arnold,Small
10121,-0.31754608481363966,-0.3360588918279261,2,-0.5939212581274341,2003-05-07,Shipped,2,5,2003,Motorcycles,-0.7893211752026336,S24_2360,Reims Collectables,26.47.1555,59 rue de l'Abbaye,Desconocido,Reims,Desconocido,51100,France,EMEA,Henriot,Paul,Small
10135,-0.6255632411859583,-1.0916101480234908,16,-0.9591592759110861,2003-07-02,Shipped,3,7,2003,Motorcycles,-0.7893211752026336,S24_2360,Mini Gifts Distributors Ltd.,4155551450,5677 Strong St.,Desconocido,San Rafael,CA,97562,USA,Desconocido,Nelson,Valarie,Small
10145,-0.8309080121008378,-1.125818177339432,3,-1.0362198276560726,2003-08-25,Shipped,3,8,2003,Motorcycles,-0.7893211752026336,S24_2360,Toys4GrownUps.com,6265557265,78934 Hillside Dr.,Desconocido,Pasadena,CA,90003,USA,Desconocido,Young,Julie,Small
10159,-0.8309080121008378,-0.1645229767074104,11,-0.7519304142598858,2003-10-10,Shipped,4,10,2003,Motorcycles,-0.7893211752026336,S24_2360,Corporate Gift Ideas Co.,6505551386,7734 Strong St.,Desconocido,San Francisco,CA,Desconocido,USA,Desconocido,Brown,Julie,Small
10169,0.29848822793099766,-0.47338677763250037,11,-0.4005938137454302,2003-11-04,Shipped,4,11,2003,Motorcycles,-0.7893211752026336,S24_2360,"Anna's Decorations, Ltd",02 9936 8555,201 Miller Street,Level 15,North Sydney,NSW,2060,Australia,APAC,O'Hara,Anna,Small
10180,-0.009528928441320991,-0.5765066341211336,6,-0.5608565199430054,2003-11-11,Shipped,4,11,2003,Motorcycles,-0.7893211752026336,S24_2360,Daedalus Designs Imports,20.16.1555,"184, chausse de Tournai",Desconocido,Lille,Desconocido,59000,France,EMEA,Rance,Martine,Small
10190,0.7091777697607561,-0.3702669211438667,3,-0.1921811595298997,2003-11-19,Shipped,4,11,2003,Motorcycles,-0.7893211752026336,S24_2360,Euro Shopping Channel,(91) 555 94 44,"C/ Moralzarzal, 86",Desconocido,Madrid,Desconocido,28034,Spain,EMEA,Freyre,Diego,Medium
10211,-1.4469423248454751,-0.9884902915348577,11,-1.2032160328434154,2004-01-15,Shipped,1,1,2004,Motorcycles,-0.7893211752026336,S24_2360,Auto Canal Petit,(1) 47.55.6555,"25, rue Lauriston",Desconocido,Paris,Desconocido,75016,France,EMEA,Perrier,Dominique,Small
10224,0.19581584247355846,-0.1645229767074104,4,-0.31566484261643335,2004-02-21,Shipped,1,2,2004,Motorcycles,-0.7893211752026336,S24_2360,Daedalus Designs Imports,20.16.1555,"184, chausse de Tournai",Desconocido,Lille,Desconocido,59000,France,EMEA,Rance,Martine,Small
10237,-0.9335803975582769,-0.19873100602335103,4,-0.8052988239949099,2004-04-05,Shipped,2,4,2004,Motorcycles,-0.7893211752026336,S24_2360,Vitachrome Inc.,2125551500,2678 Kingston Rd.,Suite 101,NYC,NY,10022,USA,Desconocido,Frick,Michael,Small
10252,1.222539697047954,-0.885370435046224,8,-0.25049108868483366,2004-05-26,Shipped,2,5,2004,Motorcycles,-0.7893211752026336,S24_2360,Auto Canal Petit,(1) 47.55.6555,"25, rue Lauriston",Desconocido,Paris,Desconocido,75016,France,EMEA,Perrier,Dominique,Medium
10264,0.19581584247355846,-0.920074232902976,6,-0.6218652789349672,2004-06-30,Shipped,2,6,2004,Motorcycles,-0.7893211752026336,S24_2360,Gifts4AllAges.com,6175559555,8616 Spinnaker Dr.,Desconocido,Boston,MA,51003,USA,Desconocido,Yoshido,Juri,Small
10276,1.119867311590515,-0.4049707190006183,12,-0.044174507541924556,2004-08-02,Shipped,3,8,2004,Motorcycles,-0.7893211752026336,S24_2360,Online Mini Collectables,6175557555,7635 Spinnaker Dr.,Desconocido,Brickhaven,MA,58339,USA,Desconocido,Barajas,Miguel,Medium
10285,0.29848822793099766,-1.1947300045121245,3,-0.7008318453133474,2004-08-27,Shipped,3,8,2004,Motorcycles,-0.7893211752026336,S24_2360,Marta's Replicas Co.,6175558555,39323 Spinnaker Dr.,Desconocido,Cambridge,MA,51247,USA,Desconocido,Hernandez,Marta,Small
10299,-0.21487369935619993,-0.8511624057302833,6,-0.7383602416990568,2004-09-30,Shipped,3,9,2004,Motorcycles,-0.7893211752026336,S24_2360,"Toys of Finland, Co.",90-224 8555,Keskuskatu 45,Desconocido,Helsinki,Desconocido,21240,Finland,EMEA,Karttunen,Matti,Small
10309,-1.1389251684731565,-1.3662659196326403,2,-1.1987197931954094,2004-10-15,Shipped,4,10,2004,Motorcycles,-0.7893211752026336,S24_2360,Baane Mini Imports,07-98 9555,Erling Skakkes gate 78,Desconocido,Stavern,Desconocido,4110,Norway,EMEA,Bergulfsen,Jonas,Small
10319,-0.4202184702710794,-0.09561114953471739,7,-0.5540252766130644,2004-11-03,Shipped,4,11,2004,Motorcycles,-0.7893211752026336,S24_2360,Microscale Inc.,2125551957,5290 North Pendale Street,Suite 200,NYC,NY,10022,USA,Desconocido,Kuo,Kee,Small
10330,0.7091777697607561,-0.13031494739146895,1,-0.08179521802668725,2004-11-16,Shipped,4,11,2004,Motorcycles,-0.7893211752026336,S24_2360,Cruz & Sons Co.,+63 2 555 3587,15 McCallum Street - NatWest Center #13-03,Desconocido,Makati City,Desconocido,1227 MM,Philippines,Japan,Cruz,Arnold,Medium
10341,-0.31754608481363966,0.8101579745265014,6,-0.1339581142328985,2004-11-24,Shipped,4,11,2004,Motorcycles,-0.7893211752026336,S24_2360,Salzburg Collectables,6562-9555,Geislweg 14,Desconocido,Salzburg,Desconocido,5020,Austria,EMEA,Pipps,Georg,Medium
10355,0.6065053843033164,-0.6449226927530153,3,-0.3568966634465147,2004-12-07,Shipped,4,12,2004,Motorcycles,-0.7893211752026336,S24_2360,Euro Shopping Channel,(91) 555 94 44,"C/ Moralzarzal, 86",Desconocido,Madrid,Desconocido,28034,Spain,EMEA,Freyre,Diego,Small
10363,0.8118501552181958,-1.1119366581967314,14,-0.5001247032482039,2005-01-06,Shipped,1,1,2005,Motorcycles,-0.7893211752026336,S24_2360,Suominen Souveniers,+358 9 8045 555,"Software Engineering Center, SEC Oy",Desconocido,Espoo,Desconocido,FIN-02271,Finland,EMEA,Suominen,Kalle,Small
10375,-1.5496147103029148,0.8101579745265014,14,-0.8188201243856519,2005-02-03,Shipped,1,2,2005,Motorcycles,-0.7893211752026336,S24_2360,La Rochelle Gifts,40.67.8555,"67, rue des Cinquante Otages",Desconocido,Nantes,Desconocido,44000,France,EMEA,Labrune,Janine,Small
10390,-0.009528928441320991,-0.9185869272805436,4,-0.6919968430098384,2005-03-04,Shipped,1,3,2005,Motorcycles,-0.7893211752026336,S24_2360,Mini Gifts Distributors Ltd.,4155551450,5677 Strong St.,Desconocido,San Rafael,CA,97562,USA,Desconocido,Nelson,Valarie,Small
10403,-0.8309080121008378,-0.19873100602335103,4,-0.7620469534678985,2005-04-08,Shipped,2,4,2005,Motorcycles,-0.7893211752026336,S24_2360,"UK Collectables, Ltd.",(171) 555-2282,Berkeley Gardens 12  Brewery,Desconocido,Liverpool,Desconocido,WX1 6LT,UK,EMEA,Devon,Elizabeth,Small
10110,0.8118501552181958,-0.27309628714496187,11,-0.10504208026474585,2003-03-18,Shipped,1,3,2003,Classic Cars,-0.26668340779243027,S24_2766,"AV Stores, Co.",(171) 555-1555,Fauntleroy Circus,Desconocido,Manchester,Desconocido,EC2 5NT,UK,EMEA,Ashworth,Victoria,Medium
10124,-0.31754608481363966,-0.543290141886814,10,-0.6665561633589849,2003-05-21,Shipped,2,5,2003,Classic Cars,-0.26668340779243027,S24_2766,Signal Gift Stores,7025551838,8489 Strong St.,Desconocido,Las Vegas,NV,83030,USA,Desconocido,King,Sue,Small
10148,-1.4469423248454751,-0.49867097321384823,4,-1.090549390069475,2003-09-11,Shipped,3,9,2003,Classic Cars,-0.26668340779243027,S24_2766,"Anna's Decorations, Ltd",02 9936 8555,201 Miller Street,Level 15,North Sydney,NSW,2060,Australia,APAC,O'Hara,Anna,Small
10161,-1.5496147103029148,0.8101579745265014,3,-0.7652779469347627,2003-10-17,Shipped,4,10,2003,Classic Cars,-0.26668340779243027,S24_2766,Heintze Collectables,86 21 3555,Smagsloget 45,Desconocido,Aaarhus,Desconocido,8200,Denmark,EMEA,Ibsen,Palle,Small
10172,-1.3442699393880353,-0.45355603600007033,1,-1.0397114726967343,2003-11-05,Shipped,4,11,2003,Classic Cars,-0.26668340779243027,S24_2766,Gift Depot Inc.,2035552570,25593 South Bay Ln.,Desconocido,Bridgewater,CT,97562,USA,Desconocido,King,Julie,Small
10182,0.09314345701611873,-0.49867097321384823,14,-0.49105077033538075,2003-11-12,Shipped,4,11,2003,Classic Cars,-0.26668340779243027,S24_2766,Mini Gifts Distributors Ltd.,4155551450,5677 Strong St.,Desconocido,San Rafael,CA,97562,USA,Desconocido,Nelson,Valarie,Small
10192,1.119867311590515,-0.002902432403110109,2,0.15840606770988835,2003-11-20,Shipped,4,11,2003,Classic Cars,-0.26668340779243027,S24_2766,Online Diecast Creations Co.,6035558647,2304 Long Airport Avenue,Desconocido,Nashua,NH,62005,USA,Desconocido,Young,Valarie,Medium
10204,1.222539697047954,0.6277151515081493,8,0.5284444186443098,2003-12-02,Shipped,4,12,2003,Classic Cars,-0.26668340779243027,S24_2766,Muscle Machine Inc,2125557413,4092 Furth Circle,Suite 400,NYC,NY,10022,USA,Desconocido,Young,Jeff,Medium
10212,1.0171949261330746,0.22217648512496535,1,0.22394907803770092,2004-01-16,Shipped,1,1,2004,Classic Cars,-0.26668340779243027,S24_2766,Euro Shopping Channel,(91) 555 94 44,"C/ Moralzarzal, 86",Desconocido,Madrid,Desconocido,28034,Spain,EMEA,Freyre,Diego,Medium
10227,1.222539697047954,0.22217648512496535,14,0.319673368514808,2004-03-02,Shipped,1,3,2004,Classic Cars,-0.26668340779243027,S24_2766,"Saveley & Henriot, Co.",78.32.5555,"2, rue du Commerce",Desconocido,Lyon,Desconocido,69004,France,EMEA,Saveley,Mary,Medium
10241,1.222539697047954,0.537485277080595,6,0.4819941360971591,2004-04-13,Shipped,2,4,2004,Classic Cars,-0.26668340779243027,S24_2766,Mini Caravy,88.60.1555,"24, place Kluber",Desconocido,Strasbourg,Desconocido,67000,France,EMEA,Citeaux,Frederique,Medium
10267,0.29848822793099766,0.17755731645199915,3,-0.1296573632652408,2004-07-07,Shipped,3,7,2004,Classic Cars,-0.26668340779243027,S24_2766,Muscle Machine Inc,2125557413,4092 Furth Circle,Suite 400,NYC,NY,10022,USA,Desconocido,Young,Jeff,Medium
10279,1.4278844679628335,-0.18286641271740764,3,0.19800881620373567,2004-08-09,Shipped,3,8,2004,Classic Cars,-0.26668340779243027,S24_2766,Euro Shopping Channel,(91) 555 94 44,"C/ Moralzarzal, 86",Desconocido,Madrid,Desconocido,28034,Spain,EMEA,Freyre,Diego,Medium
10288,-0.009528928441320991,-0.13824724404444066,9,-0.3928448596660773,2004-09-01,Shipped,3,9,2004,Classic Cars,-0.26668340779243027,S24_2766,Handji Gifts& Co,+65 224 1555,Village Close - 106 Linden Road Sandown,2nd Floor,Singapore,Desconocido,69045,Singapore,APAC,Victorino,Wendy,Small
10302,1.4278844679628335,0.8101579745265014,5,0.9475612888283391,2003-10-06,Shipped,4,10,2003,Classic Cars,-0.26668340779243027,S24_2766,"UK Collectables, Ltd.",(171) 555-2282,Berkeley Gardens 12  Brewery,Desconocido,Liverpool,Desconocido,WX1 6LT,UK,EMEA,Devon,Elizabeth,Medium
10311,-0.728235626643398,0.49286610840762884,4,-0.5066898647632265,2004-10-16,Shipped,4,10,2004,Classic Cars,-0.26668340779243027,S24_2766,Euro Shopping Channel,(91) 555 94 44,"C/ Moralzarzal, 86",Desconocido,Madrid,Desconocido,28034,Spain,EMEA,Freyre,Diego,Small
10321,-0.5228908557285186,-0.543290141886814,1,-0.7455118692551239,2004-11-04,Shipped,4,11,2004,Classic Cars,-0.26668340779243027,S24_2766,FunGiftIdeas.com,5085552555,1785 First Street,Desconocido,New Bedford,MA,50553,USA,Desconocido,Benitez,Violeta,Small
10332,0.4011606133884374,0.15177735232984116,7,-0.09329646872049886,2004-11-17,Shipped,4,11,2004,Classic Cars,-0.26668340779243027,S24_2766,"AV Stores, Co.",(171) 555-1555,Fauntleroy Circus,Desconocido,Manchester,Desconocido,EC2 5NT,UK,EMEA,Ashworth,Victoria,Medium
10346,-1.0362527830157167,0.8101579745265014,1,-0.36770284327686664,2004-11-29,Shipped,4,11,2004,Classic Cars,-0.26668340779243027,S24_2766,Signal Gift Stores,7025551838,8489 Strong St.,Desconocido,Las Vegas,NV,83030,USA,Desconocido,King,Sue,Small
10368,0.5038329988458771,0.8101579745265014,2,0.3004611754294889,2005-01-19,Shipped,1,1,2005,Classic Cars,-0.26668340779243027,S24_2766,Mini Gifts Distributors Ltd.,4155551450,5677 Strong St.,Desconocido,San Rafael,CA,97562,USA,Desconocido,Nelson,Valarie,Medium
10380,0.09314345701611873,-2.2883954055406135,6,-1.1967649063919288,2005-02-16,Shipped,1,2,2005,Classic Cars,-0.26668340779243027,S24_2766,Euro Shopping Channel,(91) 555 94 44,"C/ Moralzarzal, 86",Desconocido,Madrid,Desconocido,28034,Spain,EMEA,Freyre,Diego,Small
10407,4.200038875313702,0.537485277080595,6,1.9701517152468742,2005-04-22,On Hold,2,4,2005,Classic Cars,-0.26668340779243027,S24_2766,The Sharp Gifts Warehouse,4085553659,3086 Ingle Ln.,Desconocido,San Jose,CA,94217,USA,Desconocido,Frick,Sue,Large
10420,0.4011606133884374,0.8101579745265014,9,0.20637138752973658,2005-05-29,In Process,2,5,2005,Classic Cars,-0.26668340779243027,S24_2766,Souveniers And Things Co.,+61 2 9495 8555,"Monitor Money Building, 815 Pacific Hwy",Level 6,Chatswood,NSW,2067,Australia,APAC,Huxley,Adrian,Medium
10104,0.9145225406756355,-2.1842840119703584,10,-0.9836822448125278,2003-01-31,Shipped,1,1,2003,Classic Cars,-1.6354966081524864,S24_2840,Euro Shopping Channel,(91) 555 94 44,"C/ Moralzarzal, 86",Desconocido,Madrid,Desconocido,28034,Spain,EMEA,Freyre,Diego,Small
10114,-1.1389251684731565,-2.6572471999038028,1,-1.5380881422796664,2003-04-01,Shipped,2,4,2003,Classic Cars,-1.6354966081524864,S24_2840,"La Corne D'abondance, Co.",(1) 42.34.2555,"265, boulevard Charonne",Desconocido,Paris,Desconocido,75012,France,EMEA,Bertrand,Marie,Small
10127,0.4011606133884374,-2.2541873762246727,12,-1.1210619149271368,2003-06-03,Shipped,2,6,2003,Classic Cars,-1.6354966081524864,S24_2840,Muscle Machine Inc,2125557413,4092 Furth Circle,Suite 400,NYC,NY,10022,USA,Desconocido,Young,Jeff,Small
10141,-1.4469423248454751,-2.0439815149209197,6,-1.445996683112361,2003-08-01,Shipped,3,8,2003,Classic Cars,-1.6354966081524864,S24_2840,Suominen Souveniers,+358 9 8045 555,"Software Engineering Center, SEC Oy",Desconocido,Espoo,Desconocido,FIN-02271,Finland,EMEA,Suominen,Kalle,Small
10151,-0.5228908557285186,-2.1490844455727958,4,-1.2731683989613012,2003-09-21,Shipped,3,9,2003,Classic Cars,-1.6354966081524864,S24_2840,"Oulu Toy Supplies, Inc.",981-443655,Torikatu 38,Desconocido,Oulu,Desconocido,90110,Finland,EMEA,Koskitalo,Pirkko,Small
10165,-0.8309080121008378,-2.569991936721113,13,-1.463313722046528,2003-10-22,Shipped,4,10,2003,Classic Cars,-1.6354966081524864,S24_2840,"Dragon Souveniers, Ltd.",+65 221 7555,"Bronz Sok., Bronz Apt. 3/6 Tesvikiye",Desconocido,Singapore,Desconocido,79903,Singapore,Japan,Natividad,Eric,Small
10175,0.19581584247355846,-2.6046957345778647,2,-1.3045877740861331,2003-11-06,Shipped,4,11,2003,Classic Cars,-1.6354966081524864,S24_2840,"Stylish Desk Decors, Co.",(171) 555-0297,35 King George,Desconocido,London,Desconocido,WX3 6FW,UK,EMEA,Brown,Ann,Small
10184,0.7091777697607561,-2.569991936721113,7,-1.2041283133517062,2003-11-14,Shipped,4,11,2003,Classic Cars,-1.6354966081524864,S24_2840,"Iberia Gift Imports, Corp.",(95) 555 82 82,"C/ Romero, 33",Desconocido,Sevilla,Desconocido,41101,Spain,EMEA,Roel,Jose Pedro,Small
10195,-0.31754608481363966,-2.7449982316273034,7,-1.4382585895152498,2003-11-25,Shipped,4,11,2003,Classic Cars,-1.6354966081524864,S24_2840,Mini Classics,9145554562,3758 North Pendale Street,Desconocido,White Plains,NY,24067,USA,Desconocido,Frick,Steve,Small
10207,0.7091777697607561,-2.6750948673729895,8,-1.25247918029113,2003-12-09,Shipped,4,12,2003,Classic Cars,-1.6354966081524864,S24_2840,Diecast Collectables,6175552555,6251 Ingle Ln.,Desconocido,Boston,MA,51003,USA,Desconocido,Franco,Valarie,Small
10219,-1.4469423248454751,-2.1490844455727958,3,-1.470172116582073,2004-02-10,Shipped,1,2,2004,Classic Cars,-1.6354966081524864,S24_2840,Signal Collectibles Ltd.,4155554312,2793 Furth Circle,Desconocido,Brisbane,CA,94217,USA,Desconocido,Taylor,Sue,Small
10229,-0.21487369935619993,-2.5174404713951746,2,-1.3406445751281113,2004-03-11,Shipped,1,3,2004,Classic Cars,-1.6354966081524864,S24_2840,Mini Gifts Distributors Ltd.,4155551450,5677 Strong St.,Desconocido,San Rafael,CA,97562,USA,Desconocido,Nelson,Valarie,Small
10246,1.4278844679628335,-2.359290306876549,6,-0.9700903512872159,2004-05-05,Shipped,2,5,2004,Classic Cars,-1.6354966081524864,S24_2840,Euro Shopping Channel,(91) 555 94 44,"C/ Moralzarzal, 86",Desconocido,Madrid,Desconocido,28034,Spain,EMEA,Freyre,Diego,Small
10259,-0.4202184702710794,-2.499592803925988,5,-1.3702936916475692,2004-06-15,Shipped,2,6,2004,Classic Cars,-1.6354966081524864,S24_2840,Handji Gifts& Co,+65 224 1555,Village Close - 106 Linden Road Sandown,2nd Floor,Singapore,Desconocido,69045,Singapore,APAC,Victorino,Wendy,Small
10271,0.29848822793099766,-2.0791810813184823,6,-1.0689587513732544,2004-07-20,Shipped,3,7,2004,Classic Cars,-1.6354966081524864,S24_2840,Mini Gifts Distributors Ltd.,4155551450,5677 Strong St.,Desconocido,San Rafael,CA,97562,USA,Desconocido,Nelson,Valarie,Small
10281,-1.5496147103029148,-2.1317325466444204,2,-1.4882602497553905,2004-08-19,Shipped,3,8,2004,Classic Cars,-1.6354966081524864,S24_2840,Diecast Classics Inc.,2155551555,7586 Pompton St.,Desconocido,Allentown,PA,70267,USA,Desconocido,Yu,Kyung,Small
10292,0.4011606133884374,-2.6572471999038028,9,-1.2932385701437035,2004-09-08,Shipped,3,9,2004,Classic Cars,-1.6354966081524864,S24_2840,Land of Toys Inc.,2125557818,897 Long Airport Avenue,Desconocido,NYC,NY,10022,USA,Desconocido,Yu,Kwai,Small
10305,1.3252120825053932,-2.587343835649489,6,-1.1095769549566876,2004-10-13,Shipped,4,10,2004,Classic Cars,-1.6354966081524864,S24_2840,Marta's Replicas Co.,6175558555,39323 Spinnaker Dr.,Desconocido,Cambridge,MA,51247,USA,Desconocido,Hernandez,Marta,Small
10314,0.4011606133884374,-2.3067388415506107,15,-1.1435105317204408,2004-10-22,Shipped,4,10,2004,Classic Cars,-1.6354966081524864,S24_2840,Heintze Collectables,86 21 3555,Smagsloget 45,Desconocido,Aaarhus,Desconocido,8200,Denmark,EMEA,Ibsen,Palle,Small
10324,-0.5228908557285186,0.8101579745265014,9,-0.11717866916968875,2004-11-05,Shipped,4,11,2004,Classic Cars,-1.6354966081524864,S24_2840,Vitachrome Inc.,2125551500,2678 Kingston Rd.,Suite 101,NYC,NY,10022,USA,Desconocido,Frick,Michael,Medium
10335,-0.21487369935619993,-2.3067388415506107,2,-1.2644854434091741,2004-11-19,Shipped,4,11,2004,Classic Cars,-1.6354966081524864,S24_2840,Mini Gifts Distributors Ltd.,4155551450,5677 Strong St.,Desconocido,San Rafael,CA,97562,USA,Desconocido,Nelson,Valarie,Small
10349,0.09314345701611873,-2.3067388415506107,3,-1.2039979875648072,2004-12-01,Shipped,4,12,2004,Classic Cars,-1.6354966081524864,S24_2840,Muscle Machine Inc,2125557413,4092 Furth Circle,Suite 400,NYC,NY,10022,USA,Desconocido,Young,Jeff,Small
10358,0.09314345701611873,-0.03562315609661875,4,-0.30846434289027924,2004-12-10,Shipped,4,12,2004,Classic Cars,-1.6354966081524864,S24_2840,Euro Shopping Channel,(91) 555 94 44,"C/ Moralzarzal, 86",Desconocido,Madrid,Desconocido,28034,Spain,EMEA,Freyre,Diego,Small
10371,1.0171949261330746,0.8101579745265014,8,1.081655663064877,2005-01-23,Shipped,1,1,2005,Classic Cars,-1.6354966081524864,S24_2840,Mini Gifts Distributors Ltd.,4155551450,5677 Strong St.,Desconocido,San Rafael,CA,97562,USA,Desconocido,Nelson,Valarie,Medium
10383,0.5038329988458771,0.8101579745265014,3,1.3769521752128848,2005-02-22,Shipped,1,2,2005,Classic Cars,-1.6354966081524864,S24_2840,Euro Shopping Channel,(91) 555 94 44,"C/ Moralzarzal, 86",Desconocido,Madrid,Desconocido,28034,Spain,EMEA,Freyre,Diego,Medium
10394,1.119867311590515,-2.21898780982711,6,-0.9581601115448626,2005-03-15,Shipped,1,3,2005,Classic Cars,-1.6354966081524864,S24_2840,Euro Shopping Channel,(91) 555 94 44,"C/ Moralzarzal, 86",Desconocido,Madrid,Desconocido,28034,Spain,EMEA,Freyre,Diego,Small
10412,-0.5228908557285186,-2.359290306876549,6,-1.3422410660176207,2005-05-03,Shipped,2,5,2005,Classic Cars,-1.6354966081524864,S24_2840,Euro Shopping Channel,(91) 555 94 44,"C/ Moralzarzal, 86",Desconocido,Madrid,Desconocido,28034,Spain,EMEA,Freyre,Diego,Small
10425,-0.4202184702710794,-2.499592803925988,5,-1.3702936916475692,2005-05-31,In Process,2,5,2005,Classic Cars,-1.6354966081524864,S24_2840,La Rochelle Gifts,40.67.8555,"67, rue des Cinquante Otages",Desconocido,Nantes,Desconocido,44000,France,EMEA,Labrune,Janine,Small
10106,1.4278844679628335,-0.4451279708062877,13,0.057251536112001455,2003-02-17,Shipped,1,2,2003,Planes,-0.8142086879364526,S24_2841,Rovelli Gifts,035-640555,Via Ludovico il Moro 22,Desconocido,Bergamo,Desconocido,24100,Italy,EMEA,Rovelli,Giovanni,Medium
10119,0.6065053843033164,-1.1927469303488816,4,-0.6029137374234453,2003-04-28,Shipped,2,4,2003,Planes,-0.8142086879364526,S24_2841,Salzburg Collectables,6562-9555,Geislweg 14,Desconocido,Salzburg,Desconocido,5020,Austria,EMEA,Pipps,Georg,Small
10131,-0.009528928441320991,-0.8189374505775848,5,-0.6537950967251523,2003-06-16,Shipped,2,6,2003,Planes,-0.8142086879364526,S24_2841,Gift Ideas Corp.,2035554407,2440 Pompton St.,Desconocido,Glendale,CT,97561,USA,Desconocido,Lewis,Dan,Small
10143,-0.8309080121008378,-1.1248266402578104,8,-1.0359265946355507,2003-08-10,Shipped,3,8,2003,Planes,-0.8142086879364526,S24_2841,Mini Creations Ltd.,5085559555,4575 Hillside Dr.,Desconocido,New Bedford,MA,50553,USA,Desconocido,Tam,Wing C,Small
10155,-1.2415975539305957,-0.5472562902132999,6,-1.0228560042578336,2003-10-06,Shipped,4,10,2003,Planes,-0.8142086879364526,S24_2841,"Toys of Finland, Co.",90-224 8555,Keskuskatu 45,Desconocido,Helsinki,Desconocido,21240,Finland,EMEA,Karttunen,Matti,Small
10167,-1.4469423248454751,-0.683096870395443,2,-1.132970433705007,2003-10-23,Cancelled,4,10,2003,Planes,-0.8142086879364526,S24_2841,Scandinavian Gift Ideas,0695-34 6555,?kergatan 24,Desconocido,Boras,Desconocido,S-844 67,Sweden,EMEA,Larsson,Maria,Small
10178,-0.11220131389876072,-0.13973454966687346,5,-0.4373131042041434,2003-11-08,Shipped,4,11,2003,Planes,-0.8142086879364526,S24_2841,Alpha Cognac,61.77.6555,1 rue Alsace-Lorraine,Desconocido,Toulouse,Desconocido,31000,France,EMEA,Roulet,Annette,Small
10186,-1.3442699393880353,-0.7168091311705727,2,-1.1031475494696843,2003-11-14,Shipped,4,11,2003,Planes,-0.8142086879364526,S24_2841,"Double Decker Gift Stores, Ltd",(171) 555-7555,120 Hanover Sq.,Desconocido,London,Desconocido,WA1 1DP,UK,EMEA,Hardy,Thomas,Small
10198,1.3252120825053932,-0.7852251898024551,5,-0.16210848420302099,2003-11-27,Shipped,4,11,2003,Planes,-0.8142086879364526,S24_2841,Cruz & Sons Co.,+63 2 555 3587,15 McCallum Street - NatWest Center #13-03,Desconocido,Makati City,Desconocido,1227 MM,Philippines,Japan,Cruz,Arnold,Medium
10209,0.8118501552181958,-0.07181425957580231,1,-0.010240930778171082,2004-01-09,Shipped,1,1,2004,Planes,-0.8142086879364526,S24_2841,"Men 'R' US Retailers, Ltd.",2155554369,6047 Douglas Av.,Desconocido,Los Angeles,CA,Desconocido,USA,Desconocido,Chandler,Michael,Medium
10222,-0.31754608481363966,-0.105526520350932,5,-0.5131192702502299,2004-02-19,Shipped,1,2,2004,Planes,-0.8142086879364526,S24_2841,Collectable Mini Designs Co.,7605558146,361 Furth Circle,Desconocido,San Diego,CA,91217,USA,Desconocido,Thompson,Valarie,Small
10249,-1.5496147103029148,-0.7852251898024551,1,-1.1932895520746296,2004-05-08,Shipped,2,5,2004,Planes,-0.8142086879364526,S24_2841,Cambridge Collectables Co.,6175555555,4658 Baden Av.,Desconocido,Cambridge,MA,51247,USA,Desconocido,Tseng,Kyung,Small
10262,-1.1389251684731565,-0.8189374505775848,10,-1.054840124459227,2004-06-24,Cancelled,2,6,2004,Planes,-0.8142086879364526,S24_2841,Euro Shopping Channel,(91) 555 94 44,"C/ Moralzarzal, 86",Desconocido,Madrid,Desconocido,28034,Spain,EMEA,Freyre,Diego,Small
10274,0.5038329988458771,-0.921065769984597,2,-0.5162470891357993,2004-07-21,Shipped,3,7,2004,Planes,-0.8142086879364526,S24_2841,Collectables For Less Inc.,6175558555,7825 Douglas Av.,Desconocido,Brickhaven,MA,58339,USA,Desconocido,Nelson,Allen,Small
10284,-0.5228908557285186,-0.47933600012222916,12,-0.7244968361177061,2004-08-21,Shipped,3,8,2004,Planes,-0.8142086879364526,S24_2841,"Norway Gifts By Mail, Co.",+47 2212 1555,"Drammensveien 126 A, PB 744 Sentrum",Desconocido,Oslo,Desconocido,N 0106,Norway,EMEA,Klaeboe,Jan,Small
10296,-1.4469423248454751,-0.6151765803043714,8,-1.1173476300005236,2004-09-15,Shipped,3,9,2004,Planes,-0.8142086879364526,S24_2841,"Bavarian Collectables Imports, Co.",+49 89 61 08 9555,Hansastr. 15,Desconocido,Munich,Desconocido,80686,Germany,EMEA,Donnermeyer,Michael,Small
10307,-1.0362527830157167,-0.411415710031158,2,-0.9067900305422852,2004-10-14,Shipped,4,10,2004,Planes,-0.8142086879364526,S24_2841,"Classic Gift Ideas, Inc",2155554695,782 First Street,Desconocido,Philadelphia,PA,71270,USA,Desconocido,Cervantes,Francisca,Small
10316,-0.11220131389876072,-0.9889860600756681,10,-0.7535812075606029,2004-11-01,Shipped,4,11,2004,Planes,-0.8142086879364526,S24_2841,giftsbymail.co.uk,(198) 555-8888,Garden House Crowther Way,Desconocido,Cowes,Isle of Wight,PO31 7PJ,UK,EMEA,Bennett,Helen,Small
10328,1.3252120825053932,-1.2264591911240117,1,-0.39408838488273595,2004-11-12,Shipped,4,11,2004,Planes,-0.8142086879364526,S24_2841,Rovelli Gifts,035-640555,Via Ludovico il Moro 22,Desconocido,Bergamo,Desconocido,24100,Italy,EMEA,Rovelli,Giovanni,Small
10339,2.043918780707471,0.8101579745265014,12,1.4447487356058206,2004-11-23,Shipped,4,11,2004,Planes,-0.8142086879364526,S24_2841,"Tokyo Collectables, Ltd",+81 3 3584 0555,2-2-8 Roppongi,Desconocido,Minato-ku,Tokyo,106-0032,Japan,Japan,Shimamura,Akiko,Medium
10351,-1.0362527830157167,-0.4451279708062877,5,-0.916021440447611,2004-12-03,Shipped,4,12,2004,Planes,-0.8142086879364526,S24_2841,"Stylish Desk Decors, Co.",(171) 555-0297,35 King George,Desconocido,London,Desconocido,WX3 6FW,UK,EMEA,Brown,Ann,Small
10373,0.29848822793099766,-0.6553338321100413,7,-0.47632395641582587,2005-01-31,Shipped,1,1,2005,Planes,-0.8142086879364526,S24_2841,"Oulu Toy Supplies, Inc.",981-443655,Torikatu 38,Desconocido,Oulu,Desconocido,90110,Finland,EMEA,Koskitalo,Pirkko,Small
10386,0.4011606133884374,-1.3732066792039905,1,-0.7447299145337317,2005-03-01,Resolved,1,3,2005,Planes,-0.8142086879364526,S24_2841,Euro Shopping Channel,(91) 555 94 44,"C/ Moralzarzal, 86",Desconocido,Madrid,Desconocido,28034,Spain,EMEA,Freyre,Diego,Small
10398,-0.728235626643398,-1.2943794812150833,3,-1.0548184034947437,2005-03-30,Shipped,1,3,2005,Planes,-0.8142086879364526,S24_2841,Reims Collectables,26.47.1555,59 rue de l'Abbaye,Desconocido,Reims,Desconocido,51100,France,EMEA,Henriot,Paul,Small
10400,-1.1389251684731565,-1.0906186109418698,2,-1.1262586556797232,2005-04-01,Shipped,2,4,2005,Planes,-0.8142086879364526,S24_2841,The Sharp Gifts Warehouse,4085553659,3086 Ingle Ln.,Desconocido,San Jose,CA,94217,USA,Desconocido,Frick,Sue,Small
10415,-1.4469423248454751,-0.7852251898024551,1,-1.1564616567935007,2005-05-09,Disputed,2,5,2005,Planes,-0.8142086879364526,S24_2841,"Australian Collectables, Ltd",61-9-3844-6555,7 Allen Street,Desconocido,Glen Waverly,Victoria,3150,Australia,APAC,Connery,Sean,Small
10110,1.119867311590515,0.8101579745265014,10,1.2969538630215556,2003-03-18,Shipped,1,3,2003,Classic Cars,0.4052794360206886,S24_2887,"AV Stores, Co.",(171) 555-1555,Fauntleroy Circus,Desconocido,Manchester,Desconocido,EC2 5NT,UK,EMEA,Ashworth,Victoria,Medium
10124,-1.0362527830157167,0.510218007336005,9,-0.6544195744540423,2003-05-21,Shipped,2,5,2003,Classic Cars,0.4052794360206886,S24_2887,Signal Gift Stores,7025551838,8489 Strong St.,Desconocido,Las Vegas,NV,83030,USA,Desconocido,King,Sue,Small
10148,-0.11220131389876072,0.8101579745265014,3,0.45517960544274805,2003-09-11,Shipped,3,9,2003,Classic Cars,0.4052794360206886,S24_2887,"Anna's Decorations, Ltd",02 9936 8555,201 Miller Street,Level 15,North Sydney,NSW,2060,Australia,APAC,O'Hara,Anna,Medium
10161,-1.0362527830157167,0.8101579745265014,2,-0.43123666438999064,2003-10-17,Shipped,4,10,2003,Classic Cars,0.4052794360206886,S24_2887,Heintze Collectables,86 21 3555,Smagsloget 45,Desconocido,Aaarhus,Desconocido,8200,Denmark,EMEA,Ibsen,Palle,Small
10173,-1.2415975539305957,0.8101579745265014,16,-0.4484613892251042,2003-11-05,Shipped,4,11,2003,Classic Cars,0.4052794360206886,S24_2887,Rovelli Gifts,035-640555,Via Ludovico il Moro 22,Desconocido,Bergamo,Desconocido,24100,Italy,EMEA,Rovelli,Giovanni,Small
10182,-1.5496147103029148,0.8101579745265014,13,-0.628870289980773,2003-11-12,Shipped,4,11,2003,Classic Cars,0.4052794360206886,S24_2887,Mini Gifts Distributors Ltd.,4155551450,5677 Strong St.,Desconocido,San Rafael,CA,97562,USA,Desconocido,Nelson,Valarie,Small
10192,-1.2415975539305957,0.8101579745265014,1,-0.27235866967821426,2003-11-20,Shipped,4,11,2003,Classic Cars,0.4052794360206886,S24_2887,Online Diecast Creations Co.,6035558647,2304 Long Airport Avenue,Desconocido,Nashua,NH,62005,USA,Desconocido,Young,Valarie,Medium
10204,0.7091777697607561,0.8101579745265014,7,0.3736608257376013,2003-12-02,Shipped,4,12,2003,Classic Cars,0.4052794360206886,S24_2887,Muscle Machine Inc,2125557413,4092 Furth Circle,Suite 400,NYC,NY,10022,USA,Desconocido,Young,Jeff,Medium
10213,-0.8309080121008378,0.8101579745265014,3,-0.41456582414919674,2004-01-22,Shipped,1,1,2004,Classic Cars,0.4052794360206886,S24_2887,"Double Decker Gift Stores, Ltd",(171) 555-7555,120 Hanover Sq.,Desconocido,London,Desconocido,WA1 1DP,UK,EMEA,Hardy,Thomas,Small
10227,-0.21487369935619993,0.8101579745265014,13,0.42714327053616186,2004-03-02,Shipped,1,3,2004,Classic Cars,0.4052794360206886,S24_2887,"Saveley & Henriot, Co.",78.32.5555,"2, rue du Commerce",Desconocido,Lyon,Desconocido,69004,France,EMEA,Saveley,Mary,Medium
10241,-0.728235626643398,0.7432292215170522,5,-0.42990625531539983,2004-04-13,Shipped,2,4,2004,Classic Cars,0.4052794360206886,S24_2887,Mini Caravy,88.60.1555,"24, place Kluber",Desconocido,Strasbourg,Desconocido,67000,France,EMEA,Citeaux,Frederique,Small
10267,0.8118501552181958,0.8101579745265014,2,0.5928905202657249,2004-07-07,Shipped,3,7,2004,Classic Cars,0.4052794360206886,S24_2887,Muscle Machine Inc,2125557413,4092 Furth Circle,Suite 400,NYC,NY,10022,USA,Desconocido,Young,Jeff,Medium
10279,1.3252120825053932,0.8101579745265014,2,1.1007483908455389,2004-08-09,Shipped,3,8,2004,Classic Cars,0.4052794360206886,S24_2887,Euro Shopping Channel,(91) 555 94 44,"C/ Moralzarzal, 86",Desconocido,Madrid,Desconocido,28034,Spain,EMEA,Freyre,Diego,Medium
10288,1.3252120825053932,0.8101579745265014,8,1.6210089321452137,2004-09-01,Shipped,3,9,2004,Classic Cars,0.4052794360206886,S24_2887,Handji Gifts& Co,+65 224 1555,Village Close - 106 Linden Road Sandown,2nd Floor,Singapore,Desconocido,69045,Singapore,APAC,Victorino,Wendy,Medium
10302,1.0171949261330746,0.8101579745265014,4,1.0833661890179225,2003-10-06,Shipped,4,10,2003,Classic Cars,0.4052794360206886,S24_2887,"UK Collectables, Ltd.",(171) 555-2282,Berkeley Gardens 12  Brewery,Desconocido,Liverpool,Desconocido,WX1 6LT,UK,EMEA,Devon,Elizabeth,Medium
10311,0.8118501552181958,0.8101579745265014,3,0.5655709771870816,2004-10-16,Shipped,4,10,2004,Classic Cars,0.4052794360206886,S24_2887,Euro Shopping Channel,(91) 555 94 44,"C/ Moralzarzal, 86",Desconocido,Madrid,Desconocido,28034,Spain,EMEA,Freyre,Diego,Medium
10332,0.9145225406756355,-2.0524095801147024,11,-0.9201267027349205,2004-11-17,Shipped,4,11,2004,Classic Cars,0.4052794360206886,S24_2887,"AV Stores, Co.",(171) 555-1555,Fauntleroy Circus,Desconocido,Manchester,Desconocido,EC2 5NT,UK,EMEA,Ashworth,Victoria,Small
10346,-1.1389251684731565,0.17755731645199915,5,-0.7928852927928072,2004-11-29,Shipped,4,11,2004,Classic Cars,0.4052794360206886,S24_2887,Signal Gift Stores,7025551838,8489 Strong St.,Desconocido,Las Vegas,NV,83030,USA,Desconocido,King,Sue,Small
10368,-0.4202184702710794,0.8101579745265014,5,0.3634139607426897,2005-01-19,Shipped,1,1,2005,Classic Cars,0.4052794360206886,S24_2887,Mini Gifts Distributors Ltd.,4155551450,5677 Strong St.,Desconocido,San Rafael,CA,97562,USA,Desconocido,Nelson,Valarie,Medium
10380,0.9145225406756355,-2.348383398978713,7,-1.0627682764955653,2005-02-16,Shipped,1,2,2005,Classic Cars,0.4052794360206886,S24_2887,Euro Shopping Channel,(91) 555 94 44,"C/ Moralzarzal, 86",Desconocido,Madrid,Desconocido,28034,Spain,EMEA,Freyre,Diego,Small
10407,2.454608322537229,0.7432292215170522,5,1.2307429330358874,2005-04-22,On Hold,2,4,2005,Classic Cars,0.4052794360206886,S24_2887,The Sharp Gifts Warehouse,4085553659,3086 Ingle Ln.,Desconocido,San Jose,CA,94217,USA,Desconocido,Frick,Sue,Medium
10420,2.043918780707471,0.6267236144265282,8,0.9462797519238352,2005-05-29,In Process,2,5,2005,Classic Cars,0.4052794360206886,S24_2887,Souveniers And Things Co.,+61 2 9495 8555,"Monitor Money Building, 815 Pacific Hwy",Level 6,Chatswood,NSW,2067,Australia,APAC,Huxley,Adrian,Medium
10109,-0.6255632411859583,-2.556110417578412,6,-1.4243463117638118,2003-03-10,Shipped,1,3,2003,Classic Cars,-1.585721582684848,S24_2972,Motor Mint Distributors Inc.,2155559857,11328 Douglas Av.,Desconocido,Philadelphia,PA,71270,USA,Desconocido,Hernandez,Rosa,Small
10122,0.4011606133884374,-2.6126280312308365,4,-1.274178423809766,2003-05-08,Shipped,2,5,2003,Classic Cars,-1.585721582684848,S24_2972,Marseille Mini Autos,91.24.4555,"12, rue des Bouchers",Desconocido,Marseille,Desconocido,13008,France,EMEA,Lebihan,Laurence,Small
10135,-1.5496147103029148,-2.369205677692764,1,-1.5402819596924613,2003-07-02,Shipped,3,7,2003,Classic Cars,-1.585721582684848,S24_2972,Mini Gifts Distributors Ltd.,4155551450,5677 Strong St.,Desconocido,San Rafael,CA,97562,USA,Desconocido,Nelson,Valarie,Small
10147,-1.0362527830157167,-2.0320830699414616,1,-1.3505764861380176,2003-09-05,Shipped,3,9,2003,Classic Cars,-1.585721582684848,S24_2972,Collectables For Less Inc.,6175558555,7825 Douglas Av.,Desconocido,Brickhaven,MA,58339,USA,Desconocido,Nelson,Allen,Small
10160,0.7091777697607561,-2.3131838325811502,2,-1.08598798752802,2003-10-11,Shipped,4,10,2003,Classic Cars,-1.585721582684848,S24_2972,"Men 'R' US Retailers, Ltd.",2155554369,6047 Douglas Av.,Desconocido,Los Angeles,CA,Desconocido,USA,Desconocido,Chandler,Michael,Small
10171,0.09314345701611873,-2.3880448822435723,4,-1.2360581311418917,2003-11-05,Shipped,4,11,2003,Classic Cars,-1.585721582684848,S24_2972,Quebec Home Shopping Network,(514) 555-8054,43 rue St. Laurent,Desconocido,Montreal,Quebec,H1J 1C3,Canada,Desconocido,Fresnisre,Jean,Small
10181,0.19581584247355846,-2.0320830699414616,8,-1.0725264197896067,2003-11-12,Shipped,4,11,2003,Classic Cars,-1.585721582684848,S24_2972,Herkku Gifts,+47 2267 3215,"Drammen 121, PR 744 Sentrum",Desconocido,Bergen,Desconocido,N 5804,Norway,EMEA,Oeztan,Veysel,Small
10192,-0.5228908557285186,-2.6309714672408337,13,-1.431514230043241,2003-11-20,Shipped,4,11,2003,Classic Cars,-1.585721582684848,S24_2972,Online Diecast Creations Co.,6035558647,2304 Long Airport Avenue,Desconocido,Nashua,NH,62005,USA,Desconocido,Young,Valarie,Small
10203,-1.4469423248454751,-2.3131838325811502,2,-1.5079177226126135,2003-12-02,Shipped,4,12,2003,Classic Cars,-1.585721582684848,S24_2972,Euro Shopping Channel,(91) 555 94 44,"C/ Moralzarzal, 86",Desconocido,Madrid,Desconocido,28034,Spain,EMEA,Freyre,Diego,Small
10212,-0.11220131389876072,-1.9949004293806563,12,-1.128191821518721,2004-01-16,Shipped,1,1,2004,Classic Cars,-1.585721582684848,S24_2972,Euro Shopping Channel,(91) 555 94 44,"C/ Moralzarzal, 86",Desconocido,Madrid,Desconocido,28034,Spain,EMEA,Freyre,Diego,Small
10225,0.7091777697607561,-2.3315272685911475,3,-1.094426582229712,2004-02-22,Shipped,1,2,2004,Classic Cars,-1.585721582684848,S24_2972,"Vida Sport, Ltd",0897-034555,Grenzacherweg 237,Desconocido,Gensve,Desconocido,1203,Switzerland,EMEA,Holz,Michael,Small
10239,-1.5496147103029148,-1.9383828157282321,2,-1.4459043690133078,2004-04-12,Shipped,2,4,2004,Classic Cars,-1.585721582684848,S24_2972,"Oulu Toy Supplies, Inc.",981-443655,Torikatu 38,Desconocido,Oulu,Desconocido,90110,Finland,EMEA,Koskitalo,Pirkko,Small
10253,0.5038329988458771,-2.0320830699414616,7,-1.003013903202504,2004-06-01,Cancelled,2,6,2004,Classic Cars,-1.585721582684848,S24_2972,"UK Collectables, Ltd.",(171) 555-2282,Berkeley Gardens 12  Brewery,Desconocido,Liverpool,Desconocido,WX1 6LT,UK,EMEA,Devon,Elizabeth,Small
10266,-0.11220131389876072,-2.1446225287054994,8,-1.1839495373468882,2004-07-06,Shipped,3,7,2004,Classic Cars,-1.585721582684848,S24_2972,L'ordine Souveniers,0522-556555,Strada Provinciale 124,Desconocido,Reggio Emilia,Desconocido,42100,Italy,EMEA,Moroni,Maurizio,Small
10278,-0.4202184702710794,-2.219483578367921,8,-1.2751830184171105,2004-08-06,Shipped,3,8,2004,Classic Cars,-1.585721582684848,S24_2972,Signal Gift Stores,7025551838,8489 Strong St.,Desconocido,Las Vegas,NV,83030,USA,Desconocido,King,Sue,Small
10287,0.09314345701611873,-2.1818051692663047,6,-1.1547348401170925,2004-08-30,Shipped,3,8,2004,Classic Cars,-1.585721582684848,S24_2972,"Vida Sport, Ltd",0897-034555,Grenzacherweg 237,Desconocido,Gensve,Desconocido,1203,Switzerland,EMEA,Holz,Michael,Small
10301,1.3252120825053932,-2.4440667273551853,10,-1.0342486501292296,2003-10-05,Shipped,4,10,2003,Classic Cars,-1.585721582684848,S24_2972,"Norway Gifts By Mail, Co.",+47 2212 1555,"Drammensveien 126 A, PB 744 Sentrum",Desconocido,Oslo,Desconocido,N 0106,Norway,EMEA,Klaeboe,Jan,Small
10310,-0.21487369935619993,-2.069761479043078,4,-1.178828819969993,2004-10-16,Shipped,4,10,2004,Classic Cars,-1.585721582684848,S24_2972,"Toms Spezialitten, Ltd",0221-5554327,Mehrheimerstr. 369,Desconocido,Koln,Desconocido,50739,Germany,EMEA,Pfalzheim,Henriette,Small
10321,0.19581584247355846,-2.5000885724667987,12,-1.262193881656205,2004-11-04,Shipped,4,11,2004,Classic Cars,-1.585721582684848,S24_2972,FunGiftIdeas.com,5085552555,1785 First Street,Desconocido,New Bedford,MA,50553,USA,Desconocido,Benitez,Violeta,Small
10331,-0.8309080121008378,-2.0534011171963233,13,-1.310539318354508,2004-11-17,Shipped,4,11,2004,Classic Cars,-1.585721582684848,S24_2972,Motor Mint Distributors Inc.,2155559857,11328 Douglas Av.,Desconocido,Philadelphia,PA,71270,USA,Desconocido,Hernandez,Rosa,Small
10342,0.4011606133884374,-2.1446225287054994,9,-1.0742586667071357,2004-11-24,Shipped,4,11,2004,Classic Cars,-1.585721582684848,S24_2972,"Australian Collectors, Co.",03 9520 4555,636 St Kilda Road,Level 3,Melbourne,Victoria,3004,Australia,APAC,Ferguson,Peter,Small
10355,0.09314345701611873,-2.237827014377918,4,-1.176825060996425,2004-12-07,Shipped,4,12,2004,Classic Cars,-1.585721582684848,S24_2972,Euro Shopping Channel,(91) 555 94 44,"C/ Moralzarzal, 86",Desconocido,Madrid,Desconocido,28034,Spain,EMEA,Freyre,Diego,Small
10367,0.09314345701611873,0.8101579745265014,2,0.7952647463549479,2005-01-12,Resolved,1,1,2005,Classic Cars,-1.585721582684848,S24_2972,Toys4GrownUps.com,6265557265,78934 Hillside Dr.,Desconocido,Pasadena,CA,90003,USA,Desconocido,Young,Julie,Medium
10378,0.6065053843033164,0.8101579745265014,7,1.2505633131267342,2005-02-10,Shipped,1,2,2005,Classic Cars,-1.585721582684848,S24_2972,Euro Shopping Channel,(91) 555 94 44,"C/ Moralzarzal, 86",Desconocido,Madrid,Desconocido,28034,Spain,EMEA,Freyre,Diego,Medium
10390,0.19581584247355846,0.8101579745265014,5,0.7281089544142635,2005-03-04,Shipped,1,3,2005,Classic Cars,-1.585721582684848,S24_2972,Mini Gifts Distributors Ltd.,4155551450,5677 Strong St.,Desconocido,San Rafael,CA,97562,USA,Desconocido,Nelson,Valarie,Medium
10405,1.222539697047954,-1.9383828157282321,2,-0.7925811992900436,2005-04-14,Shipped,2,4,2005,Classic Cars,-1.585721582684848,S24_2972,Mini Caravy,88.60.1555,"24, place Kluber",Desconocido,Strasbourg,Desconocido,67000,France,EMEA,Citeaux,Frederique,Small
10419,-2.062976637590112,-2.0320830699414616,7,-1.5822848747616935,2005-05-17,Shipped,2,5,2005,Classic Cars,-1.585721582684848,S24_2972,Salzburg Collectables,6562-9555,Geislweg 14,Desconocido,Salzburg,Desconocido,5020,Austria,EMEA,Pipps,Georg,Small
10105,0.9145225406756355,-0.5492393643765432,4,-0.19568909529392348,2003-02-11,Shipped,1,2,2003,Vintage Cars,-0.31645843326006856,S24_3151,Danish Wholesale Imports,31 12 3555,Vinb'ltet 34,Desconocido,Kobenhavn,Desconocido,1734,Denmark,EMEA,Petersen,Jytte,Medium
10119,-0.009528928441320991,0.19639652100280733,13,-0.2645554131876537,2003-04-28,Shipped,2,4,2003,Vintage Cars,-0.31645843326006856,S24_3151,Salzburg Collectables,6562-9555,Geislweg 14,Desconocido,Salzburg,Desconocido,5020,Austria,EMEA,Pipps,Georg,Medium
10129,0.6065053843033164,0.5478964164376205,4,0.17877490215393332,2003-06-12,Shipped,2,6,2003,Vintage Cars,-0.31645843326006856,S24_3151,"Stylish Desk Decors, Co.",(171) 555-0297,35 King George,Desconocido,London,Desconocido,WX3 6FW,UK,EMEA,Brown,Ann,Medium
10142,1.4278844679628335,0.7233984798846221,1,0.6844063738742273,2003-08-08,Shipped,3,8,2003,Vintage Cars,-0.31645843326006856,S24_3151,Mini Gifts Distributors Ltd.,4155551450,5677 Strong St.,Desconocido,San Rafael,CA,97562,USA,Desconocido,Nelson,Valarie,Medium
10154,-0.4202184702710794,0.37239435299061985,2,-0.39511470045456315,2003-10-02,Shipped,4,10,2003,Vintage Cars,-0.31645843326006856,S24_3151,Boards & Toys Co.,3105552373,4097 Douglas Av.,Desconocido,Glendale,CA,92561,USA,Desconocido,Young,Leslie,Small
10167,-1.5496147103029148,-0.1982352374825409,11,-1.064701442334563,2003-10-23,Cancelled,4,10,2003,Vintage Cars,-0.31645843326006856,S24_3151,Scandinavian Gift Ideas,0695-34 6555,?kergatan 24,Desconocido,Boras,Desconocido,S-844 67,Sweden,EMEA,Larsson,Maria,Small
10177,1.0171949261330746,-0.5492393643765432,2,-0.15627640523930364,2003-11-07,Shipped,4,11,2003,Vintage Cars,-0.31645843326006856,S24_3151,CAF Imports,+34 913 728 555,"Merchants House, 27-30 Merchant's Quay",Desconocido,Madrid,Desconocido,28023,Spain,EMEA,Fernandez,Jesus,Medium
10185,-0.21487369935619993,-0.46148833265304284,2,-0.5975106475082693,2003-11-14,Shipped,4,11,2003,Vintage Cars,-0.31645843326006856,S24_3151,Mini Creations Ltd.,5085559555,4575 Hillside Dr.,Desconocido,New Bedford,MA,50553,USA,Desconocido,Tam,Wing C,Small
10197,1.222539697047954,-0.02273317403553854,8,0.19359403017254168,2003-11-26,Shipped,4,11,2003,Vintage Cars,-0.31645843326006856,S24_3151,Enaco Distributors,(93) 203 4555,"Rambla de Catalu¤a, 23",Desconocido,Barcelona,Desconocido,8022,Spain,EMEA,Saavedra,Eduardo,Medium
10208,-1.5496147103029148,0.28464332126711867,2,-0.9589203453017718,2004-01-02,Shipped,1,1,2004,Vintage Cars,-0.31645843326006856,S24_3151,"Saveley & Henriot, Co.",78.32.5555,"2, rue du Commerce",Desconocido,Lyon,Desconocido,69004,France,EMEA,Saveley,Mary,Small
10222,1.222539697047954,-0.636990396100044,14,-0.12262520101383068,2004-02-19,Shipped,1,2,2004,Vintage Cars,-0.31645843326006856,S24_3151,Collectable Mini Designs Co.,7605558146,361 Furth Circle,Desconocido,San Diego,CA,91217,USA,Desconocido,Thompson,Valarie,Medium
10233,0.5038329988458771,0.5478964164376205,2,0.12734508849902756,2004-03-29,Shipped,1,3,2004,Vintage Cars,-0.31645843326006856,S24_3151,Tekni Collectables Inc.,2015559350,7476 Moss Rd.,Desconocido,Newark,NJ,94019,USA,Desconocido,Brown,William,Medium
10248,-0.5228908557285186,0.8101579745265014,5,-0.27161472664466735,2004-05-07,Cancelled,2,5,2004,Vintage Cars,-0.31645843326006856,S24_3151,Land of Toys Inc.,2125557818,897 Long Airport Avenue,Desconocido,NYC,NY,10022,USA,Desconocido,Yu,Kwai,Medium
10261,-1.3442699393880353,0.37239435299061985,3,-0.8406822751379114,2004-06-17,Shipped,2,6,2004,Vintage Cars,-0.31645843326006856,S24_3151,Quebec Home Shopping Network,(514) 555-8054,43 rue St. Laurent,Desconocido,Montreal,Quebec,H1J 1C3,Canada,Desconocido,Fresnisre,Jean,Small
10273,-0.8309080121008378,0.8101579745265014,6,-0.4114868774337144,2004-07-21,Shipped,3,7,2004,Vintage Cars,-0.31645843326006856,S24_3151,Petit Auto,(02) 5554 67,Rue Joseph-Bens 532,Desconocido,Bruxelles,Desconocido,B-1180,Belgium,EMEA,Dewey,Catherine,Small
10283,-0.11220131389876072,0.4601453847141202,8,-0.21391298449526075,2004-08-20,Shipped,3,8,2004,Vintage Cars,-0.31645843326006856,S24_3151,"Royal Canadian Collectables, Ltd.",(604) 555-4555,23 Tsawassen Blvd.,Desconocido,Tsawassen,BC,T2F 8M4,Canada,Desconocido,Lincoln,Elizabeth,Medium
10295,1.119867311590515,0.06501785768796184,3,0.19262744725304284,2004-09-10,Shipped,3,9,2004,Vintage Cars,-0.31645843326006856,S24_3151,Gifts4AllAges.com,6175559555,8616 Spinnaker Dr.,Desconocido,Boston,MA,51003,USA,Desconocido,Yoshido,Juri,Medium
10306,-0.4202184702710794,0.020894457555805778,2,-0.5144659700481834,2004-10-14,Shipped,4,10,2004,Vintage Cars,-0.31645843326006856,S24_3151,"AV Stores, Co.",(171) 555-1555,Fauntleroy Circus,Desconocido,Manchester,Desconocido,EC2 5NT,UK,EMEA,Ashworth,Victoria,Small
10315,-1.1389251684731565,0.15276888941146222,1,-0.799401582137743,2004-10-29,Shipped,4,10,2004,Vintage Cars,-0.31645843326006856,S24_3151,La Rochelle Gifts,40.67.8555,"67, rue des Cinquante Otages",Desconocido,Nantes,Desconocido,44000,France,EMEA,Labrune,Janine,Small
10326,0.6065053843033164,0.10864548927930616,3,-0.01848403679951518,2004-11-09,Shipped,4,11,2004,Vintage Cars,-0.31645843326006856,S24_3151,"Volvo Model Replicas, Co",0921-12 3555,Berguvsvgen  8,Desconocido,Lule,Desconocido,S-958 22,Sweden,EMEA,Berglund,Christina,Medium
10339,2.043918780707471,0.8101579745265014,13,3.9120059400377456,2004-11-23,Shipped,4,11,2004,Vintage Cars,-0.31645843326006856,S24_3151,"Tokyo Collectables, Ltd",+81 3 3584 0555,2-2-8 Roppongi,Desconocido,Minato-ku,Tokyo,106-0032,Japan,Japan,Shimamura,Akiko,Large
10350,-0.5228908557285186,0.8101579745265014,9,-0.28937161510961734,2004-12-02,Shipped,4,12,2004,Vintage Cars,-0.31645843326006856,S24_3151,Euro Shopping Channel,(91) 555 94 44,"C/ Moralzarzal, 86",Desconocido,Madrid,Desconocido,28034,Spain,EMEA,Freyre,Diego,Medium
10373,-0.21487369935619993,-1.3057821576537298,12,-0.9026847682549757,2005-01-31,Shipped,1,1,2005,Vintage Cars,-0.31645843326006856,S24_3151,"Oulu Toy Supplies, Inc.",981-443655,Torikatu 38,Desconocido,Oulu,Desconocido,90110,Finland,EMEA,Koskitalo,Pirkko,Small
10384,0.8118501552181958,0.7045592753338148,2,0.3554206458129015,2005-02-23,Shipped,1,2,2005,Vintage Cars,-0.31645843326006856,S24_3151,Corporate Gift Ideas Co.,6505551386,7734 Strong St.,Desconocido,San Francisco,CA,Desconocido,USA,Desconocido,Brown,Julie,Medium
10396,-0.8309080121008378,-0.02273317403553854,7,-0.7099980923252238,2005-03-23,Shipped,1,3,2005,Vintage Cars,-0.31645843326006856,S24_3151,Mini Gifts Distributors Ltd.,4155551450,5677 Strong St.,Desconocido,San Rafael,CA,97562,USA,Desconocido,Nelson,Valarie,Small
10414,2.557280707994669,0.8101579745265014,5,1.3866180044078724,2005-05-06,On Hold,2,5,2005,Vintage Cars,-0.31645843326006856,S24_3151,Gifts4AllAges.com,6175559555,8616 Spinnaker Dr.,Desconocido,Boston,MA,51003,USA,Desconocido,Yoshido,Juri,Medium
10110,-0.8309080121008378,-0.49767943613222637,12,-0.8504567091553151,2003-03-18,Shipped,1,3,2003,Classic Cars,-0.39112097146152625,S24_3191,"AV Stores, Co.",(171) 555-1555,Fauntleroy Circus,Desconocido,Manchester,Desconocido,EC2 5NT,UK,EMEA,Ashworth,Victoria,Small
10124,1.4278844679628335,-0.030665470688510235,11,0.2796959333836267,2003-05-21,Shipped,2,5,2003,Classic Cars,-0.39112097146152625,S24_3191,Signal Gift Stores,7025551838,8489 Strong St.,Desconocido,Las Vegas,NV,83030,USA,Desconocido,King,Sue,Medium
10148,-0.4202184702710794,-0.49767943613222637,5,-0.6905469686305905,2003-09-11,Shipped,3,9,2003,Classic Cars,-0.39112097146152625,S24_3191,"Anna's Decorations, Ltd",02 9936 8555,201 Miller Street,Level 15,North Sydney,NSW,2060,Australia,APAC,O'Hara,Anna,Small
10161,-1.5496147103029148,-0.3276308266341435,4,-1.0930473009850337,2003-10-17,Shipped,4,10,2003,Classic Cars,-0.39112097146152625,S24_3191,Heintze Collectables,86 21 3555,Smagsloget 45,Desconocido,Aaarhus,Desconocido,8200,Denmark,EMEA,Ibsen,Palle,Small
10172,-1.1389251684731565,-0.11544189116714743,2,-0.8699078328499485,2003-11-05,Shipped,4,11,2003,Classic Cars,-0.39112097146152625,S24_3191,Gift Depot Inc.,2035552570,25593 South Bay Ln.,Desconocido,Bridgewater,CT,97562,USA,Desconocido,King,Julie,Small
10182,-0.21487369935619993,0.5211249152338407,15,-0.24234029676254307,2003-11-12,Shipped,4,11,2003,Classic Cars,-0.39112097146152625,S24_3191,Mini Gifts Distributors Ltd.,4155551450,5677 Strong St.,Desconocido,San Rafael,CA,97562,USA,Desconocido,Nelson,Valarie,Medium
10192,-0.31754608481363966,-0.5398197621011396,3,-0.6653397893479305,2003-11-20,Shipped,4,11,2003,Classic Cars,-0.39112097146152625,S24_3191,Online Diecast Creations Co.,6035558647,2304 Long Airport Avenue,Desconocido,Nashua,NH,62005,USA,Desconocido,Young,Valarie,Small
10204,0.5038329988458771,-0.20021831164578302,9,-0.2004242655512436,2003-12-02,Shipped,4,12,2003,Classic Cars,-0.39112097146152625,S24_3191,Muscle Machine Inc,2125557413,4092 Furth Circle,Suite 400,NYC,NY,10022,USA,Desconocido,Young,Jeff,Medium
10212,-0.8309080121008378,-0.20021831164578302,2,-0.7624868029986819,2004-01-16,Shipped,1,1,2004,Classic Cars,-0.39112097146152625,S24_3191,Euro Shopping Channel,(91) 555 94 44,"C/ Moralzarzal, 86",Desconocido,Madrid,Desconocido,28034,Spain,EMEA,Freyre,Diego,Small
10227,0.5038329988458771,-0.20021831164578302,15,-0.2004242655512436,2004-03-02,Shipped,1,3,2004,Classic Cars,-0.39112097146152625,S24_3191,"Saveley & Henriot, Co.",78.32.5555,"2, rue du Commerce",Desconocido,Lyon,Desconocido,69004,France,EMEA,Saveley,Mary,Medium
10241,-0.9335803975582769,-0.11544189116714743,7,-0.7815795307793437,2004-04-13,Shipped,2,4,2004,Classic Cars,-0.39112097146152625,S24_3191,Mini Caravy,88.60.1555,"24, place Kluber",Desconocido,Strasbourg,Desconocido,67000,France,EMEA,Citeaux,Frederique,Small
10267,0.9145225406756355,0.6485374302222003,4,0.3815672568094569,2004-07-07,Shipped,3,7,2004,Classic Cars,-0.39112097146152625,S24_3191,Muscle Machine Inc,2125557413,4092 Furth Circle,Suite 400,NYC,NY,10022,USA,Desconocido,Young,Jeff,Medium
10279,-0.21487369935619993,-0.6245961825797756,4,-0.6564667753565762,2004-08-09,Shipped,3,8,2004,Classic Cars,-0.39112097146152625,S24_3191,Euro Shopping Channel,(91) 555 94 44,"C/ Moralzarzal, 86",Desconocido,Madrid,Desconocido,28034,Spain,EMEA,Freyre,Diego,Small
10288,-0.11220131389876072,-0.7520086975681356,10,-0.6653289288656888,2004-09-01,Shipped,3,9,2004,Classic Cars,-0.39112097146152625,S24_3191,Handji Gifts& Co,+65 224 1555,Village Close - 106 Linden Road Sandown,2nd Floor,Singapore,Desconocido,69045,Singapore,APAC,Victorino,Wendy,Small
10302,1.3252120825053932,-0.45504334162250315,6,0.011485463946069047,2003-10-06,Shipped,4,10,2003,Classic Cars,-0.39112097146152625,S24_3191,"UK Collectables, Ltd.",(171) 555-2282,Berkeley Gardens 12  Brewery,Desconocido,Liverpool,Desconocido,WX1 6LT,UK,EMEA,Devon,Elizabeth,Medium
10311,-1.0362527830157167,-0.030665470688510235,5,-0.8025294010233123,2004-10-16,Shipped,4,10,2004,Classic Cars,-0.39112097146152625,S24_3191,Euro Shopping Channel,(91) 555 94 44,"C/ Moralzarzal, 86",Desconocido,Madrid,Desconocido,28034,Spain,EMEA,Freyre,Diego,Small
10321,0.4011606133884374,0.05411094979012535,2,-0.13501701125145038,2004-11-04,Shipped,4,11,2004,Classic Cars,-0.39112097146152625,S24_3191,FunGiftIdeas.com,5085552555,1785 First Street,Desconocido,New Bedford,MA,50553,USA,Desconocido,Benitez,Violeta,Medium
10332,1.0171949261330746,-2.452494792548968,12,-1.0943777100596248,2004-11-17,Shipped,4,11,2004,Classic Cars,-0.39112097146152625,S24_3191,"AV Stores, Co.",(171) 555-1555,Fauntleroy Circus,Desconocido,Manchester,Desconocido,EC2 5NT,UK,EMEA,Ashworth,Victoria,Small
10346,-1.1389251684731565,0.8101579745265014,2,-0.12379270285479838,2004-11-29,Shipped,4,11,2004,Classic Cars,-0.39112097146152625,S24_3191,Signal Gift Stores,7025551838,8489 Strong St.,Desconocido,Las Vegas,NV,83030,USA,Desconocido,King,Sue,Medium
10368,1.119867311590515,-0.20021831164578302,1,0.05898921327065112,2005-01-19,Shipped,1,1,2005,Classic Cars,-0.39112097146152625,S24_3191,Mini Gifts Distributors Ltd.,4155551450,5677 Strong St.,Desconocido,San Rafael,CA,97562,USA,Desconocido,Nelson,Valarie,Medium
10380,0.9145225406756355,-0.22798134993118477,9,-0.04086206045824894,2005-02-16,Shipped,1,2,2005,Classic Cars,-0.39112097146152625,S24_3191,Euro Shopping Channel,(91) 555 94 44,"C/ Moralzarzal, 86",Desconocido,Madrid,Desconocido,28034,Spain,EMEA,Freyre,Diego,Medium
10407,-2.268321408504992,-0.11544189116714743,7,-1.3557134942382754,2005-04-22,On Hold,2,4,2005,Classic Cars,-0.39112097146152625,S24_3191,The Sharp Gifts Warehouse,4085553659,3086 Ingle Ln.,Desconocido,San Jose,CA,94217,USA,Desconocido,Frick,Sue,Small
10420,-0.009528928441320991,0.6485374302222003,10,-0.09122211661236097,2005-05-29,In Process,2,5,2005,Classic Cars,-0.39112097146152625,S24_3191,Souveniers And Things Co.,+61 2 9495 8555,"Monitor Money Building, 815 Pacific Hwy",Level 6,Chatswood,NSW,2067,Australia,APAC,Huxley,Adrian,Medium
10108,-0.5228908557285186,-1.0207152466875553,5,-0.9023915352344536,2003-03-03,Shipped,1,3,2003,Classic Cars,-0.9884212770731872,S24_3371,Cruz & Sons Co.,+63 2 555 3587,15 McCallum Street - NatWest Center #13-03,Desconocido,Makati City,Desconocido,1227 MM,Philippines,Japan,Cruz,Arnold,Small
10122,-0.11220131389876072,-1.6582735901701648,9,-1.0028292750043974,2003-05-08,Shipped,2,5,2003,Classic Cars,-0.9884212770731872,S24_3371,Marseille Mini Autos,91.24.4555,"12, rue des Bouchers",Desconocido,Marseille,Desconocido,13008,France,EMEA,Lebihan,Laurence,Small
10135,-0.8309080121008378,-0.8690100731994697,6,-0.9602724753408458,2003-07-02,Shipped,3,7,2003,Classic Cars,-0.9884212770731872,S24_3371,Mini Gifts Distributors Ltd.,4155551450,5677 Strong St.,Desconocido,San Rafael,CA,97562,USA,Desconocido,Nelson,Valarie,Small
10147,-0.5228908557285186,-0.7475467807008388,6,-0.8126296495079627,2003-09-05,Shipped,3,9,2003,Classic Cars,-0.9884212770731872,S24_3371,Collectables For Less Inc.,6175558555,7825 Douglas Av.,Desconocido,Brickhaven,MA,58339,USA,Desconocido,Nelson,Allen,Small
10159,1.5305568534202727,-0.6870630187219288,1,-0.03469330654504294,2003-10-10,Shipped,4,10,2003,Classic Cars,-0.9884212770731872,S24_3371,Corporate Gift Ideas Co.,6505551386,7734 Strong St.,Desconocido,San Francisco,CA,Desconocido,USA,Desconocido,Brown,Julie,Medium
10169,-0.11220131389876072,-1.6582735901701648,1,-1.0028292750043974,2003-11-04,Shipped,4,11,2003,Classic Cars,-0.9884212770731872,S24_3371,"Anna's Decorations, Ltd",02 9936 8555,201 Miller Street,Level 15,North Sydney,NSW,2060,Australia,APAC,O'Hara,Anna,Small
10181,-1.2415975539305957,-0.8992519541889249,13,-1.1115318417601685,2003-11-12,Shipped,4,11,2003,Classic Cars,-0.9884212770731872,S24_3371,Herkku Gifts,+47 2267 3215,"Drammen 121, PR 744 Sentrum",Desconocido,Bergen,Desconocido,N 5804,Norway,EMEA,Oeztan,Veysel,Small
10191,1.3252120825053932,-1.1724204201756414,2,-0.36567736333881573,2003-11-20,Shipped,4,11,2003,Classic Cars,-0.9884212770731872,S24_3371,"Toms Spezialitten, Ltd",0221-5554327,Mehrheimerstr. 369,Desconocido,Koln,Desconocido,50739,Germany,EMEA,Pfalzheim,Henriette,Small
10203,-0.11220131389876072,-0.9299896037191901,7,-0.7316104519859277,2003-12-02,Shipped,4,12,2003,Classic Cars,-0.9884212770731872,S24_3371,Euro Shopping Channel,(91) 555 94 44,"C/ Moralzarzal, 86",Desconocido,Madrid,Desconocido,28034,Spain,EMEA,Freyre,Diego,Small
10211,1.3252120825053932,-1.7192531206898858,1,-0.6531760492373836,2004-01-15,Shipped,1,1,2004,Classic Cars,-0.9884212770731872,S24_3371,Auto Canal Petit,(1) 47.55.6555,"25, rue Lauriston",Desconocido,Paris,Desconocido,75016,France,EMEA,Perrier,Dominique,Small
10225,-1.1389251684731565,-1.6582735901701648,8,-1.2754816816787533,2004-02-22,Shipped,1,2,2004,Classic Cars,-0.9884212770731872,S24_3371,"Vida Sport, Ltd",0897-034555,Grenzacherweg 237,Desconocido,Gensve,Desconocido,1203,Switzerland,EMEA,Holz,Michael,Small
10238,1.222539697047954,-1.0514528962178211,2,-0.33599023513151227,2004-04-09,Shipped,2,4,2004,Classic Cars,-0.9884212770731872,S24_3371,Danish Wholesale Imports,31 12 3555,Vinb'ltet 34,Desconocido,Kobenhavn,Desconocido,1734,Denmark,EMEA,Petersen,Jytte,Small
10253,-1.1389251684731565,-1.5368102976715345,12,-1.2435518638885679,2004-06-01,Cancelled,2,6,2004,Classic Cars,-0.9884212770731872,S24_3371,"UK Collectables, Ltd.",(171) 555-2282,Berkeley Gardens 12  Brewery,Desconocido,Liverpool,Desconocido,WX1 6LT,UK,EMEA,Devon,Elizabeth,Small
10266,1.222539697047954,-1.0514528962178211,13,-0.33599023513151227,2004-07-06,Shipped,3,7,2004,Classic Cars,-0.9884212770731872,S24_3371,L'ordine Souveniers,0522-556555,Strada Provinciale 124,Desconocido,Reggio Emilia,Desconocido,42100,Italy,EMEA,Moroni,Maurizio,Small
10276,-1.5496147103029148,-1.1119366581967314,2,-1.2648601300465079,2004-08-02,Shipped,3,8,2004,Classic Cars,-0.9884212770731872,S24_3371,Online Mini Collectables,6175557555,7635 Spinnaker Dr.,Desconocido,Brickhaven,MA,58339,USA,Desconocido,Barajas,Miguel,Small
10287,-1.5496147103029148,-0.7777886616902936,11,-1.1916604797383956,2004-08-30,Shipped,3,8,2004,Classic Cars,-0.9884212770731872,S24_3371,"Vida Sport, Ltd",0897-034555,Grenzacherweg 237,Desconocido,Gensve,Desconocido,1203,Switzerland,EMEA,Holz,Michael,Small
10300,-0.4202184702710794,-1.2333999506953623,4,-0.9403597811509461,2003-10-04,Shipped,4,10,2003,Classic Cars,-0.9884212770731872,S24_3371,"Blauer See Auto, Co.",+49 69 66 90 2555,Lyonerstr. 34,Desconocido,Frankfurt,Desconocido,60528,Germany,EMEA,Keitel,Roland,Small
10310,0.29848822793099766,-1.324621362204538,9,-0.7548953259118316,2004-10-16,Shipped,4,10,2004,Classic Cars,-0.9884212770731872,S24_3371,"Toms Spezialitten, Ltd",0221-5554327,Mehrheimerstr. 369,Desconocido,Koln,Desconocido,50739,Germany,EMEA,Pfalzheim,Henriette,Small
10320,-0.9335803975582769,-1.1119366581967314,2,-1.065363931751298,2004-11-03,Shipped,4,11,2004,Classic Cars,-0.9884212770731872,S24_3371,"Volvo Model Replicas, Co",0921-12 3555,Berguvsvgen  8,Desconocido,Lule,Desconocido,S-958 22,Sweden,EMEA,Berglund,Christina,Small
10331,-1.0362527830157167,0.8101579745265014,9,-0.25814772866513325,2004-11-17,Shipped,4,11,2004,Classic Cars,-0.9884212770731872,S24_3371,Motor Mint Distributors Inc.,2155559857,11328 Douglas Av.,Desconocido,Philadelphia,PA,71270,USA,Desconocido,Hernandez,Rosa,Medium
10342,1.3252120825053932,-1.0514528962178211,10,-0.30207837933224224,2004-11-24,Shipped,4,11,2004,Classic Cars,-0.9884212770731872,S24_3371,"Australian Collectors, Co.",03 9520 4555,636 St Kilda Road,Level 3,Melbourne,Victoria,3004,Australia,APAC,Ferguson,Peter,Small
10355,0.9145225406756355,-1.0514528962178211,6,-0.4377258025293225,2004-12-07,Shipped,4,12,2004,Classic Cars,-0.9884212770731872,S24_3371,Euro Shopping Channel,(91) 555 94 44,"C/ Moralzarzal, 86",Desconocido,Madrid,Desconocido,28034,Spain,EMEA,Freyre,Diego,Small
10363,-1.4469423248454751,0.8101579745265014,15,-0.600654757117201,2005-01-06,Shipped,1,1,2005,Classic Cars,-0.9884212770731872,S24_3371,Suominen Souveniers,+358 9 8045 555,"Software Engineering Center, SEC Oy",Desconocido,Espoo,Desconocido,FIN-02271,Finland,EMEA,Suominen,Kalle,Small
10378,1.119867311590515,-2.0881049150530755,6,-0.8922152633741123,2005-02-10,Shipped,1,2,2005,Classic Cars,-0.9884212770731872,S24_3371,Euro Shopping Channel,(91) 555 94 44,"C/ Moralzarzal, 86",Desconocido,Madrid,Desconocido,28034,Spain,EMEA,Freyre,Diego,Small
10390,1.119867311590515,-1.5278864639369405,6,-0.6099513299159762,2005-03-04,Shipped,1,3,2005,Classic Cars,-0.9884212770731872,S24_3371,Mini Gifts Distributors Ltd.,4155551450,5677 Strong St.,Desconocido,San Rafael,CA,97562,USA,Desconocido,Nelson,Valarie,Small
10419,2.043918780707471,-1.5368102976715345,12,-0.357086721885742,2005-05-17,Shipped,2,5,2005,Classic Cars,-0.9884212770731872,S24_3371,Salzburg Collectables,6562-9555,Geislweg 14,Desconocido,Salzburg,Desconocido,5020,Austria,EMEA,Pipps,Georg,Small
10106,-0.4202184702710794,-1.5397849089163984,14,-1.0443923405428464,2003-02-17,Shipped,1,2,2003,Vintage Cars,-0.8888712261379104,S24_3420,Rovelli Gifts,035-640555,Via Ludovico il Moro 22,Desconocido,Bergamo,Desconocido,24100,Italy,EMEA,Rovelli,Giovanni,Small
10119,-1.5496147103029148,-0.5294086227441136,5,-1.1372494637081818,2003-04-28,Shipped,2,4,2003,Vintage Cars,-0.8888712261379104,S24_3420,Salzburg Collectables,6562-9555,Geislweg 14,Desconocido,Salzburg,Desconocido,5020,Austria,EMEA,Pipps,Georg,Small
10131,-0.6255632411859583,-1.2135692090629326,6,-0.9978986160667295,2003-06-16,Shipped,2,6,2003,Vintage Cars,-0.8888712261379104,S24_3420,Gift Ideas Corp.,2035554407,2440 Pompton St.,Desconocido,Glendale,CT,97561,USA,Desconocido,Lewis,Dan,Small
10143,-0.21487369935619993,-0.3008593254303628,9,-0.5394505094448914,2003-08-10,Shipped,3,8,2003,Vintage Cars,-0.8888712261379104,S24_3420,Mini Creations Ltd.,5085559555,4575 Hillside Dr.,Desconocido,New Bedford,MA,50553,USA,Desconocido,Tam,Wing C,Small
10155,-0.11220131389876072,-1.3766770589896657,7,-0.8979604584798972,2003-10-06,Shipped,4,10,2003,Vintage Cars,-0.8888712261379104,S24_3420,"Toys of Finland, Co.",90-224 8555,Keskuskatu 45,Desconocido,Helsinki,Desconocido,21240,Finland,EMEA,Karttunen,Matti,Small
10167,-0.31754608481363966,-1.018236403983502,3,-0.833025635157612,2003-10-23,Cancelled,4,10,2003,Vintage Cars,-0.8888712261379104,S24_3420,Scandinavian Gift Ideas,0695-34 6555,?kergatan 24,Desconocido,Boras,Desconocido,S-844 67,Sweden,EMEA,Larsson,Maria,Small
10178,-0.8309080121008378,-0.49668789905060534,6,-0.850163476134793,2003-11-08,Shipped,4,11,2003,Vintage Cars,-0.8888712261379104,S24_3420,Alpha Cognac,61.77.6555,1 rue Alsace-Lorraine,Desconocido,Toulouse,Desconocido,31000,France,EMEA,Roulet,Annette,Small
10186,-1.4469423248454751,-0.7247414278235443,3,-1.1425493790420629,2003-11-14,Shipped,4,11,2003,Vintage Cars,-0.8888712261379104,S24_3420,"Double Decker Gift Stores, Ltd",(171) 555-7555,120 Hanover Sq.,Desconocido,London,Desconocido,WA1 1DP,UK,EMEA,Hardy,Thomas,Small
10198,-0.8309080121008378,-0.5943543015903203,6,-0.8790469286562212,2003-11-27,Shipped,4,11,2003,Vintage Cars,-0.8888712261379104,S24_3420,Cruz & Sons Co.,+63 2 555 3587,15 McCallum Street - NatWest Center #13-03,Desconocido,Makati City,Desconocido,1227 MM,Philippines,Japan,Cruz,Arnold,Small
10209,0.09314345701611873,-0.3008593254303628,2,-0.41305078687649915,2004-01-09,Shipped,1,1,2004,Vintage Cars,-0.8888712261379104,S24_3420,"Men 'R' US Retailers, Ltd.",2155554369,6047 Douglas Av.,Desconocido,Los Angeles,CA,Desconocido,USA,Desconocido,Chandler,Michael,Small
10222,0.8118501552181958,-0.6597957489773381,6,-0.2871723674557015,2004-02-19,Shipped,1,2,2004,Vintage Cars,-0.8888712261379104,S24_3420,Collectable Mini Designs Co.,7605558146,361 Furth Circle,Desconocido,San Diego,CA,91217,USA,Desconocido,Thompson,Valarie,Medium
10249,-1.0362527830157167,-0.6920207041300357,2,-0.98362794240132,2004-05-08,Shipped,2,5,2004,Vintage Cars,-0.8888712261379104,S24_3420,Cambridge Collectables Co.,6175555555,4658 Baden Av.,Desconocido,Cambridge,MA,51247,USA,Desconocido,Tseng,Kyung,Small
10262,1.119867311590515,-0.6597957489773381,11,-0.17256712860164303,2004-06-24,Cancelled,2,6,2004,Vintage Cars,-0.8888712261379104,S24_3420,Euro Shopping Channel,(91) 555 94 44,"C/ Moralzarzal, 86",Desconocido,Madrid,Desconocido,28034,Spain,EMEA,Freyre,Diego,Medium
10274,-1.1389251684731565,-0.5616335778968117,3,-0.9872010410587931,2004-07-21,Shipped,3,7,2004,Vintage Cars,-0.8888712261379104,S24_3420,Collectables For Less Inc.,6175558555,7825 Douglas Av.,Desconocido,Brickhaven,MA,58339,USA,Desconocido,Nelson,Allen,Small
10284,0.4011606133884374,-0.5943543015903203,13,-0.4120244713046715,2004-08-21,Shipped,3,8,2004,Vintage Cars,-0.8888712261379104,S24_3420,"Norway Gifts By Mail, Co.",+47 2212 1555,"Drammensveien 126 A, PB 744 Sentrum",Desconocido,Oslo,Desconocido,N 0106,Norway,EMEA,Klaeboe,Jan,Small
10296,-0.4202184702710794,-1.4743434615293811,9,-1.0221717938766153,2004-09-15,Shipped,3,9,2004,Vintage Cars,-0.8888712261379104,S24_3420,"Bavarian Collectables Imports, Co.",+49 89 61 08 9555,Hansastr. 15,Desconocido,Munich,Desconocido,80686,Germany,EMEA,Donnermeyer,Michael,Small
10307,-1.3442699393880353,-0.5943543015903203,3,-1.0736396192193667,2004-10-14,Shipped,4,10,2004,Vintage Cars,-0.8888712261379104,S24_3420,"Classic Gift Ideas, Inc",2155554695,782 First Street,Desconocido,Philadelphia,PA,71270,USA,Desconocido,Cervantes,Francisca,Small
10316,1.222539697047954,-0.33358004912387146,11,0.033570254584280444,2004-11-01,Shipped,4,11,2004,Vintage Cars,-0.8888712261379104,S24_3420,giftsbymail.co.uk,(198) 555-8888,Garden House Crowther Way,Desconocido,Cowes,Isle of Wight,PO31 7PJ,UK,EMEA,Bennett,Helen,Medium
10328,-1.5496147103029148,-0.5294086227441136,2,-1.1372494637081818,2004-11-12,Shipped,4,11,2004,Vintage Cars,-0.8888712261379104,S24_3420,Rovelli Gifts,035-640555,Via Ludovico il Moro 22,Desconocido,Bergamo,Desconocido,24100,Italy,EMEA,Rovelli,Giovanni,Small
10339,-0.6255632411859583,0.7947891497613682,14,-0.3599593194386345,2004-11-23,Shipped,4,11,2004,Vintage Cars,-0.8888712261379104,S24_3420,"Tokyo Collectables, Ltd",+81 3 3584 0555,2-2-8 Roppongi,Desconocido,Minato-ku,Tokyo,106-0032,Japan,Japan,Shimamura,Akiko,Small
10351,0.29848822793099766,-0.7574621515170534,4,-0.5188318839092904,2004-12-03,Shipped,4,12,2004,Vintage Cars,-0.8888712261379104,S24_3420,"Stylish Desk Decors, Co.",(171) 555-0297,35 King George,Desconocido,London,Desconocido,WX3 6FW,UK,EMEA,Brown,Ann,Small
10361,-0.11220131389876072,0.8101579745265014,6,0.1726984623397808,2004-12-17,Shipped,4,12,2004,Vintage Cars,-0.8888712261379104,S24_3420,Souveniers And Things Co.,+61 2 9495 8555,"Monitor Money Building, 815 Pacific Hwy",Level 6,Chatswood,NSW,2067,Australia,APAC,Huxley,Adrian,Medium
10373,1.119867311590515,-0.875455064230009,11,-0.28122625342844765,2005-01-31,Shipped,1,1,2005,Vintage Cars,-0.8888712261379104,S24_3420,"Oulu Toy Supplies, Inc.",981-443655,Torikatu 38,Desconocido,Oulu,Desconocido,90110,Finland,EMEA,Koskitalo,Pirkko,Medium
10386,-0.009528928441320991,-0.9865072173716147,9,-0.7180348491839781,2005-03-01,Resolved,1,3,2005,Vintage Cars,-0.8888712261379104,S24_3420,Euro Shopping Channel,(91) 555 94 44,"C/ Moralzarzal, 86",Desconocido,Madrid,Desconocido,28034,Spain,EMEA,Freyre,Diego,Small
10398,-0.11220131389876072,-0.5943543015903203,13,-0.6066171618678171,2005-03-30,Shipped,1,3,2005,Vintage Cars,-0.8888712261379104,S24_3420,Reims Collectables,26.47.1555,59 rue de l'Abbaye,Desconocido,Reims,Desconocido,51100,France,EMEA,Henriot,Paul,Small
10400,0.29848822793099766,-1.3117313801434587,3,-0.749530247684501,2005-04-01,Shipped,2,4,2005,Vintage Cars,-0.8888712261379104,S24_3420,The Sharp Gifts Warehouse,4085553659,3086 Ingle Ln.,Desconocido,San Jose,CA,94217,USA,Desconocido,Frick,Sue,Small
10415,-1.7549594812177938,-0.6920207041300357,2,-1.2485694066841684,2005-05-09,Disputed,2,5,2005,Vintage Cars,-0.8888712261379104,S24_3420,"Australian Collectables, Ltd",61-9-3844-6555,7 Allen Street,Desconocido,Glen Waverly,Victoria,3150,Australia,APAC,Connery,Sean,Small
10110,0.19581584247355846,0.8101579745265014,14,0.09260240580827808,2003-03-18,Shipped,1,3,2003,Classic Cars,0.1564043086824962,S24_3432,"AV Stores, Co.",(171) 555-1555,Fauntleroy Circus,Desconocido,Manchester,Desconocido,EC2 5NT,UK,EMEA,Ashworth,Victoria,Medium
10124,0.8118501552181958,0.8101579745265014,13,0.895506997444544,2003-05-21,Shipped,2,5,2003,Classic Cars,0.1564043086824962,S24_3432,Signal Gift Stores,7025551838,8489 Strong St.,Desconocido,Las Vegas,NV,83030,USA,Desconocido,King,Sue,Medium
10148,-0.8309080121008378,0.8101579745265014,7,-0.04582530084264166,2003-09-11,Shipped,3,9,2003,Classic Cars,0.1564043086824962,S24_3432,"Anna's Decorations, Ltd",02 9936 8555,201 Miller Street,Level 15,North Sydney,NSW,2060,Australia,APAC,O'Hara,Anna,Medium
10161,-0.5228908557285186,0.8101579745265014,6,-0.22029894805329794,2003-10-17,Shipped,4,10,2003,Classic Cars,0.1564043086824962,S24_3432,Heintze Collectables,86 21 3555,Smagsloget 45,Desconocido,Aaarhus,Desconocido,8200,Denmark,EMEA,Ibsen,Palle,Medium
10172,-1.3442699393880353,0.7362884619457015,4,-0.7529947415195588,2003-11-05,Shipped,4,11,2003,Classic Cars,0.1564043086824962,S24_3432,Gift Depot Inc.,2035552570,25593 South Bay Ln.,Desconocido,Bridgewater,CT,97562,USA,Desconocido,King,Julie,Small
10182,1.4278844679628335,0.8101579745265014,17,1.4608331098055707,2003-11-12,Shipped,4,11,2003,Classic Cars,0.1564043086824962,S24_3432,Mini Gifts Distributors Ltd.,4155551450,5677 Strong St.,Desconocido,San Rafael,CA,97562,USA,Desconocido,Nelson,Valarie,Medium
10192,1.119867311590515,0.8101579745265014,5,1.092624750128852,2003-11-20,Shipped,4,11,2003,Classic Cars,0.1564043086824962,S24_3432,Online Diecast Creations Co.,6035558647,2304 Long Airport Avenue,Desconocido,Nashua,NH,62005,USA,Desconocido,Young,Valarie,Medium
10204,1.3252120825053932,0.36495782487845824,11,0.442603167007022,2003-12-02,Shipped,4,12,2003,Classic Cars,0.1564043086824962,S24_3432,Muscle Machine Inc,2125557413,4092 Furth Circle,Suite 400,NYC,NY,10022,USA,Desconocido,Young,Jeff,Medium
10212,1.119867311590515,0.20581612327821183,4,0.26356811725491097,2004-01-16,Shipped,1,1,2004,Classic Cars,0.1564043086824962,S24_3432,Euro Shopping Channel,(91) 555 94 44,"C/ Moralzarzal, 86",Desconocido,Madrid,Desconocido,28034,Spain,EMEA,Freyre,Diego,Medium
10226,1.3252120825053932,0.4180050587452079,2,0.4704928854033472,2004-02-26,Shipped,1,2,2004,Classic Cars,0.1564043086824962,S24_3432,Collectable Mini Designs Co.,7605558146,361 Furth Circle,Desconocido,San Diego,CA,91217,USA,Desconocido,Thompson,Valarie,Medium
10241,-0.8309080121008378,0.1522731208706521,9,-0.6582424642030712,2004-04-13,Shipped,2,4,2004,Classic Cars,0.1564043086824962,S24_3432,Mini Caravy,88.60.1555,"24, place Kluber",Desconocido,Strasbourg,Desconocido,67000,France,EMEA,Citeaux,Frederique,Small
10267,0.8118501552181958,0.8101579745265014,6,0.8455379186511275,2004-07-07,Shipped,3,7,2004,Classic Cars,0.1564043086824962,S24_3432,Muscle Machine Inc,2125557413,4092 Furth Circle,Suite 400,NYC,NY,10022,USA,Desconocido,Young,Jeff,Medium
10279,1.3252120825053932,0.8101579745265014,6,1.4195252655997983,2004-08-09,Shipped,3,8,2004,Classic Cars,0.1564043086824962,S24_3432,Euro Shopping Channel,(91) 555 94 44,"C/ Moralzarzal, 86",Desconocido,Madrid,Desconocido,28034,Spain,EMEA,Freyre,Diego,Medium
10288,0.6065053843033164,0.8101579745265014,12,0.7164502267279497,2004-09-01,Shipped,3,9,2004,Classic Cars,0.1564043086824962,S24_3432,Handji Gifts& Co,+65 224 1555,Village Close - 106 Linden Road Sandown,2nd Floor,Singapore,Desconocido,69045,Singapore,APAC,Victorino,Wendy,Medium
10301,-1.3442699393880353,0.6301939942122039,2,-0.7785603167161903,2003-10-05,Shipped,4,10,2003,Classic Cars,0.1564043086824962,S24_3432,"Norway Gifts By Mail, Co.",+47 2212 1555,"Drammensveien 126 A, PB 744 Sentrum",Desconocido,Oslo,Desconocido,N 0106,Norway,EMEA,Klaeboe,Jan,Small
10311,1.119867311590515,0.4180050587452079,7,0.3704787044408243,2004-10-16,Shipped,4,10,2004,Classic Cars,0.1564043086824962,S24_3432,Euro Shopping Channel,(91) 555 94 44,"C/ Moralzarzal, 86",Desconocido,Madrid,Desconocido,28034,Spain,EMEA,Freyre,Diego,Medium
10321,-1.4469423248454751,0.3119105910117094,4,-0.9041020611874993,2004-11-04,Shipped,4,11,2004,Classic Cars,0.1564043086824962,S24_3432,FunGiftIdeas.com,5085552555,1785 First Street,Desconocido,New Bedford,MA,50553,USA,Desconocido,Benitez,Violeta,Small
10332,-0.4202184702710794,-2.304259998846557,13,-1.3039687265983644,2004-11-17,Shipped,4,11,2004,Classic Cars,0.1564043086824962,S24_3432,"AV Stores, Co.",(171) 555-1555,Fauntleroy Circus,Desconocido,Manchester,Desconocido,EC2 5NT,UK,EMEA,Ashworth,Victoria,Small
10346,-0.9335803975582769,0.6059013357124771,6,-0.5761535091802423,2004-11-29,Shipped,4,11,2004,Classic Cars,0.1564043086824962,S24_3432,Signal Gift Stores,7025551838,8489 Strong St.,Desconocido,Las Vegas,NV,83030,USA,Desconocido,King,Sue,Small
10368,-1.5496147103029148,0.7893356958124503,4,-0.8483606360826942,2005-01-19,Shipped,1,1,2005,Classic Cars,0.1564043086824962,S24_3432,Mini Gifts Distributors Ltd.,4155551450,5677 Strong St.,Desconocido,San Rafael,CA,97562,USA,Desconocido,Nelson,Valarie,Small
10380,-0.11220131389876072,0.8101579745265014,11,0.21682460168723752,2005-02-16,Shipped,1,2,2005,Classic Cars,0.1564043086824962,S24_3432,Euro Shopping Channel,(91) 555 94 44,"C/ Moralzarzal, 86",Desconocido,Madrid,Desconocido,28034,Spain,EMEA,Freyre,Diego,Medium
10407,0.8118501552181958,0.1522731208706521,9,0.09530123564530565,2005-04-22,On Hold,2,4,2005,Classic Cars,0.1564043086824962,S24_3432,The Sharp Gifts Warehouse,4085553659,3086 Ingle Ln.,Desconocido,San Jose,CA,94217,USA,Desconocido,Frick,Sue,Medium
10420,-0.9335803975582769,0.8101579745265014,12,-0.5086664725311905,2005-05-29,In Process,2,5,2005,Classic Cars,0.1564043086824962,S24_3432,Souveniers And Things Co.,+61 2 9495 8555,"Monitor Money Building, 815 Pacific Hwy",Level 6,Chatswood,NSW,2067,Australia,APAC,Huxley,Adrian,Small
10105,1.5305568534202727,-0.19773946894172997,1,0.23328909276544207,2003-02-11,Shipped,1,2,2003,Vintage Cars,-0.4408959969291645,S24_3816,Danish Wholesale Imports,31 12 3555,Vinb'ltet 34,Desconocido,Kobenhavn,Desconocido,1734,Denmark,EMEA,Petersen,Jytte,Medium
10119,-0.009528928441320991,0.3426482405419752,10,-0.20848817361560185,2003-04-28,Shipped,2,4,2003,Vintage Cars,-0.4408959969291645,S24_3816,Salzburg Collectables,6562-9555,Geislweg 14,Desconocido,Salzburg,Desconocido,5020,Austria,EMEA,Pipps,Georg,Medium
10129,1.5305568534202727,-0.2810285837979344,1,0.18767506735089154,2003-06-12,Shipped,2,6,2003,Vintage Cars,-0.4408959969291645,S24_3816,"Stylish Desk Decors, Co.",(171) 555-0297,35 King George,Desconocido,London,Desconocido,WX3 6FW,UK,EMEA,Brown,Ann,Medium
10143,-1.2415975539305957,-0.15609491151362778,14,-0.9243134186390418,2003-08-10,Shipped,3,8,2003,Vintage Cars,-0.4408959969291645,S24_3816,Mini Creations Ltd.,5085559555,4575 Hillside Dr.,Desconocido,New Bedford,MA,50553,USA,Desconocido,Tam,Wing C,Small
10155,0.19581584247355846,-0.7797717358535361,12,-0.5650052241592814,2003-10-06,Shipped,4,10,2003,Vintage Cars,-0.4408959969291645,S24_3816,"Toys of Finland, Co.",90-224 8555,Keskuskatu 45,Desconocido,Helsinki,Desconocido,21240,Finland,EMEA,Karttunen,Matti,Small
10167,-0.6255632411859583,0.009987549657969297,8,-0.6092453985702747,2003-10-23,Cancelled,4,10,2003,Vintage Cars,-0.4408959969291645,S24_3816,Scandinavian Gift Ideas,0695-34 6555,?kergatan 24,Desconocido,Boras,Desconocido,S-844 67,Sweden,EMEA,Larsson,Maria,Small
10178,-1.4469423248454751,-0.5720447172538369,11,-1.1074265794728586,2003-11-08,Shipped,4,11,2003,Vintage Cars,-0.4408959969291645,S24_3816,Alpha Cognac,61.77.6555,1 rue Alsace-Lorraine,Desconocido,Toulouse,Desconocido,31000,France,EMEA,Roulet,Annette,Small
10186,0.09314345701611873,0.0932766645141737,8,-0.2576372859997799,2003-11-14,Shipped,4,11,2003,Vintage Cars,-0.4408959969291645,S24_3816,"Double Decker Gift Stores, Ltd",(171) 555-7555,120 Hanover Sq.,Desconocido,London,Desconocido,WA1 1DP,UK,EMEA,Hardy,Thomas,Medium
10197,-1.3442699393880353,0.1349212219422759,5,-0.8979061560686895,2003-11-26,Shipped,4,11,2003,Vintage Cars,-0.4408959969291645,S24_3816,Enaco Distributors,(93) 203 4555,"Rambla de Catalu¤a, 23",Desconocido,Barcelona,Desconocido,8022,Spain,EMEA,Saavedra,Eduardo,Small
10209,-1.3442699393880353,0.301003683113873,7,-0.8578852790085422,2004-01-09,Shipped,1,1,2004,Vintage Cars,-0.4408959969291645,S24_3816,"Men 'R' US Retailers, Ltd.",2155554369,6047 Douglas Av.,Desconocido,Los Angeles,CA,Desconocido,USA,Desconocido,Chandler,Michael,Small
10222,1.119867311590515,-0.15609491151362778,11,0.0812206204191235,2004-02-19,Shipped,1,2,2004,Vintage Cars,-0.4408959969291645,S24_3816,Collectable Mini Designs Co.,7605558146,361 Furth Circle,Desconocido,San Diego,CA,91217,USA,Desconocido,Thompson,Valarie,Medium
10248,-1.2415975539305957,-0.364317698654138,2,-0.9767695478657751,2004-05-07,Cancelled,2,5,2004,Vintage Cars,-0.4408959969291645,S24_3816,Land of Toys Inc.,2125557818,897 Long Airport Avenue,Desconocido,NYC,NY,10022,USA,Desconocido,Yu,Kwai,Small
10262,1.4278844679628335,0.17607001082956636,16,0.3906520502045213,2004-06-24,Cancelled,2,6,2004,Vintage Cars,-0.4408959969291645,S24_3816,Euro Shopping Channel,(91) 555 94 44,"C/ Moralzarzal, 86",Desconocido,Madrid,Desconocido,28034,Spain,EMEA,Freyre,Diego,Medium
10273,1.3252120825053932,-0.0316570077701329,3,0.23408190796907616,2004-07-21,Shipped,3,7,2004,Vintage Cars,-0.4408959969291645,S24_3816,Petit Auto,(02) 5554 67,Rue Joseph-Bens 532,Desconocido,Bruxelles,Desconocido,B-1180,Belgium,EMEA,Dewey,Catherine,Medium
10283,-0.21487369935619993,-0.5304001598257354,5,-0.6224191635292866,2004-08-20,Shipped,3,8,2004,Vintage Cars,-0.4408959969291645,S24_3816,"Royal Canadian Collectables, Ltd.",(604) 555-4555,23 Tsawassen Blvd.,Desconocido,Tsawassen,BC,T2F 8M4,Canada,Desconocido,Lincoln,Elizabeth,Small
10296,-1.3442699393880353,-0.32267314122603574,14,-1.0081726322672449,2004-09-15,Shipped,3,9,2004,Vintage Cars,-0.4408959969291645,S24_3816,"Bavarian Collectables Imports, Co.",+49 89 61 08 9555,Hansastr. 15,Desconocido,Munich,Desconocido,80686,Germany,EMEA,Donnermeyer,Michael,Small
10307,-1.3442699393880353,0.38429279797007737,8,-0.8378151078261398,2004-10-14,Shipped,4,10,2004,Vintage Cars,-0.4408959969291645,S24_3816,"Classic Gift Ideas, Inc",2155554695,782 First Street,Desconocido,Philadelphia,PA,71270,USA,Desconocido,Cervantes,Francisca,Small
10316,-1.0362527830157167,0.42593735539817956,16,-0.6774980992173565,2004-11-01,Shipped,4,11,2004,Vintage Cars,-0.4408959969291645,S24_3816,giftsbymail.co.uk,(198) 555-8888,Garden House Crowther Way,Desconocido,Cowes,Isle of Wight,PO31 7PJ,UK,EMEA,Bennett,Helen,Small
10326,-1.5496147103029148,0.42593735539817956,2,-0.9279679709133266,2004-11-09,Shipped,4,11,2004,Vintage Cars,-0.4408959969291645,S24_3816,"Volvo Model Replicas, Co",0921-12 3555,Berguvsvgen  8,Desconocido,Lule,Desconocido,S-958 22,Sweden,EMEA,Berglund,Christina,Small
10339,0.7091777697607561,-1.2046453753283395,16,-0.5760231833933437,2004-11-23,Shipped,4,11,2004,Vintage Cars,-0.4408959969291645,S24_3816,"Tokyo Collectables, Ltd",+81 3 3584 0555,2-2-8 Roppongi,Desconocido,Minato-ku,Tokyo,106-0032,Japan,Japan,Shimamura,Akiko,Small
10350,-1.0362527830157167,-1.1560600583288867,10,-1.1106955846275681,2004-12-02,Shipped,4,12,2004,Vintage Cars,-0.4408959969291645,S24_3816,Euro Shopping Channel,(91) 555 94 44,"C/ Moralzarzal, 86",Desconocido,Madrid,Desconocido,28034,Spain,EMEA,Freyre,Diego,Small
10373,-1.2415975539305957,0.8101579745265014,10,-0.6296848261488899,2005-01-31,Shipped,1,1,2005,Vintage Cars,-0.4408959969291645,S24_3816,"Oulu Toy Supplies, Inc.",981-443655,Torikatu 38,Desconocido,Oulu,Desconocido,90110,Finland,EMEA,Koskitalo,Pirkko,Small
10385,0.19581584247355846,0.0932766645141737,2,-0.21118700345262922,2005-02-28,Shipped,1,2,2005,Vintage Cars,-0.4408959969291645,S24_3816,Mini Gifts Distributors Ltd.,4155551450,5677 Strong St.,Desconocido,San Rafael,CA,97562,USA,Desconocido,Nelson,Valarie,Medium
10396,0.19581584247355846,0.3426482405419752,8,-0.11012478595379559,2005-03-23,Shipped,1,3,2005,Vintage Cars,-0.4408959969291645,S24_3816,Mini Gifts Distributors Ltd.,4155551450,5677 Strong St.,Desconocido,San Rafael,CA,97562,USA,Desconocido,Nelson,Valarie,Medium
10400,0.7091777697607561,-0.5304001598257354,8,-0.26584781057439894,2005-04-01,Shipped,2,4,2005,Vintage Cars,-0.4408959969291645,S24_3816,The Sharp Gifts Warehouse,4085553659,3086 Ingle Ln.,Desconocido,San Jose,CA,94217,USA,Desconocido,Frick,Sue,Medium
10414,1.633229238877712,-0.364317698654138,2,0.183499211929012,2005-05-06,On Hold,2,5,2005,Vintage Cars,-0.4408959969291645,S24_3816,Gifts4AllAges.com,6175559555,8616 Spinnaker Dr.,Desconocido,Boston,MA,51003,USA,Desconocido,Yoshido,Juri,Medium
10108,0.5038329988458771,0.8101579745265014,1,1.0289823241933125,2003-03-03,Shipped,1,3,2003,Classic Cars,0.9776922288985304,S24_3856,Cruz & Sons Co.,+63 2 555 3587,15 McCallum Street - NatWest Center #13-03,Desconocido,Makati City,Desconocido,1227 MM,Philippines,Japan,Cruz,Arnold,Medium
10122,0.8118501552181958,0.8101579745265014,5,1.0540537474479528,2003-05-08,Shipped,2,5,2003,Classic Cars,0.9776922288985304,S24_3856,Marseille Mini Autos,91.24.4555,"12, rue des Bouchers",Desconocido,Marseille,Desconocido,13008,France,EMEA,Lebihan,Laurence,Medium
10135,1.222539697047954,0.8101579745265014,2,1.5107913281167449,2003-07-02,Shipped,3,7,2003,Classic Cars,0.9776922288985304,S24_3856,Mini Gifts Distributors Ltd.,4155551450,5677 Strong St.,Desconocido,San Rafael,CA,97562,USA,Desconocido,Nelson,Valarie,Medium
10147,-1.2415975539305957,0.8101579745265014,2,-0.35129265460987,2003-09-05,Shipped,3,9,2003,Classic Cars,0.9776922288985304,S24_3856,Collectables For Less Inc.,6175558555,7825 Douglas Av.,Desconocido,Brickhaven,MA,58339,USA,Desconocido,Nelson,Allen,Small
10160,-0.009528928441320991,0.8101579745265014,3,0.6591286014569971,2003-10-11,Shipped,4,10,2003,Classic Cars,0.9776922288985304,S24_3856,"Men 'R' US Retailers, Ltd.",2155554369,6047 Douglas Av.,Desconocido,Los Angeles,CA,Desconocido,USA,Desconocido,Chandler,Michael,Medium
10170,-0.11220131389876072,0.8101579745265014,1,0.14426571983137737,2003-11-04,Shipped,4,11,2003,Classic Cars,0.9776922288985304,S24_3856,Mini Auto Werke,7675-3555,Kirchgasse 6,Desconocido,Graz,Desconocido,8010,Austria,EMEA,Mendel,Roland,Medium
10181,-1.0362527830157167,0.8101579745265014,9,0.1671759071199475,2003-11-12,Shipped,4,11,2003,Classic Cars,0.9776922288985304,S24_3856,Herkku Gifts,+47 2267 3215,"Drammen 121, PR 744 Sentrum",Desconocido,Bergen,Desconocido,N 5804,Norway,EMEA,Oeztan,Veysel,Medium
10192,1.0171949261330746,0.8101579745265014,14,1.5017119649628015,2003-11-20,Shipped,4,11,2003,Classic Cars,0.9776922288985304,S24_3856,Online Diecast Creations Co.,6035558647,2304 Long Airport Avenue,Desconocido,Nashua,NH,62005,USA,Desconocido,Young,Valarie,Medium
10203,1.222539697047954,0.8101579745265014,3,1.8693773005274426,2003-12-02,Shipped,4,12,2003,Classic Cars,0.9776922288985304,S24_3856,Euro Shopping Channel,(91) 555 94 44,"C/ Moralzarzal, 86",Desconocido,Madrid,Desconocido,28034,Spain,EMEA,Freyre,Diego,Medium
10212,1.4278844679628335,0.8101579745265014,13,1.8439909232877962,2004-01-16,Shipped,1,1,2004,Classic Cars,0.9776922288985304,S24_3856,Euro Shopping Channel,(91) 555 94 44,"C/ Moralzarzal, 86",Desconocido,Madrid,Desconocido,28034,Spain,EMEA,Freyre,Diego,Medium
10225,0.5038329988458771,0.8101579745265014,4,0.5409122522576204,2004-02-22,Shipped,1,2,2004,Classic Cars,0.9776922288985304,S24_3856,"Vida Sport, Ltd",0897-034555,Grenzacherweg 237,Desconocido,Gensve,Desconocido,1203,Switzerland,EMEA,Holz,Michael,Medium
10239,-0.6255632411859583,0.8101579745265014,3,0.5026996454906925,2004-04-12,Shipped,2,4,2004,Classic Cars,0.9776922288985304,S24_3856,"Oulu Toy Supplies, Inc.",981-443655,Torikatu 38,Desconocido,Oulu,Desconocido,90110,Finland,EMEA,Koskitalo,Pirkko,Medium
10253,0.4011606133884374,0.8101579745265014,8,0.8656406712802546,2004-06-01,Cancelled,2,6,2004,Classic Cars,0.9776922288985304,S24_3856,"UK Collectables, Ltd.",(171) 555-2282,Berkeley Gardens 12  Brewery,Desconocido,Liverpool,Desconocido,WX1 6LT,UK,EMEA,Devon,Elizabeth,Medium
10266,-1.1389251684731565,0.8101579745265014,9,-0.33765731915559166,2004-07-06,Shipped,3,7,2004,Classic Cars,0.9776922288985304,S24_3856,L'ordine Souveniers,0522-556555,Strada Provinciale 124,Desconocido,Reggio Emilia,Desconocido,42100,Italy,EMEA,Moroni,Maurizio,Small
10278,-1.0362527830157167,0.8101579745265014,9,-0.21402701955879705,2004-08-06,Shipped,3,8,2004,Classic Cars,0.9776922288985304,S24_3856,Signal Gift Stores,7025551838,8489 Strong St.,Desconocido,Las Vegas,NV,83030,USA,Desconocido,King,Sue,Medium
10287,0.09314345701611873,0.8101579745265014,7,0.4037009196177549,2004-08-30,Shipped,3,8,2004,Classic Cars,0.9776922288985304,S24_3856,"Vida Sport, Ltd",0897-034555,Grenzacherweg 237,Desconocido,Gensve,Desconocido,1203,Switzerland,EMEA,Holz,Michael,Medium
10301,1.5305568534202727,0.8101579745265014,11,2.2641992719371027,2003-10-05,Shipped,4,10,2003,Classic Cars,0.9776922288985304,S24_3856,"Norway Gifts By Mail, Co.",+47 2212 1555,"Drammensveien 126 A, PB 744 Sentrum",Desconocido,Oslo,Desconocido,N 0106,Norway,EMEA,Klaeboe,Jan,Large
10310,1.0171949261330746,0.8101579745265014,5,1.0555090520683215,2004-10-16,Shipped,4,10,2004,Classic Cars,0.9776922288985304,S24_3856,"Toms Spezialitten, Ltd",0221-5554327,Mehrheimerstr. 369,Desconocido,Koln,Desconocido,50739,Germany,EMEA,Pfalzheim,Henriette,Medium
10321,-0.9335803975582769,0.8101579745265014,13,0.27096410566141266,2004-11-04,Shipped,4,11,2004,Classic Cars,0.9776922288985304,S24_3856,FunGiftIdeas.com,5085552555,1785 First Street,Desconocido,New Bedford,MA,50553,USA,Desconocido,Benitez,Violeta,Medium
10331,-1.4469423248454751,0.8101579745265014,1,-0.22696185390849477,2004-11-17,Shipped,4,11,2004,Classic Cars,0.9776922288985304,S24_3856,Motor Mint Distributors Inc.,2155559857,11328 Douglas Av.,Desconocido,Philadelphia,PA,71270,USA,Desconocido,Hernandez,Rosa,Medium
10342,0.7091777697607561,0.8101579745265014,6,0.7926256491702488,2004-11-24,Shipped,4,11,2004,Classic Cars,0.9776922288985304,S24_3856,"Australian Collectors, Co.",03 9520 4555,636 St Kilda Road,Level 3,Melbourne,Victoria,3004,Australia,APAC,Ferguson,Peter,Medium
10355,-0.31754608481363966,0.8101579745265014,8,0.9496573619009605,2004-12-07,Shipped,4,12,2004,Classic Cars,0.9776922288985304,S24_3856,Euro Shopping Channel,(91) 555 94 44,"C/ Moralzarzal, 86",Desconocido,Madrid,Desconocido,28034,Spain,EMEA,Freyre,Diego,Medium
10363,-0.4202184702710794,0.5414514254070809,1,-0.33771162156679957,2005-01-06,Shipped,1,1,2005,Classic Cars,0.9776922288985304,S24_3856,Suominen Souveniers,+358 9 8045 555,"Software Engineering Center, SEC Oy",Desconocido,Espoo,Desconocido,FIN-02271,Finland,EMEA,Suominen,Kalle,Small
10378,-0.21487369935619993,-1.506568416682079,3,-0.9752599408341982,2005-02-10,Shipped,1,2,2005,Classic Cars,0.9776922288985304,S24_3856,Euro Shopping Channel,(91) 555 94 44,"C/ Moralzarzal, 86",Desconocido,Madrid,Desconocido,28034,Spain,EMEA,Freyre,Diego,Small
10390,1.0171949261330746,0.8101579745265014,8,1.7426517634918028,2005-03-04,Shipped,1,3,2005,Classic Cars,0.9776922288985304,S24_3856,Mini Gifts Distributors Ltd.,4155551450,5677 Strong St.,Desconocido,San Rafael,CA,97562,USA,Desconocido,Nelson,Valarie,Medium
10405,4.200038875313702,0.8101579745265014,3,4.445092710864703,2005-04-14,Shipped,2,4,2005,Classic Cars,0.9776922288985304,S24_3856,Mini Caravy,88.60.1555,"24, place Kluber",Desconocido,Strasbourg,Desconocido,67000,France,EMEA,Citeaux,Frederique,Large
10419,3.584004562569064,0.8101579745265014,8,3.0876953379033654,2005-05-17,Shipped,2,5,2005,Classic Cars,0.9776922288985304,S24_3856,Salzburg Collectables,6562-9555,Geislweg 14,Desconocido,Salzburg,Desconocido,5020,Austria,EMEA,Pipps,Georg,Large
10106,1.5305568534202727,-0.9334599835048655,11,-0.16963479839642193,2003-02-17,Shipped,1,2,2003,Planes,-0.8142086879364526,S24_3949,Rovelli Gifts,035-640555,Via Ludovico il Moro 22,Desconocido,Bergamo,Desconocido,24100,Italy,EMEA,Rovelli,Giovanni,Medium
10119,-0.728235626643398,-0.662770360222202,2,-0.8611108422342854,2003-04-28,Shipped,2,4,2003,Planes,-0.8142086879364526,S24_3949,Salzburg Collectables,6562-9555,Geislweg 14,Desconocido,Salzburg,Desconocido,5020,Austria,EMEA,Pipps,Georg,Small
10131,1.5305568534202727,-0.08767885288174569,3,0.29356476920609853,2003-06-16,Shipped,2,6,2003,Planes,-0.8142086879364526,S24_3949,Gift Ideas Corp.,2035554407,2440 Pompton St.,Desconocido,Glendale,CT,97561,USA,Desconocido,Lewis,Dan,Medium
10143,-0.728235626643398,-0.8660354619546052,6,-0.923450010300838,2003-08-10,Shipped,3,8,2003,Planes,-0.8142086879364526,S24_3949,Mini Creations Ltd.,5085559555,4575 Hillside Dr.,Desconocido,New Bedford,MA,50553,USA,Desconocido,Tam,Wing C,Small
10155,0.9145225406756355,-0.3246562153892787,4,-0.08745352927453968,2003-10-06,Shipped,4,10,2003,Planes,-0.8142086879364526,S24_3949,"Toys of Finland, Co.",90-224 8555,Keskuskatu 45,Desconocido,Helsinki,Desconocido,21240,Finland,EMEA,Karttunen,Matti,Medium
10168,-0.8309080121008378,-0.5274255485808711,18,-0.8592536997709785,2003-10-28,Shipped,4,10,2003,Planes,-0.8142086879364526,S24_3949,Technics Stores Inc.,6505556809,9408 Furth Circle,Desconocido,Burlingame,CA,94217,USA,Desconocido,Hirano,Juri,Small
10178,-0.5228908557285186,-0.5616335778968117,3,-0.7515394368991895,2003-11-08,Shipped,4,11,2003,Planes,-0.8142086879364526,S24_3949,Alpha Cognac,61.77.6555,1 rue Alsace-Lorraine,Desconocido,Toulouse,Desconocido,31000,France,EMEA,Roulet,Annette,Small
10198,0.8118501552181958,-0.8660354619546052,3,-0.3843085206242112,2003-11-27,Shipped,4,11,2003,Planes,-0.8142086879364526,S24_3949,Cruz & Sons Co.,+63 2 555 3587,15 McCallum Street - NatWest Center #13-03,Desconocido,Makati City,Desconocido,1227 MM,Philippines,Japan,Cruz,Arnold,Small
10210,-0.6255632411859583,-0.6969783895381434,16,-0.833807589879004,2004-01-12,Shipped,1,1,2004,Planes,-0.8142086879364526,S24_3949,Osaka Souveniers Co.,+81 06 6342 5555,"Dojima Avanza 4F, 1-6-20 Dojima, Kita-ku",Desconocido,Osaka,Osaka,530-0003,Japan,Japan,Kentary,Mory,Small
10222,1.3252120825053932,-1.3394944184288604,3,-0.4535169437085504,2004-02-19,Shipped,1,2,2004,Planes,-0.8142086879364526,S24_3949,Collectable Mini Designs Co.,7605558146,361 Furth Circle,Desconocido,San Diego,CA,91217,USA,Desconocido,Thompson,Valarie,Small
10235,-0.21487369935619993,-1.1704373460123985,12,-0.8537637259978701,2004-04-02,Shipped,2,4,2004,Planes,-0.8142086879364526,S24_3949,"Royal Canadian Collectables, Ltd.",(604) 555-4555,23 Tsawassen Blvd.,Desconocido,Tsawassen,BC,T2F 8M4,Canada,Desconocido,Lincoln,Elizabeth,Small
10250,0.5038329988458771,-0.42628876625548034,13,-0.2994718635942679,2004-05-11,Shipped,2,5,2004,Planes,-0.8142086879364526,S24_3949,The Sharp Gifts Warehouse,4085553659,3086 Ingle Ln.,Desconocido,San Jose,CA,94217,USA,Desconocido,Frick,Sue,Medium
10262,1.3252120825053932,-1.1025170559213273,8,-0.3289254914333779,2004-06-24,Cancelled,2,6,2004,Planes,-0.8142086879364526,S24_3949,Euro Shopping Channel,(91) 555 94 44,"C/ Moralzarzal, 86",Desconocido,Madrid,Desconocido,28034,Spain,EMEA,Freyre,Diego,Small
10275,0.6065053843033164,-0.08767885288174569,18,-0.10664943163649666,2004-07-23,Shipped,3,7,2004,Planes,-0.8142086879364526,S24_3949,La Rochelle Gifts,40.67.8555,"67, rue des Cinquante Otages",Desconocido,Nantes,Desconocido,44000,France,EMEA,Labrune,Janine,Medium
10284,-1.4469423248454751,-1.3732066792039905,10,-1.2917072421476434,2004-08-21,Shipped,3,8,2004,Planes,-0.8142086879364526,S24_3949,"Norway Gifts By Mail, Co.",+47 2212 1555,"Drammensveien 126 A, PB 744 Sentrum",Desconocido,Oslo,Desconocido,N 0106,Norway,EMEA,Klaeboe,Jan,Small
10296,-0.31754608481363966,-0.5953458386719418,6,-0.6848017735248052,2004-09-15,Shipped,3,9,2004,Planes,-0.8142086879364526,S24_3949,"Bavarian Collectables Imports, Co.",+49 89 61 08 9555,Hansastr. 15,Desconocido,Munich,Desconocido,80686,Germany,EMEA,Donnermeyer,Michael,Small
10308,0.8118501552181958,-0.35836847616440837,16,-0.14520414359403352,2004-10-15,Shipped,4,10,2004,Planes,-0.8142086879364526,S24_3949,Mini Classics,9145554562,3758 North Pendale Street,Desconocido,White Plains,NY,24067,USA,Desconocido,Frick,Steve,Medium
10316,-0.5228908557285186,-0.2909439546141482,8,-0.6625920873408159,2004-11-01,Shipped,4,11,2004,Planes,-0.8142086879364526,S24_3949,giftsbymail.co.uk,(198) 555-8888,Garden House Crowther Way,Desconocido,Cowes,Isle of Wight,PO31 7PJ,UK,EMEA,Bennett,Helen,Small
10328,-0.009528928441320991,-0.35836847616440837,3,-0.4772308066829959,2004-11-12,Shipped,4,11,2004,Planes,-0.8142086879364526,S24_3949,Rovelli Gifts,035-640555,Via Ludovico il Moro 22,Desconocido,Bergamo,Desconocido,24100,Italy,EMEA,Rovelli,Giovanni,Small
10339,1.0171949261330746,0.6574612639567939,11,0.4384979047197123,2004-11-23,Shipped,4,11,2004,Planes,-0.8142086879364526,S24_3949,"Tokyo Collectables, Ltd",+81 3 3584 0555,2-2-8 Roppongi,Desconocido,Minato-ku,Tokyo,106-0032,Japan,Japan,Shimamura,Akiko,Medium
10351,-0.11220131389876072,-1.2041496067875286,3,-0.8337098455388303,2004-12-03,Shipped,4,12,2004,Planes,-0.8142086879364526,S24_3949,"Stylish Desk Decors, Co.",(171) 555-0297,35 King George,Desconocido,London,Desconocido,WX3 6FW,UK,EMEA,Brown,Ann,Small
10361,-0.9335803975582769,0.8101579745265014,7,0.08530416174194996,2004-12-17,Shipped,4,12,2004,Planes,-0.8142086879364526,S24_3949,Souveniers And Things Co.,+61 2 9495 8555,"Monitor Money Building, 815 Pacific Hwy",Level 6,Chatswood,NSW,2067,Australia,APAC,Huxley,Adrian,Medium
10373,0.4011606133884374,-0.5284170856624921,13,-0.38385781061118673,2005-01-31,Shipped,1,1,2005,Planes,-0.8142086879364526,S24_3949,"Oulu Toy Supplies, Inc.",981-443655,Torikatu 38,Desconocido,Oulu,Desconocido,90110,Finland,EMEA,Koskitalo,Pirkko,Small
10386,0.6065053843033164,-0.5125524923565488,12,-0.29745181389733794,2005-03-01,Resolved,1,3,2005,Planes,-0.8142086879364526,S24_3949,Euro Shopping Channel,(91) 555 94 44,"C/ Moralzarzal, 86",Desconocido,Madrid,Desconocido,28034,Spain,EMEA,Freyre,Diego,Medium
10398,0.6065053843033164,-0.7644029110884041,2,-0.41055287596094026,2005-03-30,Shipped,1,3,2005,Planes,-0.8142086879364526,S24_3949,Reims Collectables,26.47.1555,59 rue de l'Abbaye,Desconocido,Reims,Desconocido,51100,France,EMEA,Henriot,Paul,Small
10401,2.9679702498244267,-1.1704373460123985,12,0.1571028098409011,2005-04-03,On Hold,2,4,2005,Planes,-0.8142086879364526,S24_3949,Tekni Collectables Inc.,2015559350,7476 Moss Rd.,Desconocido,Newark,NJ,94019,USA,Desconocido,Brown,William,Medium
10416,-1.7549594812177938,-0.42628876625548034,13,-1.1961784403508844,2005-05-10,Shipped,2,5,2005,Planes,-0.8142086879364526,S24_3949,L'ordine Souveniers,0522-556555,Strada Provinciale 124,Desconocido,Reggio Emilia,Desconocido,42100,Italy,EMEA,Moroni,Maurizio,Small
10100,1.4278844679628335,-2.438613273406267,1,-1.0126634416741296,2003-01-06,Shipped,1,1,2003,Vintage Cars,-1.4861715317495712,S24_3969,Online Diecast Creations Co.,6035558647,2304 Long Airport Avenue,Desconocido,Nashua,NH,62005,USA,Desconocido,Young,Valarie,Small
10110,1.3252120825053932,-2.438613273406267,5,-1.031381482817458,2003-03-18,Shipped,1,3,2003,Vintage Cars,-1.4861715317495712,S24_3969,"AV Stores, Co.",(171) 555-1555,Fauntleroy Circus,Desconocido,Manchester,Desconocido,EC2 5NT,UK,EMEA,Ashworth,Victoria,Small
10124,1.119867311590515,-2.5000885724667987,4,-1.0997916604570424,2003-05-21,Shipped,2,5,2003,Vintage Cars,-1.4861715317495712,S24_3969,Signal Gift Stores,7025551838,8489 Strong St.,Desconocido,Las Vegas,NV,83030,USA,Desconocido,King,Sue,Small
10149,-0.9335803975582769,-2.215021661500624,9,-1.3795033805884118,2003-09-12,Shipped,3,9,2003,Vintage Cars,-1.4861715317495712,S24_3969,Signal Collectibles Ltd.,4155554312,2793 Furth Circle,Desconocido,Brisbane,CA,94217,USA,Desconocido,Taylor,Sue,Small
10162,0.19581584247355846,-2.215021661500624,7,-1.1466655018116139,2003-10-18,Shipped,4,10,2003,Vintage Cars,-1.4861715317495712,S24_3969,Corporate Gift Ideas Co.,6505551386,7734 Strong St.,Desconocido,San Francisco,CA,Desconocido,USA,Desconocido,Brown,Julie,Small
10173,-0.009528928441320991,-2.5000885724667987,11,-1.2982832641449078,2003-11-05,Shipped,4,11,2003,Vintage Cars,-1.4861715317495712,S24_3969,Rovelli Gifts,035-640555,Via Ludovico il Moro 22,Desconocido,Bergamo,Desconocido,24100,Italy,EMEA,Rovelli,Giovanni,Small
10182,-1.2415975539305957,-2.0524095801147024,8,-1.402038881239648,2003-11-12,Shipped,4,11,2003,Vintage Cars,-1.4861715317495712,S24_3969,Mini Gifts Distributors Ltd.,4155551450,5677 Strong St.,Desconocido,San Rafael,CA,97562,USA,Desconocido,Nelson,Valarie,Small
10193,-1.3442699393880353,-2.1133891106344227,12,-1.439681312688894,2003-11-21,Shipped,4,11,2003,Vintage Cars,-1.4861715317495712,S24_3969,"Australian Collectables, Ltd",61-9-3844-6555,7 Allen Street,Desconocido,Glen Waverly,Victoria,3150,Australia,APAC,Connery,Sean,Small
10204,0.4011606133884374,-2.5000885724667987,2,-1.2261044991675023,2003-12-02,Shipped,4,12,2003,Vintage Cars,-1.4861715317495712,S24_3969,Muscle Machine Inc,2125557413,4092 Furth Circle,Suite 400,NYC,NY,10022,USA,Desconocido,Young,Jeff,Small
10214,0.9145225406756355,-2.4182867632330267,5,-1.0964574924088835,2004-01-26,Shipped,1,1,2004,Vintage Cars,-1.4861715317495712,S24_3969,"Corrida Auto Replicas, Ltd",(91) 555 22 82,"C/ Araquil, 67",Desconocido,Madrid,Desconocido,28023,Spain,EMEA,Sommer,Mart¡n,Small
10227,-0.8309080121008378,-1.971103539421741,8,-1.2862009776511727,2004-03-02,Shipped,1,3,2004,Vintage Cars,-1.4861715317495712,S24_3969,"Saveley & Henriot, Co.",78.32.5555,"2, rue du Commerce",Desconocido,Lyon,Desconocido,69004,France,EMEA,Saveley,Mary,Small
10242,1.119867311590515,-2.3166542123668257,1,-1.0073689565813695,2004-04-20,Shipped,2,4,2004,Vintage Cars,-1.4861715317495712,S24_3969,Microscale Inc.,2125551957,5290 North Pendale Street,Suite 200,NYC,NY,10022,USA,Desconocido,Kuo,Kee,Small
10280,-0.21487369935619993,-2.0727360902879424,14,-1.1799040077119074,2004-08-17,Shipped,3,8,2004,Vintage Cars,-1.4861715317495712,S24_3969,Amica Models & Co.,011-4988555,Via Monte Bianco 34,Desconocido,Torino,Desconocido,10100,Italy,EMEA,Accorti,Paolo,Small
10288,-0.21487369935619993,-2.1337156208076635,3,-1.2019453564211526,2004-09-01,Shipped,3,9,2004,Vintage Cars,-1.4861715317495712,S24_3969,Handji Gifts& Co,+65 224 1555,Village Close - 106 Linden Road Sandown,2nd Floor,Singapore,Desconocido,69045,Singapore,APAC,Victorino,Wendy,Small
10303,-1.1389251684731565,-2.1540421309809035,1,-1.4058074685774695,2004-10-06,Shipped,4,10,2004,Vintage Cars,-1.4861715317495712,S24_3969,"Iberia Gift Imports, Corp.",(95) 555 82 82,"C/ Romero, 33",Desconocido,Sevilla,Desconocido,41101,Spain,EMEA,Roel,Jose Pedro,Small
10312,-0.4202184702710794,-2.3979602530597868,15,-1.3357845093250134,2004-10-21,Shipped,4,10,2004,Vintage Cars,-1.4861715317495712,S24_3969,Mini Gifts Distributors Ltd.,4155551450,5677 Strong St.,Desconocido,San Rafael,CA,97562,USA,Desconocido,Nelson,Valarie,Small
10332,0.6065053843033164,-0.3182112243587398,14,-0.21017697860416412,2004-11-17,Shipped,4,11,2004,Vintage Cars,-1.4861715317495712,S24_3969,"AV Stores, Co.",(171) 555-1555,Fauntleroy Circus,Desconocido,Manchester,Desconocido,EC2 5NT,UK,EMEA,Ashworth,Victoria,Medium
10346,-1.3442699393880353,0.6832412280789519,4,-0.7657775291178744,2004-11-29,Shipped,4,11,2004,Vintage Cars,-1.4861715317495712,S24_3969,Signal Gift Stores,7025551838,8489 Strong St.,Desconocido,Las Vegas,NV,83030,USA,Desconocido,King,Sue,Small
10368,1.119867311590515,-2.2963277021935853,3,-0.9971275218275786,2005-01-19,Shipped,1,1,2005,Vintage Cars,-1.4861715317495712,S24_3969,Mini Gifts Distributors Ltd.,4155551450,5677 Strong St.,Desconocido,San Rafael,CA,97562,USA,Desconocido,Nelson,Valarie,Small
10380,0.8118501552181958,0.5637610097435648,12,0.28910654124593804,2005-02-16,Shipped,1,2,2005,Vintage Cars,-1.4861715317495712,S24_3969,Euro Shopping Channel,(91) 555 94 44,"C/ Moralzarzal, 86",Desconocido,Madrid,Desconocido,28034,Spain,EMEA,Freyre,Diego,Medium
10408,-2.062976637590112,-2.3166542123668257,1,-1.6290392508116078,2005-04-22,Shipped,2,4,2005,Vintage Cars,-1.4861715317495712,S24_3969,"Tokyo Collectables, Ltd",+81 3 3584 0555,2-2-8 Roppongi,Desconocido,Minato-ku,Tokyo,106-0032,Japan,Japan,Shimamura,Akiko,Small
10420,-2.062976637590112,-1.991430049594981,3,-1.5756056781831342,2005-05-29,In Process,2,5,2005,Vintage Cars,-1.4861715317495712,S24_3969,Souveniers And Things Co.,+61 2 9495 8555,"Monitor Money Building, 815 Pacific Hwy",Level 6,Chatswood,NSW,2067,Australia,APAC,Huxley,Adrian,Small
10104,-0.9335803975582769,0.8101579745265014,5,-0.34333735136792753,2003-01-31,Shipped,1,1,2003,Classic Cars,0.4301669487545078,S24_4048,Euro Shopping Channel,(91) 555 94 44,"C/ Moralzarzal, 86",Desconocido,Madrid,Desconocido,28034,Spain,EMEA,Freyre,Diego,Small
10115,0.9145225406756355,0.8101579745265014,1,1.0940583337847383,2003-04-04,Shipped,2,4,2003,Classic Cars,0.4301669487545078,S24_4048,Classic Legends Inc.,2125558493,5905 Pompton St.,Suite 750,NYC,NY,10022,USA,Desconocido,Hernandez,Maria,Medium
10127,-1.5496147103029148,0.6609316437424688,7,-0.8764892850883337,2003-06-03,Shipped,2,6,2003,Classic Cars,0.4301669487545078,S24_4048,Muscle Machine Inc,2125557413,4092 Furth Circle,Suite 400,NYC,NY,10022,USA,Desconocido,Young,Jeff,Small
10141,0.5038329988458771,0.5434344995703246,1,0.1253902016955471,2003-08-01,Shipped,3,8,2003,Classic Cars,0.4301669487545078,S24_4048,Suominen Souveniers,+358 9 8045 555,"Software Engineering Center, SEC Oy",Desconocido,Espoo,Desconocido,FIN-02271,Finland,EMEA,Suominen,Kalle,Medium
10152,-1.2415975539305957,0.8101579745265014,3,-0.40824502348460884,2003-09-25,Shipped,3,9,2003,Classic Cars,0.4301669487545078,S24_4048,"Australian Gift Network, Co",61-7-3844-6555,31 Duncan St. West End,Desconocido,South Brisbane,Queensland,4101,Australia,APAC,Calaghan,Tony,Small
10165,-1.1389251684731565,0.7784287879146139,8,-0.6349304390715633,2003-10-22,Shipped,4,10,2003,Classic Cars,0.4301669487545078,S24_4048,"Dragon Souveniers, Ltd.",+65 221 7555,"Bronz Sok., Bronz Apt. 3/6 Tesvikiye",Desconocido,Singapore,Desconocido,79903,Singapore,Japan,Natividad,Eric,Small
10176,-0.6255632411859583,0.8101579745265014,7,-0.34657377507591225,2003-11-06,Shipped,4,11,2003,Classic Cars,0.4301669487545078,S24_4048,L'ordine Souveniers,0522-556555,Strada Provinciale 124,Desconocido,Reggio Emilia,Desconocido,42100,Italy,EMEA,Moroni,Maurizio,Small
10184,1.4278844679628335,0.8101579745265014,2,1.2173682491554068,2003-11-14,Shipped,4,11,2003,Classic Cars,0.4301669487545078,S24_4048,"Iberia Gift Imports, Corp.",(95) 555 82 82,"C/ Romero, 33",Desconocido,Sevilla,Desconocido,41101,Spain,EMEA,Roel,Jose Pedro,Medium
10195,-0.11220131389876072,0.8101579745265014,2,0.07927659409788444,2003-11-25,Shipped,4,11,2003,Classic Cars,0.4301669487545078,S24_4048,Mini Classics,9145554562,3758 North Pendale Street,Desconocido,White Plains,NY,24067,USA,Desconocido,Frick,Steve,Medium
10207,-0.728235626643398,0.8101579745265014,3,-0.31130978923756797,2003-12-09,Shipped,4,12,2003,Classic Cars,0.4301669487545078,S24_4048,Diecast Collectables,6175552555,6251 Ingle Ln.,Desconocido,Boston,MA,51003,USA,Desconocido,Franco,Valarie,Small
10220,0.19581584247355846,0.8101579745265014,7,0.803051712122146,2004-02-12,Shipped,1,2,2004,Classic Cars,0.4301669487545078,S24_4048,"Clover Collections, Co.",+353 1862 1555,25 Maiden Lane,Floor No. 4,Dublin,Desconocido,2,Ireland,EMEA,Cassidy,Dean,Medium
10230,1.0171949261330746,0.8101579745265014,5,0.6425392148330149,2004-03-15,Shipped,1,3,2004,Classic Cars,0.4301669487545078,S24_4048,"Blauer See Auto, Co.",+49 69 66 90 2555,Lyonerstr. 34,Desconocido,Frankfurt,Desconocido,60528,Germany,EMEA,Keitel,Roland,Medium
10246,1.119867311590515,0.8101579745265014,1,1.4972863184493657,2004-05-05,Shipped,2,5,2004,Classic Cars,0.4301669487545078,S24_4048,Euro Shopping Channel,(91) 555 94 44,"C/ Moralzarzal, 86",Desconocido,Madrid,Desconocido,28034,Spain,EMEA,Freyre,Diego,Medium
10271,-1.3442699393880353,0.8101579745265014,1,-0.262470200597274,2004-07-20,Shipped,3,7,2004,Classic Cars,0.4301669487545078,S24_4048,Mini Gifts Distributors Ltd.,4155551450,5677 Strong St.,Desconocido,San Rafael,CA,97562,USA,Desconocido,Nelson,Valarie,Medium
10282,0.4011606133884374,0.8101579745265014,10,0.6752509873445928,2004-08-20,Shipped,3,8,2004,Classic Cars,0.4301669487545078,S24_4048,Mini Gifts Distributors Ltd.,4155551450,5677 Strong St.,Desconocido,San Rafael,CA,97562,USA,Desconocido,Nelson,Valarie,Medium
10292,-0.8309080121008378,0.8101579745265014,4,0.15122728894821746,2004-09-08,Shipped,3,9,2004,Classic Cars,0.4301669487545078,S24_4048,Land of Toys Inc.,2125557818,897 Long Airport Avenue,Desconocido,NYC,NY,10022,USA,Desconocido,Yu,Kwai,Medium
10305,0.09314345701611873,0.8101579745265014,1,0.5905880980305142,2004-10-13,Shipped,4,10,2004,Classic Cars,0.4301669487545078,S24_4048,Marta's Replicas Co.,6175558555,39323 Spinnaker Dr.,Desconocido,Cambridge,MA,51247,USA,Desconocido,Hernandez,Marta,Medium
10314,0.29848822793099766,0.8101579745265014,10,0.24239017688386957,2004-10-22,Shipped,4,10,2004,Classic Cars,0.4301669487545078,S24_4048,Heintze Collectables,86 21 3555,Smagsloget 45,Desconocido,Aaarhus,Desconocido,8200,Denmark,EMEA,Ibsen,Palle,Medium
10325,0.9145225406756355,0.8101579745265014,5,0.9621686374432372,2004-11-05,Shipped,4,11,2004,Classic Cars,0.4301669487545078,S24_4048,Baane Mini Imports,07-98 9555,Erling Skakkes gate 78,Desconocido,Stavern,Desconocido,4110,Norway,EMEA,Bergulfsen,Jonas,Medium
10336,-0.4202184702710794,0.8101579745265014,5,0.5782125785162565,2004-11-20,Shipped,4,11,2004,Classic Cars,0.4301669487545078,S24_4048,"La Corne D'abondance, Co.",(1) 42.34.2555,"265, boulevard Charonne",Desconocido,Paris,Desconocido,75012,France,EMEA,Bertrand,Marie,Medium
10349,-1.2415975539305957,0.8101579745265014,2,-0.20141799967634635,2004-12-01,Shipped,4,12,2004,Classic Cars,0.4301669487545078,S24_4048,Muscle Machine Inc,2125557413,4092 Furth Circle,Suite 400,NYC,NY,10022,USA,Desconocido,Young,Jeff,Medium
10359,-1.3442699393880353,0.8101579745265014,7,-0.5163339729937316,2004-12-15,Shipped,4,12,2004,Classic Cars,0.4301669487545078,S24_4048,Reims Collectables,26.47.1555,59 rue de l'Abbaye,Desconocido,Reims,Desconocido,51100,France,EMEA,Henriot,Paul,Small
10371,-0.728235626643398,-1.6528201362212467,9,-1.164748204743811,2005-01-23,Shipped,1,1,2005,Classic Cars,0.4301669487545078,S24_4048,Mini Gifts Distributors Ltd.,4155551450,5677 Strong St.,Desconocido,San Rafael,CA,97562,USA,Desconocido,Nelson,Valarie,Small
10383,-1.4469423248454751,0.5082349331727612,4,-0.8589441760270943,2005-02-22,Shipped,1,2,2005,Classic Cars,0.4301669487545078,S24_4048,Euro Shopping Channel,(91) 555 94 44,"C/ Moralzarzal, 86",Desconocido,Madrid,Desconocido,28034,Spain,EMEA,Freyre,Diego,Small
10394,0.19581584247355846,0.8101579745265014,7,0.8980863619769143,2005-03-15,Shipped,1,3,2005,Classic Cars,0.4301669487545078,S24_4048,Euro Shopping Channel,(91) 555 94 44,"C/ Moralzarzal, 86",Desconocido,Madrid,Desconocido,28034,Spain,EMEA,Freyre,Diego,Medium
10412,-0.4202184702710794,0.8101579745265014,1,0.3797426957928743,2005-05-03,Shipped,2,5,2005,Classic Cars,0.4301669487545078,S24_4048,Euro Shopping Channel,(91) 555 94 44,"C/ Moralzarzal, 86",Desconocido,Madrid,Desconocido,28034,Spain,EMEA,Freyre,Diego,Medium
10103,-1.0362527830157167,0.8101579745265014,15,-0.36973918369715897,2003-01-29,Shipped,1,1,2003,Vintage Cars,-0.09247081865569574,S24_4258,Baane Mini Imports,07-98 9555,Erling Skakkes gate 78,Desconocido,Stavern,Desconocido,4110,Norway,EMEA,Bergulfsen,Jonas,Small
10111,-0.9335803975582769,0.14979427816659824,3,-0.7060448767892962,2003-03-25,Shipped,1,3,2003,Vintage Cars,-0.09247081865569574,S24_4258,Mini Wheels Co.,6505555787,5557 North Pendale Street,Desconocido,San Francisco,CA,Desconocido,USA,Desconocido,Murphy,Julie,Small
10126,-0.11220131389876072,0.8101579745265014,15,0.012071929987112942,2003-05-28,Shipped,2,5,2003,Vintage Cars,-0.09247081865569574,S24_4258,"Corrida Auto Replicas, Ltd",(91) 555 22 82,"C/ Araquil, 67",Desconocido,Madrid,Desconocido,28023,Spain,EMEA,Sommer,Mart¡n,Medium
10139,-0.6255632411859583,0.8101579745265014,4,-0.1508298733951613,2003-07-16,Shipped,3,7,2003,Vintage Cars,-0.09247081865569574,S24_4258,Souveniers And Things Co.,+61 2 9495 8555,"Monitor Money Building, 815 Pacific Hwy",Level 6,Chatswood,NSW,2067,Australia,APAC,Huxley,Adrian,Medium
10149,-1.5496147103029148,0.3426482405419752,1,-0.9462135810791469,2003-09-12,Shipped,3,9,2003,Vintage Cars,-0.09247081865569574,S24_4258,Signal Collectibles Ltd.,4155554312,2793 Furth Circle,Desconocido,Brisbane,CA,94217,USA,Desconocido,Taylor,Sue,Small
10163,0.7091777697607561,0.3912335575414272,5,0.15813455565384923,2003-10-20,Shipped,4,10,2003,Vintage Cars,-0.09247081865569574,S24_4258,Classic Legends Inc.,2125558493,5905 Pompton St.,Suite 750,NYC,NY,10022,USA,Desconocido,Hernandez,Maria,Medium
10173,-1.3442699393880353,0.8101579745265014,3,-0.5336564421690194,2003-11-05,Shipped,4,11,2003,Vintage Cars,-0.09247081865569574,S24_4258,Rovelli Gifts,035-640555,Via Ludovico il Moro 22,Desconocido,Bergamo,Desconocido,24100,Italy,EMEA,Rovelli,Giovanni,Small
10183,1.222539697047954,0.8101579745265014,12,0.8043386792677709,2003-11-13,Shipped,4,11,2003,Vintage Cars,-0.09247081865569574,S24_4258,"Classic Gift Ideas, Inc",2155554695,782 First Street,Desconocido,Philadelphia,PA,71270,USA,Desconocido,Cervantes,Francisca,Medium
10193,-1.5496147103029148,0.8101579745265014,4,-0.6922955062714815,2003-11-21,Shipped,4,11,2003,Vintage Cars,-0.09247081865569574,S24_4258,"Australian Collectables, Ltd",61-9-3844-6555,7 Allen Street,Desconocido,Glen Waverly,Victoria,3150,Australia,APAC,Connery,Sean,Small
10206,-0.21487369935619993,0.6807623853748989,10,-0.18463855461313664,2003-12-05,Shipped,4,12,2003,Vintage Cars,-0.09247081865569574,S24_4258,Canadian Gift Exchange Network,(604) 555-3392,1900 Oak St.,Desconocido,Vancouver,BC,V3F 2K1,Canada,Desconocido,Tannamuri,Yoshi,Medium
10215,0.4011606133884374,0.3426482405419752,7,-0.011761398291989541,2004-01-29,Shipped,1,1,2004,Vintage Cars,-0.09247081865569574,S24_4258,West Coast Collectables Co.,3105553722,3675 Furth Circle,Desconocido,Burbank,CA,94019,USA,Desconocido,Thompson,Steve,Medium
10228,-0.21487369935619993,0.8101579745265014,6,-0.07998694773346735,2004-03-10,Shipped,1,3,2004,Vintage Cars,-0.09247081865569574,S24_4258,Cambridge Collectables Co.,6175555555,4658 Baden Av.,Desconocido,Cambridge,MA,51247,USA,Desconocido,Tseng,Kyung,Medium
10244,0.5038329988458771,0.14979427816659824,4,-0.04707425630042101,2004-04-29,Shipped,2,4,2004,Vintage Cars,-0.09247081865569574,S24_4258,Euro Shopping Channel,(91) 555 94 44,"C/ Moralzarzal, 86",Desconocido,Madrid,Desconocido,28034,Spain,EMEA,Freyre,Diego,Medium
10257,1.119867311590515,-0.23640941512496738,4,0.04075446358707225,2004-06-14,Shipped,2,6,2004,Vintage Cars,-0.09247081865569574,S24_4258,The Sharp Gifts Warehouse,4085553659,3086 Ingle Ln.,Desconocido,San Jose,CA,94217,USA,Desconocido,Frick,Sue,Medium
10269,1.3252120825053932,0.6807623853748989,2,0.6086382195159864,2004-07-16,Shipped,3,7,2004,Vintage Cars,-0.09247081865569574,S24_4258,Salzburg Collectables,6562-9555,Geislweg 14,Desconocido,Salzburg,Desconocido,5020,Austria,EMEA,Pipps,Georg,Medium
10280,-1.4469423248454751,-0.23640941512496738,6,-1.0302248414587316,2004-08-17,Shipped,3,8,2004,Vintage Cars,-0.09247081865569574,S24_4258,Amica Models & Co.,011-4988555,Via Monte Bianco 34,Desconocido,Torino,Desconocido,10100,Italy,EMEA,Accorti,Paolo,Small
10290,1.0171949261330746,0.8101579745265014,1,0.8783474355028793,2004-09-07,Shipped,3,9,2004,Vintage Cars,-0.09247081865569574,S24_4258,Auto-Moto Classics Inc.,6175558428,16780 Pompton St.,Desconocido,Brickhaven,MA,58339,USA,Desconocido,Taylor,Leslie,Medium
10304,-0.21487369935619993,0.8101579745265014,10,-0.11475135138869988,2004-10-11,Shipped,4,10,2004,Vintage Cars,-0.09247081865569574,S24_4258,Auto Assoc. & Cie.,30.59.8555,"67, avenue de l'Europe",Desconocido,Versailles,Desconocido,78000,France,EMEA,Tonini,Daniel,Medium
10312,0.9145225406756355,0.8101579745265014,7,0.7227601669102958,2004-10-21,Shipped,4,10,2004,Vintage Cars,-0.09247081865569574,S24_4258,Mini Gifts Distributors Ltd.,4155551450,5677 Strong St.,Desconocido,San Rafael,CA,97562,USA,Desconocido,Nelson,Valarie,Medium
10324,-0.21487369935619993,0.8101579745265014,3,1.4736593393328525,2004-11-05,Shipped,4,11,2004,Vintage Cars,-0.09247081865569574,S24_4258,Vitachrome Inc.,2125551500,2678 Kingston Rd.,Suite 101,NYC,NY,10022,USA,Desconocido,Frick,Michael,Medium
10333,0.4011606133884374,0.8101579745265014,1,0.47257809799372674,2004-11-18,Shipped,4,11,2004,Vintage Cars,-0.09247081865569574,S24_4258,Mini Wheels Co.,6505555787,5557 North Pendale Street,Desconocido,San Francisco,CA,Desconocido,USA,Desconocido,Murphy,Julie,Medium
10348,0.4011606133884374,-1.6533159047620576,2,-0.8643852776301154,2004-11-01,Shipped,4,11,2004,Vintage Cars,-0.09247081865569574,S24_4258,"Corrida Auto Replicas, Ltd",(91) 555 22 82,"C/ Araquil, 67",Desconocido,Madrid,Desconocido,28023,Spain,EMEA,Sommer,Mart¡n,Small
10358,0.6065053843033164,0.8101579745265014,6,1.7882386377007493,2004-12-10,Shipped,4,12,2004,Vintage Cars,-0.09247081865569574,S24_4258,Euro Shopping Channel,(91) 555 94 44,"C/ Moralzarzal, 86",Desconocido,Madrid,Desconocido,28034,Spain,EMEA,Freyre,Diego,Medium
10369,0.5038329988458771,0.16169272314605576,3,-0.041861224824472,2005-01-20,Shipped,1,1,2005,Vintage Cars,-0.09247081865569574,S24_4258,Collectables For Less Inc.,6175558555,7825 Douglas Av.,Desconocido,Brickhaven,MA,58339,USA,Desconocido,Nelson,Allen,Medium
10382,-0.21487369935619993,0.8101579745265014,4,0.5640505096732632,2005-02-17,Shipped,1,2,2005,Vintage Cars,-0.09247081865569574,S24_4258,Mini Gifts Distributors Ltd.,4155551450,5677 Strong St.,Desconocido,San Rafael,CA,97562,USA,Desconocido,Nelson,Valarie,Medium
10423,-0.728235626643398,-0.23640941512496738,4,-0.7303506360459067,2005-05-30,In Process,2,5,2005,Vintage Cars,-0.09247081865569574,S24_4258,Petit Auto,(02) 5554 67,Rue Joseph-Bens 532,Desconocido,Bruxelles,Desconocido,B-1180,Belgium,EMEA,Dewey,Catherine,Small
10106,-0.9335803975582769,-0.9865072173716147,3,-1.0296438056588082,2003-02-17,Shipped,1,2,2003,Planes,-0.7146586370011758,S24_4278,Rovelli Gifts,035-640555,Via Ludovico il Moro 22,Desconocido,Bergamo,Desconocido,24100,Italy,EMEA,Rovelli,Giovanni,Small
10120,-0.6255632411859583,0.09079782181011985,9,-0.5835766487923483,2003-04-29,Shipped,2,4,2003,Planes,-0.7146586370011758,S24_4278,"Australian Collectors, Co.",03 9520 4555,636 St Kilda Road,Level 3,Melbourne,Victoria,3004,Australia,APAC,Ferguson,Peter,Small
10133,1.119867311590515,-0.3043297052160385,4,0.006533084043917739,2003-06-27,Shipped,2,6,2003,Planes,-0.7146586370011758,S24_4278,Euro Shopping Channel,(91) 555 94 44,"C/ Moralzarzal, 86",Desconocido,Madrid,Desconocido,28034,Spain,EMEA,Freyre,Diego,Medium
10145,-0.21487369935619993,0.05510248687174641,15,-0.410786376329134,2003-08-25,Shipped,3,8,2003,Planes,-0.7146586370011758,S24_4278,Toys4GrownUps.com,6265557265,78934 Hillside Dr.,Desconocido,Pasadena,CA,90003,USA,Desconocido,Young,Julie,Small
10168,1.3252120825053932,-0.26813860173685494,10,0.10975110726770092,2003-10-28,Shipped,4,10,2003,Planes,-0.7146586370011758,S24_4278,Technics Stores Inc.,6505556809,9408 Furth Circle,Desconocido,Burlingame,CA,94217,USA,Desconocido,Hirano,Juri,Medium
10210,0.5038329988458771,-0.6275707938246399,8,-0.38765897939573246,2004-01-12,Shipped,1,1,2004,Planes,-0.7146586370011758,S24_4278,Osaka Souveniers Co.,+81 06 6342 5555,"Dojima Avanza 4F, 1-6-20 Dojima, Kita-ku",Desconocido,Osaka,Osaka,530-0003,Japan,Japan,Kentary,Mory,Small
10223,-1.2415975539305957,-0.4481025820511525,10,-0.9978768951022464,2004-02-20,Shipped,1,2,2004,Planes,-0.7146586370011758,S24_4278,"Australian Collectors, Co.",03 9520 4555,636 St Kilda Road,Level 3,Melbourne,Victoria,3004,Australia,APAC,Ferguson,Peter,Small
10235,0.5038329988458771,-0.12486149344255112,4,-0.16740839953690215,2004-04-02,Shipped,2,4,2004,Planes,-0.7146586370011758,S24_4278,"Royal Canadian Collectables, Ltd.",(604) 555-4555,23 Tsawassen Blvd.,Desconocido,Tsawassen,BC,T2F 8M4,Canada,Desconocido,Lincoln,Elizabeth,Medium
10250,0.19581584247355846,-0.4481025820511525,5,-0.4305904656966179,2004-05-11,Shipped,2,5,2004,Planes,-0.7146586370011758,S24_4278,The Sharp Gifts Warehouse,4085553659,3086 Ingle Ln.,Desconocido,San Jose,CA,94217,USA,Desconocido,Frick,Sue,Small
10263,-1.1389251684731565,-0.4119114785719689,11,-0.9478426534153808,2004-06-28,Shipped,2,6,2004,Planes,-0.7146586370011758,S24_4278,Gift Depot Inc.,2035552570,25593 South Bay Ln.,Desconocido,Bridgewater,CT,97562,USA,Desconocido,King,Julie,Small
10275,-0.8309080121008378,-1.0583936557891713,10,-1.016279982260569,2004-07-23,Shipped,3,7,2004,Planes,-0.7146586370011758,S24_4278,La Rochelle Gifts,40.67.8555,"67, rue des Cinquante Otages",Desconocido,Nantes,Desconocido,44000,France,EMEA,Labrune,Janine,Small
10284,-1.4469423248454751,-0.6275707938246399,2,-1.1201985065889328,2004-08-21,Shipped,3,8,2004,Planes,-0.7146586370011758,S24_4278,"Norway Gifts By Mail, Co.",+47 2212 1555,"Drammensveien 126 A, PB 744 Sentrum",Desconocido,Oslo,Desconocido,N 0106,Norway,EMEA,Klaeboe,Jan,Small
10297,-1.2415975539305957,-0.5556843554070825,5,-1.0249792285360584,2004-09-16,Shipped,3,9,2004,Planes,-0.7146586370011758,S24_4278,"Clover Collections, Co.",+353 1862 1555,25 Maiden Lane,Floor No. 4,Dublin,Desconocido,2,Ireland,EMEA,Cassidy,Dean,Small
10308,0.9145225406756355,-0.016783951545810576,8,0.060922379109648345,2004-10-15,Shipped,4,10,2004,Planes,-0.7146586370011758,S24_4278,Mini Classics,9145554562,3758 North Pendale Street,Desconocido,White Plains,NY,24067,USA,Desconocido,Frick,Steve,Medium
10317,-0.009528928441320991,-0.016783951545810576,1,-0.3462805420553903,2004-11-02,Shipped,4,11,2004,Planes,-0.7146586370011758,S24_4278,Technics Stores Inc.,6505556809,9408 Furth Circle,Desconocido,Burlingame,CA,94217,USA,Desconocido,Hirano,Juri,Small
10328,0.8118501552181958,-1.1302800942067286,4,-0.5087642168713644,2004-11-12,Shipped,4,11,2004,Planes,-0.7146586370011758,S24_4278,Rovelli Gifts,035-640555,Via Ludovico il Moro 22,Desconocido,Bergamo,Desconocido,24100,Italy,EMEA,Rovelli,Giovanni,Small
10340,0.5038329988458771,0.05510248687174641,1,-0.08856129846317877,2004-11-24,Shipped,4,11,2004,Planes,-0.7146586370011758,S24_4278,Enaco Distributors,(93) 203 4555,"Rambla de Catalu¤a, 23",Desconocido,Barcelona,Desconocido,8022,Spain,EMEA,Saavedra,Eduardo,Medium
10353,-0.009528928441320991,0.3094317483076556,3,-0.22122208904383048,2004-12-04,Shipped,4,12,2004,Planes,-0.7146586370011758,S24_4278,Gift Ideas Corp.,2035554407,2440 Pompton St.,Desconocido,Glendale,CT,97561,USA,Desconocido,Lewis,Dan,Medium
10361,-1.0362527830157167,-1.0509571276770104,1,-1.0819153066874352,2004-12-17,Shipped,4,12,2004,Planes,-0.7146586370011758,S24_4278,Souveniers And Things Co.,+61 2 9495 8555,"Monitor Money Building, 815 Pacific Hwy",Level 6,Chatswood,NSW,2067,Australia,APAC,Huxley,Adrian,Small
10375,0.8118501552181958,0.8101579745265014,2,3.5218974179209224,2005-02-03,Shipped,1,2,2005,Planes,-0.7146586370011758,S24_4278,La Rochelle Gifts,40.67.8555,"67, rue des Cinquante Otages",Desconocido,Nantes,Desconocido,44000,France,EMEA,Labrune,Janine,Large
10386,1.5305568534202727,-1.0073294960856654,8,-0.21009009474623175,2005-03-01,Resolved,1,3,2005,Planes,-0.7146586370011758,S24_4278,Euro Shopping Channel,(91) 555 94 44,"C/ Moralzarzal, 86",Desconocido,Madrid,Desconocido,28034,Spain,EMEA,Freyre,Diego,Medium
10398,1.0171949261330746,-0.26813860173685494,14,-0.017723803042605745,2005-03-30,Shipped,1,3,2005,Planes,-0.7146586370011758,S24_4278,Reims Collectables,26.47.1555,59 rue de l'Abbaye,Desconocido,Reims,Desconocido,51100,France,EMEA,Henriot,Paul,Medium
10401,1.7359016243351522,-0.12486149344255112,4,0.36132331791118927,2005-04-03,On Hold,2,4,2005,Planes,-0.7146586370011758,S24_4278,Tekni Collectables Inc.,2015559350,7476 Moss Rd.,Desconocido,Newark,NJ,94019,USA,Desconocido,Brown,William,Medium
10416,1.3252120825053932,-0.4481025820511525,5,0.015134585979233105,2005-05-10,Shipped,2,5,2005,Planes,-0.7146586370011758,S24_4278,L'ordine Souveniers,0522-556555,Strada Provinciale 124,Desconocido,Reggio Emilia,Desconocido,42100,Italy,EMEA,Moroni,Maurizio,Medium
10108,-0.4202184702710794,-0.7411017896702995,10,-0.7732006687299803,2003-03-03,Shipped,1,3,2003,Classic Cars,-0.5155585351306222,S24_4620,Cruz & Sons Co.,+63 2 555 3587,15 McCallum Street - NatWest Center #13-03,Desconocido,Makati City,Desconocido,1227 MM,Philippines,Japan,Cruz,Arnold,Small
10122,-0.6255632411859583,-0.6206300342532897,14,-0.8095561330336015,2003-05-08,Shipped,2,5,2003,Classic Cars,-0.5155585351306222,S24_4620,Marseille Mini Autos,91.24.4555,"12, rue des Bouchers",Desconocido,Marseille,Desconocido,13008,France,EMEA,Lebihan,Laurence,Small
10135,-1.2415975539305957,0.18102769623767487,11,-0.839384447510045,2003-07-02,Shipped,3,7,2003,Classic Cars,-0.5155585351306222,S24_4620,Mini Gifts Distributors Ltd.,4155551450,5677 Strong St.,Desconocido,San Rafael,CA,97562,USA,Desconocido,Nelson,Valarie,Small
10147,-0.4202184702710794,-0.9413922801578372,11,-0.8412090085266271,2003-09-05,Shipped,3,9,2003,Classic Cars,-0.5155585351306222,S24_4620,Collectables For Less Inc.,6175558555,7825 Douglas Av.,Desconocido,Brickhaven,MA,58339,USA,Desconocido,Nelson,Allen,Small
10159,-1.2415975539305957,-0.8209205247408282,6,-1.0917983455272544,2003-10-10,Shipped,4,10,2003,Classic Cars,-0.5155585351306222,S24_4620,Corporate Gift Ideas Co.,6505551386,7734 Strong St.,Desconocido,San Francisco,CA,Desconocido,USA,Desconocido,Brown,Julie,Small
10169,-1.1389251684731565,0.5414514254070809,6,-0.6972261652091496,2003-11-04,Shipped,4,11,2003,Classic Cars,-0.5155585351306222,S24_4620,"Anna's Decorations, Ltd",02 9936 8555,201 Miller Street,Level 15,North Sydney,NSW,2060,Australia,APAC,O'Hara,Anna,Small
10180,-0.728235626643398,-0.6206300342532897,1,-0.8481868683668291,2003-11-11,Shipped,4,11,2003,Classic Cars,-0.5155585351306222,S24_4620,Daedalus Designs Imports,20.16.1555,"184, chausse de Tournai",Desconocido,Lille,Desconocido,59000,France,EMEA,Rance,Martine,Small
10191,0.9145225406756355,-0.8610777765464972,7,-0.3459764485526263,2003-11-20,Shipped,4,11,2003,Classic Cars,-0.5155585351306222,S24_4620,"Toms Spezialitten, Ltd",0221-5554327,Mehrheimerstr. 369,Desconocido,Koln,Desconocido,50739,Germany,EMEA,Pfalzheim,Henriette,Small
10211,-1.3442699393880353,0.421475438530882,6,-0.828855209976853,2004-01-15,Shipped,1,1,2004,Classic Cars,-0.5155585351306222,S24_4620,Auto Canal Petit,(1) 47.55.6555,"25, rue Lauriston",Desconocido,Paris,Desconocido,75016,France,EMEA,Perrier,Dominique,Small
10225,1.119867311590515,-0.6607872860589594,13,-0.17306671078475477,2004-02-22,Shipped,1,2,2004,Classic Cars,-0.5155585351306222,S24_4620,"Vida Sport, Ltd",0897-034555,Grenzacherweg 237,Desconocido,Gensve,Desconocido,1203,Switzerland,EMEA,Holz,Michael,Medium
10238,-1.3442699393880353,0.5012941736014115,7,-0.8096212959270508,2004-04-09,Shipped,2,4,2004,Classic Cars,-0.5155585351306222,S24_4620,Danish Wholesale Imports,31 12 3555,Vinb'ltet 34,Desconocido,Kobenhavn,Desconocido,1734,Denmark,EMEA,Petersen,Jytte,Small
10252,0.29848822793099766,0.18102769623767487,3,-0.12821291912711308,2004-05-26,Shipped,2,5,2004,Classic Cars,-0.5155585351306222,S24_4620,Auto Canal Petit,(1) 47.55.6555,"25, rue Lauriston",Desconocido,Paris,Desconocido,75016,France,EMEA,Perrier,Dominique,Medium
10264,1.222539697047954,-0.01926279424986443,1,0.19538057950127832,2004-06-30,Shipped,2,6,2004,Classic Cars,-0.5155585351306222,S24_4620,Gifts4AllAges.com,6175559555,8616 Spinnaker Dr.,Desconocido,Boston,MA,51003,USA,Desconocido,Yoshido,Juri,Medium
10276,1.3252120825053932,-0.4203395437657508,7,0.02973107411188893,2004-08-02,Shipped,3,8,2004,Classic Cars,-0.5155585351306222,S24_4620,Online Mini Collectables,6175557555,7635 Spinnaker Dr.,Desconocido,Brickhaven,MA,58339,USA,Desconocido,Barajas,Miguel,Medium
10287,0.5038329988458771,0.2211849480433443,16,-0.015796067444729025,2004-08-30,Shipped,3,8,2004,Classic Cars,-0.5155585351306222,S24_4620,"Vida Sport, Ltd",0897-034555,Grenzacherweg 237,Desconocido,Gensve,Desconocido,1203,Switzerland,EMEA,Holz,Michael,Medium
10299,-0.31754608481363966,-0.13973454966687346,1,-0.5251092426449118,2004-09-30,Shipped,3,9,2004,Classic Cars,-0.5155585351306222,S24_4620,"Toys of Finland, Co.",90-224 8555,Keskuskatu 45,Desconocido,Helsinki,Desconocido,21240,Finland,EMEA,Karttunen,Matti,Small
10310,1.4278844679628335,0.6619231808240907,14,0.6514122288243689,2004-10-16,Shipped,4,10,2004,Classic Cars,-0.5155585351306222,S24_4620,"Toms Spezialitten, Ltd",0221-5554327,Mehrheimerstr. 369,Desconocido,Koln,Desconocido,50739,Germany,EMEA,Pfalzheim,Henriette,Medium
10319,0.8118501552181958,0.10071319262633446,2,0.07101719735317842,2004-11-03,Shipped,4,11,2004,Classic Cars,-0.5155585351306222,S24_4620,Microscale Inc.,2125551957,5290 North Pendale Street,Suite 200,NYC,NY,10022,USA,Desconocido,Kuo,Kee,Medium
10331,0.6065053843033164,0.8101579745265014,2,1.1737525524733028,2004-11-17,Shipped,4,11,2004,Classic Cars,-0.5155585351306222,S24_4620,Motor Mint Distributors Inc.,2155559857,11328 Douglas Av.,Desconocido,Philadelphia,PA,71270,USA,Desconocido,Hernandez,Rosa,Medium
10343,-0.5228908557285186,0.8101579745265014,1,-0.24717864160115804,2004-11-24,Shipped,4,11,2004,Classic Cars,-0.5155585351306222,S24_4620,Reims Collectables,26.47.1555,59 rue de l'Abbaye,Desconocido,Reims,Desconocido,51100,France,EMEA,Henriot,Paul,Medium
10355,-0.728235626643398,0.5816086772127511,9,-0.479473496265878,2004-12-07,Shipped,4,12,2004,Classic Cars,-0.5155585351306222,S24_4620,Euro Shopping Channel,(91) 555 94 44,"C/ Moralzarzal, 86",Desconocido,Madrid,Desconocido,28034,Spain,EMEA,Freyre,Diego,Small
10363,0.8118501552181958,0.8101579745265014,9,0.8691214558386745,2005-01-06,Shipped,1,1,2005,Classic Cars,-0.5155585351306222,S24_4620,Suominen Souveniers,+358 9 8045 555,"Software Engineering Center, SEC Oy",Desconocido,Espoo,Desconocido,FIN-02271,Finland,EMEA,Suominen,Kalle,Medium
10378,0.6065053843033164,0.8101579745265014,2,0.7278048609115001,2005-02-10,Shipped,1,2,2005,Classic Cars,-0.5155585351306222,S24_4620,Euro Shopping Channel,(91) 555 94 44,"C/ Moralzarzal, 86",Desconocido,Madrid,Desconocido,28034,Spain,EMEA,Freyre,Diego,Medium
10390,-0.5228908557285186,-0.06140312021877676,10,-0.587166038173184,2005-03-04,Shipped,1,3,2005,Classic Cars,-0.5155585351306222,S24_4620,Mini Gifts Distributors Ltd.,4155551450,5677 Strong St.,Desconocido,San Rafael,CA,97562,USA,Desconocido,Nelson,Valarie,Small
10103,-0.4202184702710794,0.8101579745265014,3,-0.17896938288304257,2003-01-29,Shipped,1,1,2003,Trucks and Buses,-0.11735833138951489,S32_1268,Baane Mini Imports,07-98 9555,Erling Skakkes gate 78,Desconocido,Stavern,Desconocido,4110,Norway,EMEA,Bergulfsen,Jonas,Medium
10114,-0.31754608481363966,0.8101579745265014,7,0.06170433383104102,2003-04-01,Shipped,2,4,2003,Trucks and Buses,-0.11735833138951489,S32_1268,"La Corne D'abondance, Co.",(1) 42.34.2555,"265, boulevard Charonne",Desconocido,Paris,Desconocido,75012,France,EMEA,Bertrand,Marie,Medium
10126,0.8118501552181958,0.6272193829673391,3,0.3189945883747106,2003-05-28,Shipped,2,5,2003,Trucks and Buses,-0.11735833138951489,S32_1268,"Corrida Auto Replicas, Ltd",(91) 555 22 82,"C/ Araquil, 67",Desconocido,Madrid,Desconocido,28023,Spain,EMEA,Sommer,Mart¡n,Medium
10140,-0.9335803975582769,0.8101579745265014,3,-0.39331729064358506,2003-07-24,Shipped,3,7,2003,Trucks and Buses,-0.11735833138951489,S32_1268,Technics Stores Inc.,6505556809,9408 Furth Circle,Desconocido,Burlingame,CA,94217,USA,Desconocido,Hirano,Juri,Small
10151,-0.8309080121008378,0.8101579745265014,10,-0.2635508185803091,2003-09-21,Shipped,3,9,2003,Trucks and Buses,-0.11735833138951489,S32_1268,"Oulu Toy Supplies, Inc.",981-443655,Torikatu 38,Desconocido,Oulu,Desconocido,90110,Finland,EMEA,Koskitalo,Pirkko,Medium
10164,-1.1389251684731565,0.8101579745265014,1,-0.4990006433362023,2003-10-21,Resolved,4,10,2003,Trucks and Buses,-0.11735833138951489,S32_1268,Mini Auto Werke,7675-3555,Kirchgasse 6,Desconocido,Graz,Desconocido,8010,Austria,EMEA,Mendel,Roland,Small
10175,-1.3442699393880353,0.8101579745265014,8,-0.606649743314542,2003-11-06,Shipped,4,11,2003,Trucks and Buses,-0.11735833138951489,S32_1268,"Stylish Desk Decors, Co.",(171) 555-0297,35 King George,Desconocido,London,Desconocido,WX3 6FW,UK,EMEA,Brown,Ann,Small
10184,1.119867311590515,0.8101579745265014,13,0.5720601153264133,2003-11-14,Shipped,4,11,2003,Trucks and Buses,-0.11735833138951489,S32_1268,"Iberia Gift Imports, Corp.",(95) 555 82 82,"C/ Romero, 33",Desconocido,Sevilla,Desconocido,41101,Spain,EMEA,Roel,Jose Pedro,Medium
10194,0.19581584247355846,0.6748131628851693,3,0.024490891430336583,2003-11-25,Shipped,4,11,2003,Trucks and Buses,-0.11735833138951489,S32_1268,"Saveley & Henriot, Co.",78.32.5555,"2, rue du Commerce",Desconocido,Lyon,Desconocido,69004,France,EMEA,Saveley,Mary,Medium
10207,1.4278844679628335,-0.13675993842200865,14,0.22275442499112946,2003-12-09,Shipped,4,12,2003,Trucks and Buses,-0.11735833138951489,S32_1268,Diecast Collectables,6175552555,6251 Ingle Ln.,Desconocido,Boston,MA,51003,USA,Desconocido,Franco,Valarie,Medium
10217,-1.4469423248454751,0.8101579745265014,3,-0.7108126284933407,2004-02-04,Shipped,1,2,2004,Trucks and Buses,-0.11735833138951489,S32_1268,Handji Gifts& Co,+65 224 1555,Village Close - 106 Linden Road Sandown,2nd Floor,Singapore,Desconocido,69045,Singapore,APAC,Victorino,Wendy,Small
10229,-1.0362527830157167,0.8101579745265014,8,-0.4131811126633978,2004-03-11,Shipped,1,3,2004,Trucks and Buses,-0.11735833138951489,S32_1268,Mini Gifts Distributors Ltd.,4155551450,5677 Strong St.,Desconocido,San Rafael,CA,97562,USA,Desconocido,Nelson,Valarie,Small
10245,0.19581584247355846,0.8101579745265014,1,0.3148187329528311,2004-05-04,Shipped,2,5,2004,Trucks and Buses,-0.11735833138951489,S32_1268,Super Scale Inc.,2035559545,567 North Pendale Street,Desconocido,New Haven,CT,97823,USA,Desconocido,Murphy,Leslie,Medium
10259,1.0171949261330746,0.14979427816659824,11,0.18827239387417727,2004-06-15,Shipped,2,6,2004,Trucks and Buses,-0.11735833138951489,S32_1268,Handji Gifts& Co,+65 224 1555,Village Close - 106 Linden Road Sandown,2nd Floor,Singapore,Desconocido,69045,Singapore,APAC,Victorino,Wendy,Medium
10270,-0.31754608481363966,0.10220049824876726,1,-0.4403105973028138,2004-07-19,Shipped,3,7,2004,Trucks and Buses,-0.11735833138951489,S32_1268,Souveniers And Things Co.,+61 2 9495 8555,"Monitor Money Building, 815 Pacific Hwy",Level 6,Chatswood,NSW,2067,Australia,APAC,Huxley,Adrian,Small
10281,-0.6255632411859583,-0.04107661004553659,8,-0.6254655287980441,2004-08-19,Shipped,3,8,2004,Trucks and Buses,-0.11735833138951489,S32_1268,Diecast Classics Inc.,2155551555,7586 Pompton St.,Desconocido,Allentown,PA,70267,USA,Desconocido,Yu,Kyung,Small
10291,-0.9335803975582769,0.006517169872295187,3,-0.7468477085708358,2004-09-08,Shipped,3,9,2004,Trucks and Buses,-0.11735833138951489,S32_1268,Scandinavian Gift Ideas,0695-34 6555,?kergatan 24,Desconocido,Boras,Desconocido,S-844 67,Sweden,EMEA,Larsson,Maria,Small
10305,-0.728235626643398,0.8101579745265014,12,-0.21658466312668437,2004-10-13,Shipped,4,10,2004,Trucks and Buses,-0.11735833138951489,S32_1268,Marta's Replicas Co.,6175558555,39323 Spinnaker Dr.,Desconocido,Cambridge,MA,51247,USA,Desconocido,Hernandez,Marta,Medium
10313,-0.8309080121008378,0.1973880580844292,6,-0.6449003617693151,2004-10-22,Shipped,4,10,2004,Trucks and Buses,-0.11735833138951489,S32_1268,Canadian Gift Exchange Network,(604) 555-3392,1900 Oak St.,Desconocido,Vancouver,BC,V3F 2K1,Canada,Desconocido,Tannamuri,Yoshi,Small
10324,-1.5496147103029148,0.7199281000989473,11,-0.8635653112208778,2004-11-05,Shipped,4,11,2004,Trucks and Buses,-0.11735833138951489,S32_1268,Vitachrome Inc.,2125551500,2678 Kingston Rd.,Suite 101,NYC,NY,10022,USA,Desconocido,Frick,Michael,Small
10335,0.9145225406756355,0.8101579745265014,1,0.6474970249762867,2004-11-19,Shipped,4,11,2004,Trucks and Buses,-0.11735833138951489,S32_1268,Mini Gifts Distributors Ltd.,4155551450,5677 Strong St.,Desconocido,San Rafael,CA,97562,USA,Desconocido,Nelson,Valarie,Medium
10348,0.7091777697607561,0.8101579745265014,3,1.538414964698152,2004-11-01,Shipped,4,11,2004,Trucks and Buses,-0.11735833138951489,S32_1268,"Corrida Auto Replicas, Ltd",(91) 555 22 82,"C/ Araquil, 67",Desconocido,Madrid,Desconocido,28023,Spain,EMEA,Sommer,Mart¡n,Medium
10358,0.6065053843033164,0.8101579745265014,1,0.47466331058410627,2004-12-10,Shipped,4,12,2004,Trucks and Buses,-0.11735833138951489,S32_1268,Euro Shopping Channel,(91) 555 94 44,"C/ Moralzarzal, 86",Desconocido,Madrid,Desconocido,28034,Spain,EMEA,Freyre,Diego,Medium
10371,-0.9335803975582769,0.8101579745265014,1,0.26616377251064327,2005-01-23,Shipped,1,1,2005,Trucks and Buses,-0.11735833138951489,S32_1268,Mini Gifts Distributors Ltd.,4155551450,5677 Strong St.,Desconocido,San Rafael,CA,97562,USA,Desconocido,Nelson,Valarie,Medium
10382,-0.9335803975582769,0.8101579745265014,6,-0.4591100920629535,2005-02-17,Shipped,1,2,2005,Trucks and Buses,-0.11735833138951489,S32_1268,Mini Gifts Distributors Ltd.,4155551450,5677 Strong St.,Desconocido,San Rafael,CA,97562,USA,Desconocido,Nelson,Valarie,Small
10411,-0.9335803975582769,0.8101579745265014,1,-0.3525144588620454,2005-05-01,Shipped,2,5,2005,Trucks and Buses,-0.11735833138951489,S32_1268,Quebec Home Shopping Network,(514) 555-8054,43 rue St. Laurent,Desconocido,Montreal,Quebec,H1J 1C3,Canada,Desconocido,Fresnisre,Jean,Small
10425,0.6065053843033164,0.14979427816659824,11,-4.92626550135161e-06,2005-05-31,In Process,2,5,2005,Trucks and Buses,-0.11735833138951489,S32_1268,La Rochelle Gifts,40.67.8555,"67, rue des Cinquante Otages",Desconocido,Nantes,Desconocido,44000,France,EMEA,Labrune,Janine,Medium
10107,-1.5496147103029148,0.45816231055087725,8,-0.9209086574563128,2003-02-24,Shipped,1,2,2003,Motorcycles,-0.04269579318805746,S32_1374,Land of Toys Inc.,2125557818,897 Long Airport Avenue,Desconocido,NYC,NY,10022,USA,Desconocido,Yu,Kwai,Small
10120,-1.3442699393880353,0.8101579745265014,6,-0.5932696291929402,2003-04-29,Shipped,2,4,2003,Motorcycles,-0.04269579318805746,S32_1374,"Australian Collectors, Co.",03 9520 4555,636 St Kilda Road,Level 3,Melbourne,Victoria,3004,Australia,APAC,Ferguson,Peter,Small
10133,-1.2415975539305957,0.8101579745265014,1,-0.4951723233460524,2003-06-27,Shipped,2,6,2003,Motorcycles,-0.04269579318805746,S32_1374,Euro Shopping Channel,(91) 555 94 44,"C/ Moralzarzal, 86",Desconocido,Madrid,Desconocido,28034,Spain,EMEA,Freyre,Diego,Small
10145,-0.21487369935619993,0.5077391646319511,12,-0.24717864160115804,2003-08-25,Shipped,3,8,2003,Motorcycles,-0.04269579318805746,S32_1374,Toys4GrownUps.com,6265557265,78934 Hillside Dr.,Desconocido,Pasadena,CA,90003,USA,Desconocido,Young,Julie,Medium
10168,-0.728235626643398,0.8101579745265014,7,-0.1680817494358788,2003-10-28,Shipped,4,10,2003,Motorcycles,-0.04269579318805746,S32_1374,Technics Stores Inc.,6505556809,9408 Furth Circle,Desconocido,Burlingame,CA,94217,USA,Desconocido,Hirano,Juri,Medium
10188,0.9145225406756355,0.7551276664965098,7,0.43293733781203386,2003-11-18,Shipped,4,11,2003,Motorcycles,-0.04269579318805746,S32_1374,Herkku Gifts,+47 2267 3215,"Drammen 121, PR 744 Sentrum",Desconocido,Bergen,Desconocido,N 5804,Norway,EMEA,Oeztan,Veysel,Medium
10210,1.119867311590515,-0.18584102396227242,5,0.06623315492577134,2004-01-12,Shipped,1,1,2004,Motorcycles,-0.04269579318805746,S32_1374,Osaka Souveniers Co.,+81 06 6342 5555,"Dojima Avanza 4F, 1-6-20 Dojima, Kita-ku",Desconocido,Osaka,Osaka,530-0003,Japan,Japan,Kentary,Mory,Medium
10223,-1.4469423248454751,0.8101579745265014,7,-0.5857161637939355,2004-02-20,Shipped,1,2,2004,Motorcycles,-0.04269579318805746,S32_1374,"Australian Collectors, Co.",03 9520 4555,636 St Kilda Road,Level 3,Melbourne,Victoria,3004,Australia,APAC,Ferguson,Peter,Small
10235,0.6065053843033164,0.8101579745265014,1,0.3386303402674503,2004-04-02,Shipped,2,4,2004,Motorcycles,-0.04269579318805746,S32_1374,"Royal Canadian Collectables, Ltd.",(604) 555-4555,23 Tsawassen Blvd.,Desconocido,Tsawassen,BC,T2F 8M4,Canada,Desconocido,Lincoln,Elizabeth,Medium
10250,-0.4202184702710794,0.8101579745265014,2,-0.1474902751058815,2004-05-11,Shipped,2,5,2004,Motorcycles,-0.04269579318805746,S32_1374,The Sharp Gifts Warehouse,4085553659,3086 Ingle Ln.,Desconocido,San Jose,CA,94217,USA,Desconocido,Frick,Sue,Medium
10263,-0.4202184702710794,-0.18584102396227242,8,-0.5846626970165044,2004-06-28,Shipped,2,6,2004,Motorcycles,-0.04269579318805746,S32_1374,Gift Depot Inc.,2035552570,25593 South Bay Ln.,Desconocido,Bridgewater,CT,97562,USA,Desconocido,King,Julie,Small
10275,-1.2415975539305957,-0.08668731580012463,7,-0.9068280422301306,2004-07-23,Shipped,3,7,2004,Motorcycles,-0.04269579318805746,S32_1374,La Rochelle Gifts,40.67.8555,"67, rue des Cinquante Otages",Desconocido,Nantes,Desconocido,44000,France,EMEA,Labrune,Janine,Small
10285,0.19581584247355846,0.7551276664965098,12,0.05703975670829075,2004-08-27,Shipped,3,8,2004,Motorcycles,-0.04269579318805746,S32_1374,Marta's Replicas Co.,6175558555,39323 Spinnaker Dr.,Desconocido,Cambridge,MA,51247,USA,Desconocido,Hernandez,Marta,Medium
10297,-0.9335803975582769,0.8101579745265014,2,-0.378492732383856,2004-09-16,Shipped,3,9,2004,Motorcycles,-0.04269579318805746,S32_1374,"Clover Collections, Co.",+353 1862 1555,25 Maiden Lane,Floor No. 4,Dublin,Desconocido,2,Ireland,EMEA,Cassidy,Dean,Small
10308,-1.1389251684731565,-0.18584102396227242,5,-0.8884140945895663,2004-10-15,Shipped,4,10,2004,Motorcycles,-0.04269579318805746,S32_1374,Mini Classics,9145554562,3758 North Pendale Street,Desconocido,White Plains,NY,24067,USA,Desconocido,Frick,Steve,Small
10318,1.222539697047954,0.8101579745265014,7,0.951090945556846,2004-11-02,Shipped,4,11,2004,Motorcycles,-0.04269579318805746,S32_1374,Diecast Classics Inc.,2155551555,7586 Pompton St.,Desconocido,Allentown,PA,70267,USA,Desconocido,Yu,Kyung,Medium
10329,1.0171949261330746,-0.9790706892594535,11,-0.36813726256652907,2004-11-15,Shipped,4,11,2004,Motorcycles,-0.04269579318805746,S32_1374,Land of Toys Inc.,2125557818,897 Long Airport Avenue,Desconocido,NYC,NY,10022,USA,Desconocido,Yu,Kwai,Small
10340,2.043918780707471,0.8101579745265014,2,1.5904964072875518,2004-11-24,Shipped,4,11,2004,Motorcycles,-0.04269579318805746,S32_1374,Enaco Distributors,(93) 203 4555,"Rambla de Catalu¤a, 23",Desconocido,Barcelona,Desconocido,8022,Spain,EMEA,Saavedra,Eduardo,Medium
10353,1.119867311590515,-0.12337418782011912,5,0.09770683246181128,2004-12-04,Shipped,4,12,2004,Motorcycles,-0.04269579318805746,S32_1374,Gift Ideas Corp.,2035554407,2440 Pompton St.,Desconocido,Glendale,CT,97561,USA,Desconocido,Lewis,Dan,Medium
10363,1.5305568534202727,0.8101579745265014,2,1.641350615383655,2005-01-06,Shipped,1,1,2005,Motorcycles,-0.04269579318805746,S32_1374,Suominen Souveniers,+358 9 8045 555,"Software Engineering Center, SEC Oy",Desconocido,Espoo,Desconocido,FIN-02271,Finland,EMEA,Suominen,Kalle,Medium
10375,0.19581584247355846,0.8101579745265014,3,1.520131342844487,2005-02-03,Shipped,1,2,2005,Motorcycles,-0.04269579318805746,S32_1374,La Rochelle Gifts,40.67.8555,"67, rue des Cinquante Otages",Desconocido,Nantes,Desconocido,44000,France,EMEA,Labrune,Janine,Medium
10387,0.9145225406756355,0.557316018713025,1,0.3376040246956231,2005-03-02,Shipped,1,3,2005,Motorcycles,-0.04269579318805746,S32_1374,"Dragon Souveniers, Ltd.",+65 221 7555,"Bronz Sok., Bronz Apt. 3/6 Tesvikiye",Desconocido,Singapore,Desconocido,79903,Singapore,Japan,Natividad,Eric,Medium
10401,1.4278844679628335,0.8101579745265014,1,0.7812601545044565,2005-04-03,On Hold,2,4,2005,Motorcycles,-0.04269579318805746,S32_1374,Tekni Collectables Inc.,2015559350,7476 Moss Rd.,Desconocido,Newark,NJ,94019,USA,Desconocido,Brown,William,Medium
10416,1.0171949261330746,0.8101579745265014,2,0.6574452267095557,2005-05-10,Shipped,2,5,2005,Motorcycles,-0.04269579318805746,S32_1374,L'ordine Souveniers,0522-556555,Strada Provinciale 124,Desconocido,Reggio Emilia,Desconocido,42100,Italy,EMEA,Moroni,Maurizio,Medium
10108,-0.8309080121008378,-1.9934131237582238,13,-1.2927987206129201,2003-03-03,Shipped,1,3,2003,Motorcycles,-1.5110590444833905,S32_2206,Cruz & Sons Co.,+63 2 555 3587,15 McCallum Street - NatWest Center #13-03,Desconocido,Makati City,Desconocido,1227 MM,Philippines,Japan,Cruz,Arnold,Small
10122,-0.4202184702710794,-1.9334251303201249,17,-1.1780522954897215,2003-05-08,Shipped,2,5,2003,Motorcycles,-1.5110590444833905,S32_2206,Marseille Mini Autos,91.24.4555,"12, rue des Bouchers",Desconocido,Marseille,Desconocido,13008,France,EMEA,Lebihan,Laurence,Small
10135,-0.21487369935619993,-2.153050593899282,14,-1.2089340767435963,2003-07-02,Shipped,3,7,2003,Motorcycles,-1.5110590444833905,S32_2206,Mini Gifts Distributors Ltd.,4155551450,5677 Strong St.,Desconocido,San Rafael,CA,97562,USA,Desconocido,Nelson,Valarie,Small
10145,-0.4202184702710794,-2.372676057478439,1,-1.3271992981130605,2003-08-25,Shipped,3,8,2003,Motorcycles,-1.5110590444833905,S32_2206,Toys4GrownUps.com,6265557265,78934 Hillside Dr.,Desconocido,Pasadena,CA,90003,USA,Desconocido,Young,Julie,Small
10159,-0.009528928441320991,-2.392506799110869,9,-1.2570405828325848,2003-10-10,Shipped,4,10,2003,Motorcycles,-1.5110590444833905,S32_2206,Corporate Gift Ideas Co.,6505551386,7734 Strong St.,Desconocido,San Francisco,CA,Desconocido,USA,Desconocido,Brown,Julie,Small
10169,-0.9335803975582769,-2.1728813355317116,9,-1.3675025477114884,2003-11-04,Shipped,4,11,2003,Motorcycles,-1.5110590444833905,S32_2206,"Anna's Decorations, Ltd",02 9936 8555,201 Miller Street,Level 15,North Sydney,NSW,2060,Australia,APAC,O'Hara,Anna,Small
10180,-0.11220131389876072,-1.8937636470552655,4,-1.0905276691049919,2003-11-11,Shipped,4,11,2003,Motorcycles,-1.5110590444833905,S32_2206,Daedalus Designs Imports,20.16.1555,"184, chausse de Tournai",Desconocido,Lille,Desconocido,59000,France,EMEA,Rance,Martine,Small
10190,1.119867311590515,-2.5119870174462564,1,-1.105786646654383,2003-11-19,Shipped,4,11,2003,Motorcycles,-1.5110590444833905,S32_2206,Euro Shopping Channel,(91) 555 94 44,"C/ Moralzarzal, 86",Desconocido,Madrid,Desconocido,28034,Spain,EMEA,Freyre,Diego,Small
10211,0.6065053843033164,-2.0534011171963233,9,-0.9894165794360713,2004-01-15,Shipped,1,1,2004,Motorcycles,-1.5110590444833905,S32_2206,Auto Canal Petit,(1) 47.55.6555,"25, rue Lauriston",Desconocido,Paris,Desconocido,75016,France,EMEA,Perrier,Dominique,Small
10224,0.8118501552181958,-2.192712077164141,2,-1.0091555059101058,2004-02-21,Shipped,1,2,2004,Motorcycles,-1.5110590444833905,S32_2206,Daedalus Designs Imports,20.16.1555,"184, chausse de Tournai",Desconocido,Lille,Desconocido,59000,France,EMEA,Rance,Martine,Small
10237,-0.9335803975582769,-2.153050593899282,2,-1.3618550969458774,2004-04-05,Shipped,2,4,2004,Motorcycles,-1.5110590444833905,S32_2206,Vitachrome Inc.,2125551500,2678 Kingston Rd.,Suite 101,NYC,NY,10022,USA,Desconocido,Frick,Michael,Small
10252,0.09314345701611873,-1.7539569185466375,6,-0.9860281089767048,2004-05-26,Shipped,2,5,2004,Motorcycles,-1.5110590444833905,S32_2206,Auto Canal Petit,(1) 47.55.6555,"25, rue Lauriston",Desconocido,Paris,Desconocido,75016,France,EMEA,Perrier,Dominique,Small
10264,-1.5496147103029148,-2.531817759078686,4,-1.575904341444777,2004-06-30,Shipped,2,6,2004,Motorcycles,-1.5110590444833905,S32_2206,Gifts4AllAges.com,6175559555,8616 Spinnaker Dr.,Desconocido,Boston,MA,51003,USA,Desconocido,Yoshido,Juri,Small
10276,-0.8309080121008378,-2.332518805672769,10,-1.3930844136314822,2004-08-02,Shipped,3,8,2004,Motorcycles,-1.5110590444833905,S32_2206,Online Mini Collectables,6175557555,7635 Spinnaker Dr.,Desconocido,Brickhaven,MA,58339,USA,Desconocido,Barajas,Miguel,Small
10285,0.19581584247355846,-2.1133891106344227,1,-1.105477122910499,2004-08-27,Shipped,3,8,2004,Motorcycles,-1.5110590444833905,S32_2206,Marta's Replicas Co.,6175558555,39323 Spinnaker Dr.,Desconocido,Cambridge,MA,51247,USA,Desconocido,Hernandez,Marta,Small
10299,-1.1389251684731565,-2.0534011171963233,4,-1.37935133383703,2004-09-30,Shipped,3,9,2004,Motorcycles,-1.5110590444833905,S32_2206,"Toys of Finland, Co.",90-224 8555,Keskuskatu 45,Desconocido,Helsinki,Desconocido,21240,Finland,EMEA,Karttunen,Matti,Small
10310,0.09314345701611873,-2.013243865390654,17,-1.0882686887987474,2004-10-16,Shipped,4,10,2004,Motorcycles,-1.5110590444833905,S32_2206,"Toms Spezialitten, Ltd",0221-5554327,Mehrheimerstr. 369,Desconocido,Koln,Desconocido,50739,Germany,EMEA,Pfalzheim,Henriette,Small
10319,-0.6255632411859583,-2.2527000706022404,5,-1.327970392352211,2004-11-03,Shipped,4,11,2004,Motorcycles,-1.5110590444833905,S32_2206,Microscale Inc.,2125551957,5290 North Pendale Street,Suite 200,NYC,NY,10022,USA,Desconocido,Kuo,Kee,Small
10331,-0.728235626643398,0.8101579745265014,3,0.29794154354944735,2004-11-17,Shipped,4,11,2004,Motorcycles,-1.5110590444833905,S32_2206,Motor Mint Distributors Inc.,2155559857,11328 Douglas Av.,Desconocido,Philadelphia,PA,71270,USA,Desconocido,Hernandez,Rosa,Medium
10343,-0.6255632411859583,0.8101579745265014,5,0.08648795430628,2004-11-24,Shipped,4,11,2004,Motorcycles,-1.5110590444833905,S32_2206,Reims Collectables,26.47.1555,59 rue de l'Abbaye,Desconocido,Reims,Desconocido,51100,France,EMEA,Henriot,Paul,Medium
10355,0.29848822793099766,-2.1728813355317116,10,-1.1079587431026954,2004-12-07,Shipped,4,12,2004,Motorcycles,-1.5110590444833905,S32_2206,Euro Shopping Channel,(91) 555 94 44,"C/ Moralzarzal, 86",Desconocido,Madrid,Desconocido,28034,Spain,EMEA,Freyre,Diego,Small
10364,1.3252120825053932,-1.7539569185466375,1,-0.6714216594032039,2005-01-06,Shipped,1,1,2005,Motorcycles,-1.5110590444833905,S32_2206,Marseille Mini Autos,91.24.4555,"12, rue des Bouchers",Desconocido,Marseille,Desconocido,13008,France,EMEA,Lebihan,Laurence,Small
10378,0.5038329988458771,-0.05942004605553383,1,-0.13873672641918447,2005-02-10,Shipped,1,2,2005,Motorcycles,-1.5110590444833905,S32_2206,Euro Shopping Channel,(91) 555 94 44,"C/ Moralzarzal, 86",Desconocido,Madrid,Desconocido,28034,Spain,EMEA,Freyre,Diego,Medium
10390,0.6065053843033164,-1.9383828157282321,11,-0.9377641258952134,2005-03-04,Shipped,1,3,2005,Motorcycles,-1.5110590444833905,S32_2206,Mini Gifts Distributors Ltd.,4155551450,5677 Strong St.,Desconocido,San Rafael,CA,97562,USA,Desconocido,Nelson,Valarie,Small
10403,-0.5228908557285186,-2.153050593899282,2,-1.2744716568302883,2005-04-08,Shipped,2,4,2005,Motorcycles,-1.5110590444833905,S32_2206,"UK Collectables, Ltd.",(171) 555-2282,Berkeley Gardens 12  Brewery,Desconocido,Liverpool,Desconocido,WX1 6LT,UK,EMEA,Devon,Elizabeth,Small
10104,-0.009528928441320991,-1.7866776422401465,11,-1.0247891700968312,2003-01-31,Shipped,1,1,2003,Trucks and Buses,-1.1626338662099214,S32_2509,Euro Shopping Channel,(91) 555 94 44,"C/ Moralzarzal, 86",Desconocido,Madrid,Desconocido,28034,Spain,EMEA,Freyre,Diego,Small
10114,-0.728235626643398,-1.3846093556426375,2,-1.0824909122462376,2003-04-01,Shipped,2,4,2003,Trucks and Buses,-1.1626338662099214,S32_2509,"La Corne D'abondance, Co.",(1) 42.34.2555,"265, boulevard Charonne",Desconocido,Paris,Desconocido,75012,France,EMEA,Bertrand,Marie,Small
10127,1.0171949261330746,-1.5720098640690965,13,-0.6603928396869001,2003-06-03,Shipped,2,6,2003,Trucks and Buses,-1.1626338662099214,S32_2509,Muscle Machine Inc,2125557413,4092 Furth Circle,Suite 400,NYC,NY,10022,USA,Desconocido,Young,Jeff,Small
10141,-1.1389251684731565,-1.8674879143922967,7,-1.3304791637500115,2003-08-01,Shipped,3,8,2003,Trucks and Buses,-1.1626338662099214,S32_2509,Suominen Souveniers,+358 9 8045 555,"Software Engineering Center, SEC Oy",Desconocido,Espoo,Desconocido,FIN-02271,Finland,EMEA,Suominen,Kalle,Small
10151,0.6065053843033164,-0.9820453005043179,5,-0.5082917858938566,2003-09-21,Shipped,3,9,2003,Trucks and Buses,-1.1626338662099214,S32_2509,"Oulu Toy Supplies, Inc.",981-443655,Torikatu 38,Desconocido,Oulu,Desconocido,90110,Finland,EMEA,Koskitalo,Pirkko,Small
10165,1.3252120825053932,-1.8674879143922967,14,-0.7311108698028159,2003-10-22,Shipped,4,10,2003,Trucks and Buses,-1.1626338662099214,S32_2509,"Dragon Souveniers, Ltd.",+65 221 7555,"Bronz Sok., Bronz Apt. 3/6 Tesvikiye",Desconocido,Singapore,Desconocido,79903,Singapore,Japan,Natividad,Eric,Small
10175,1.5305568534202727,-1.0088168017080978,3,-0.2109046309143487,2003-11-06,Shipped,4,11,2003,Trucks and Buses,-1.1626338662099214,S32_2509,"Stylish Desk Decors, Co.",(171) 555-0297,35 King George,Desconocido,London,Desconocido,WX3 6FW,UK,EMEA,Brown,Ann,Medium
10184,-0.21487369935619993,-1.0355883029118773,8,-0.8050218816977502,2003-11-14,Shipped,4,11,2003,Trucks and Buses,-1.1626338662099214,S32_2509,"Iberia Gift Imports, Corp.",(95) 555 82 82,"C/ Romero, 33",Desconocido,Sevilla,Desconocido,41101,Spain,EMEA,Roel,Jose Pedro,Small
10195,-0.31754608481363966,-2.001345420411196,8,-1.1776070157178173,2003-11-25,Shipped,4,11,2003,Trucks and Buses,-1.1626338662099214,S32_2509,Mini Classics,9145554562,3758 North Pendale Street,Desconocido,White Plains,NY,24067,USA,Desconocido,Frick,Steve,Small
10207,-0.8309080121008378,-1.1699415774715876,9,-1.0492686970693068,2003-12-09,Shipped,4,12,2003,Trucks and Buses,-1.1626338662099214,S32_2509,Diecast Collectables,6175552555,6251 Ingle Ln.,Desconocido,Boston,MA,51003,USA,Desconocido,Franco,Valarie,Small
10219,-0.009528928441320991,-1.4113808568464172,4,-0.8809149316017693,2004-02-10,Shipped,1,2,2004,Trucks and Buses,-1.1626338662099214,S32_2509,Signal Collectibles Ltd.,4155554312,2793 Furth Circle,Desconocido,Brisbane,CA,94217,USA,Desconocido,Taylor,Sue,Small
10229,-1.2415975539305957,-1.464923859253977,3,-1.2540376594927938,2004-03-11,Shipped,1,3,2004,Trucks and Buses,-1.1626338662099214,S32_2509,Mini Gifts Distributors Ltd.,4155551450,5677 Strong St.,Desconocido,San Rafael,CA,97562,USA,Desconocido,Nelson,Valarie,Small
10246,-0.009528928441320991,-1.7331346398325864,7,-1.0042628586602833,2004-05-05,Shipped,2,5,2004,Trucks and Buses,-1.1626338662099214,S32_2509,Euro Shopping Channel,(91) 555 94 44,"C/ Moralzarzal, 86",Desconocido,Madrid,Desconocido,28034,Spain,EMEA,Freyre,Diego,Small
10259,0.5038329988458771,-1.974573919207416,6,-0.9778175844020855,2004-06-15,Shipped,2,6,2004,Trucks and Buses,-1.1626338662099214,S32_2509,Handji Gifts& Co,+65 224 1555,Village Close - 106 Linden Road Sandown,2nd Floor,Singapore,Desconocido,69045,Singapore,APAC,Victorino,Wendy,Small
10271,-0.009528928441320991,-1.7866776422401465,7,-1.0247891700968312,2004-07-20,Shipped,3,7,2004,Trucks and Buses,-1.1626338662099214,S32_2509,Mini Gifts Distributors Ltd.,4155551450,5677 Strong St.,Desconocido,San Rafael,CA,97562,USA,Desconocido,Nelson,Valarie,Small
10281,-0.4202184702710794,-1.4113808568464172,3,-1.000792934584105,2004-08-19,Shipped,3,8,2004,Trucks and Buses,-1.1626338662099214,S32_2509,Diecast Classics Inc.,2155551555,7586 Pompton St.,Desconocido,Allentown,PA,70267,USA,Desconocido,Yu,Kyung,Small
10292,1.5305568534202727,-1.8407164131885168,10,-0.6665018609477773,2004-09-08,Shipped,3,9,2004,Trucks and Buses,-1.1626338662099214,S32_2509,Land of Toys Inc.,2125557818,897 Long Airport Avenue,Desconocido,NYC,NY,10022,USA,Desconocido,Yu,Kwai,Small
10305,0.5038329988458771,-1.2770275822867074,7,-0.6722036141245962,2004-10-13,Shipped,4,10,2004,Trucks and Buses,-1.1626338662099214,S32_2509,Marta's Replicas Co.,6175558555,39323 Spinnaker Dr.,Desconocido,Cambridge,MA,51247,USA,Desconocido,Hernandez,Marta,Small
10313,0.29848822793099766,-1.8942594155960766,1,-0.9919905137273209,2004-10-22,Shipped,4,10,2004,Trucks and Buses,-1.1626338662099214,S32_2509,Canadian Gift Exchange Network,(604) 555-3392,1900 Oak St.,Desconocido,Vancouver,BC,V3F 2K1,Canada,Desconocido,Tannamuri,Yoshi,Small
10325,0.29848822793099766,0.8101579745265014,3,2.872722952413934,2004-11-05,Shipped,4,11,2004,Trucks and Buses,-1.1626338662099214,S32_2509,Baane Mini Imports,07-98 9555,Erling Skakkes gate 78,Desconocido,Stavern,Desconocido,4110,Norway,EMEA,Bergulfsen,Jonas,Large
10335,0.5038329988458771,-1.1431700762678076,3,-0.6135570100201738,2004-11-19,Shipped,4,11,2004,Trucks and Buses,-1.1626338662099214,S32_2509,Mini Gifts Distributors Ltd.,4155551450,5677 Strong St.,Desconocido,San Rafael,CA,97562,USA,Desconocido,Nelson,Valarie,Small
10349,-0.21487369935619993,-1.8407164131885168,1,-1.0960393638425834,2004-12-01,Shipped,4,12,2004,Trucks and Buses,-1.1626338662099214,S32_2509,Muscle Machine Inc,2125557413,4092 Furth Circle,Suite 400,NYC,NY,10022,USA,Desconocido,Young,Jeff,Small
10359,0.09314345701611873,0.8101579745265014,3,1.5230691032908286,2004-12-15,Shipped,4,12,2004,Trucks and Buses,-1.1626338662099214,S32_2509,Reims Collectables,26.47.1555,59 rue de l'Abbaye,Desconocido,Reims,Desconocido,51100,France,EMEA,Henriot,Paul,Medium
10371,-1.5496147103029148,-0.8521539428119044,2,-1.2079512031007351,2005-01-23,Shipped,1,1,2005,Trucks and Buses,-1.1626338662099214,S32_2509,Mini Gifts Distributors Ltd.,4155551450,5677 Strong St.,Desconocido,San Rafael,CA,97562,USA,Desconocido,Nelson,Valarie,Small
10383,-0.31754608481363966,-1.5110303335493755,5,-1.005750744727377,2005-02-22,Shipped,1,2,2005,Trucks and Buses,-1.1626338662099214,S32_2509,Euro Shopping Channel,(91) 555 94 44,"C/ Moralzarzal, 86",Desconocido,Madrid,Desconocido,28034,Spain,EMEA,Freyre,Diego,Small
10394,0.09314345701611873,-1.0355883029118773,3,-0.7027650111523452,2005-03-15,Shipped,1,3,2005,Trucks and Buses,-1.1626338662099214,S32_2509,Euro Shopping Channel,(91) 555 94 44,"C/ Moralzarzal, 86",Desconocido,Madrid,Desconocido,28034,Spain,EMEA,Freyre,Diego,Small
10412,-1.6522870957603546,-1.7331346398325864,7,-1.4273872467914486,2005-05-03,Shipped,2,5,2005,Trucks and Buses,-1.1626338662099214,S32_2509,Euro Shopping Channel,(91) 555 94 44,"C/ Moralzarzal, 86",Desconocido,Madrid,Desconocido,28034,Spain,EMEA,Freyre,Diego,Small
10425,-2.4736661794198707,-1.974573919207416,6,-1.6680392425410486,2005-05-31,In Process,2,5,2005,Trucks and Buses,-1.1626338662099214,S32_2509,La Rochelle Gifts,40.67.8555,"67, rue des Cinquante Otages",Desconocido,Nantes,Desconocido,44000,France,EMEA,Labrune,Janine,Small
10104,1.4278844679628335,-0.8819000552605483,4,-0.17716654283094357,2003-01-31,Shipped,1,1,2003,Trains,-0.9635337643393678,S32_3207,Euro Shopping Channel,(91) 555 94 44,"C/ Moralzarzal, 86",Desconocido,Madrid,Desconocido,28034,Spain,EMEA,Freyre,Diego,Medium
10116,-0.8309080121008378,-1.0053464219224224,1,-1.0005920156626362,2003-04-11,Shipped,2,4,2003,Trains,-0.9635337643393678,S32_3207,Royale Belge,(071) 23 67 2555,"Boulevard Tirou, 255",Desconocido,Charleroi,Desconocido,B-6000,Belgium,EMEA,Cartrain,Pascale,Small
10127,-0.6255632411859583,-0.6355030904776116,6,-0.8142804428086797,2003-06-03,Shipped,2,6,2003,Trains,-0.9635337643393678,S32_3207,Muscle Machine Inc,2125557413,4092 Furth Circle,Suite 400,NYC,NY,10022,USA,Desconocido,Young,Jeff,Small
10142,0.7091777697607561,-0.45058142475520635,16,-0.22912852011568574,2003-08-08,Shipped,3,8,2003,Trains,-0.9635337643393678,S32_3207,Mini Gifts Distributors Ltd.,4155551450,5677 Strong St.,Desconocido,San Rafael,CA,97562,USA,Desconocido,Nelson,Valarie,Medium
10152,-0.21487369935619993,-1.62158671815017,2,-1.0168338668548886,2003-09-25,Shipped,3,9,2003,Trains,-0.9635337643393678,S32_3207,"Australian Gift Network, Co",61-7-3844-6555,31 Duncan St. West End,Desconocido,South Brisbane,Queensland,4101,Australia,APAC,Calaghan,Tony,Small
10165,0.9145225406756355,-1.4981403514882967,7,-0.6530022815215185,2003-10-22,Shipped,4,10,2003,Trains,-0.9635337643393678,S32_3207,"Dragon Souveniers, Ltd.",+65 221 7555,"Bronz Sok., Bronz Apt. 3/6 Tesvikiye",Desconocido,Singapore,Desconocido,79903,Singapore,Japan,Natividad,Eric,Small
10176,-1.3442699393880353,-0.9746087723921568,6,-1.1652695078914055,2003-11-06,Shipped,4,11,2003,Trains,-0.9635337643393678,S32_3207,L'ordine Souveniers,0522-556555,Strada Provinciale 124,Desconocido,Reggio Emilia,Desconocido,42100,Italy,EMEA,Moroni,Maurizio,Small
10184,1.3252120825053932,-1.62158671815017,1,-0.6018276891992895,2003-11-14,Shipped,4,11,2003,Trains,-0.9635337643393678,S32_3207,"Iberia Gift Imports, Corp.",(95) 555 82 82,"C/ Romero, 33",Desconocido,Sevilla,Desconocido,41101,Spain,EMEA,Roel,Jose Pedro,Small
10195,-0.21487369935619993,-1.4366650524277649,1,-0.9499930288992097,2003-11-25,Shipped,4,11,2003,Trains,-0.9635337643393678,S32_3207,Mini Classics,9145554562,3758 North Pendale Street,Desconocido,White Plains,NY,24067,USA,Desconocido,Frick,Steve,Small
10207,1.0171949261330746,-1.3439563352961572,2,-0.5479868484867573,2003-12-09,Shipped,4,12,2003,Trains,-0.9635337643393678,S32_3207,Diecast Collectables,6175552555,6251 Ingle Ln.,Desconocido,Boston,MA,51003,USA,Desconocido,Franco,Valarie,Small
10220,-1.5496147103029148,-1.5288780010185623,6,-1.3561967856980248,2004-02-12,Shipped,1,2,2004,Trains,-0.9635337643393678,S32_3207,"Clover Collections, Co.",+353 1862 1555,25 Maiden Lane,Floor No. 4,Dublin,Desconocido,2,Ireland,EMEA,Cassidy,Dean,Small
10230,1.119867311590515,-1.1282970200434859,4,-0.40861971012194265,2004-03-15,Shipped,1,3,2004,Trains,-0.9635337643393678,S32_3207,"Blauer See Auto, Co.",+49 69 66 90 2555,Lyonerstr. 34,Desconocido,Frankfurt,Desconocido,60528,Germany,EMEA,Keitel,Roland,Small
10247,0.5038329988458771,-1.6830620172107018,6,-0.8500983132413437,2004-05-05,Shipped,2,5,2004,Trains,-0.9635337643393678,S32_3207,Suominen Souveniers,+358 9 8045 555,"Software Engineering Center, SEC Oy",Desconocido,Espoo,Desconocido,FIN-02271,Finland,EMEA,Suominen,Kalle,Small
10272,1.0171949261330746,-0.9433753543210806,6,-0.3505432813352024,2004-07-20,Shipped,3,7,2004,Trains,-0.9635337643393678,S32_3207,Diecast Classics Inc.,2155551555,7586 Pompton St.,Desconocido,Allentown,PA,70267,USA,Desconocido,Yu,Kyung,Small
10282,0.09314345701611873,-1.1902680876448282,9,-0.7637574794209442,2004-08-20,Shipped,3,8,2004,Trains,-0.9635337643393678,S32_3207,Mini Gifts Distributors Ltd.,4155551450,5677 Strong St.,Desconocido,San Rafael,CA,97562,USA,Desconocido,Nelson,Valarie,Small
10292,-0.4202184702710794,-0.7896871066697512,3,-0.7896977412549094,2004-09-08,Shipped,3,9,2004,Trains,-0.9635337643393678,S32_3207,Land of Toys Inc.,2125557818,897 Long Airport Avenue,Desconocido,NYC,NY,10022,USA,Desconocido,Yu,Kwai,Small
10306,1.119867311590515,-1.6523243676804362,17,-0.6726488938965002,2004-10-14,Shipped,4,10,2004,Trains,-0.9635337643393678,S32_3207,"AV Stores, Co.",(171) 555-1555,Fauntleroy Circus,Desconocido,Manchester,Desconocido,EC2 5NT,UK,EMEA,Ashworth,Victoria,Small
10314,-0.009528928441320991,-0.8511624057302833,9,-0.6661488952749265,2004-10-22,Shipped,4,10,2004,Trains,-0.9635337643393678,S32_3207,Heintze Collectables,86 21 3555,Smagsloget 45,Desconocido,Aaarhus,Desconocido,8200,Denmark,EMEA,Ibsen,Palle,Small
10325,-0.728235626643398,0.8101579745265014,2,0.990210402590944,2004-11-05,Shipped,4,11,2004,Trains,-0.9635337643393678,S32_3207,Baane Mini Imports,07-98 9555,Erling Skakkes gate 78,Desconocido,Stavern,Desconocido,4110,Norway,EMEA,Bergulfsen,Jonas,Medium
10336,-0.4202184702710794,0.05212787562688243,9,-0.5038607091393001,2004-11-20,Shipped,4,11,2004,Trains,-0.9635337643393678,S32_3207,"La Corne D'abondance, Co.",(1) 42.34.2555,"265, boulevard Charonne",Desconocido,Paris,Desconocido,75012,France,EMEA,Bertrand,Marie,Small
10350,-0.8309080121008378,0.8101579745265014,14,0.4629339897632214,2004-12-02,Shipped,4,12,2004,Trains,-0.9635337643393678,S32_3207,Euro Shopping Channel,(91) 555 94 44,"C/ Moralzarzal, 86",Desconocido,Madrid,Desconocido,28034,Spain,EMEA,Freyre,Diego,Medium
10359,-1.3442699393880353,0.8101579745265014,1,0.4058187136548595,2004-12-15,Shipped,4,12,2004,Trains,-0.9635337643393678,S32_3207,Reims Collectables,26.47.1555,59 rue de l'Abbaye,Desconocido,Reims,Desconocido,51100,France,EMEA,Henriot,Paul,Medium
10371,-0.5228908557285186,0.7878483901900184,11,-0.3081059469763077,2005-01-23,Shipped,1,1,2005,Trains,-0.9635337643393678,S32_3207,Mini Gifts Distributors Ltd.,4155551450,5677 Strong St.,Desconocido,San Rafael,CA,97562,USA,Desconocido,Nelson,Valarie,Small
10383,0.9145225406756355,-2.359290306876549,8,-1.0680247499004802,2005-02-22,Shipped,1,2,2005,Trains,-0.9635337643393678,S32_3207,Euro Shopping Channel,(91) 555 94 44,"C/ Moralzarzal, 86",Desconocido,Madrid,Desconocido,28034,Spain,EMEA,Freyre,Diego,Small
10394,-0.5228908557285186,-1.1590346695737515,4,-0.9478426534153808,2005-03-15,Shipped,1,3,2005,Trains,-0.9635337643393678,S32_3207,Euro Shopping Channel,(91) 555 94 44,"C/ Moralzarzal, 86",Desconocido,Madrid,Desconocido,28034,Spain,EMEA,Freyre,Diego,Small
10413,-1.1389251684731565,-1.6830620172107018,6,-1.281997971023689,2005-05-05,Shipped,2,5,2005,Trains,-0.9635337643393678,S32_3207,Gift Depot Inc.,2035552570,25593 South Bay Ln.,Desconocido,Bridgewater,CT,97562,USA,Desconocido,King,Julie,Small
10103,1.0171949261330746,-0.3980299594292685,7,-0.08174634585660026,2003-01-29,Shipped,1,1,2003,Trucks and Buses,-0.9137587388717294,S32_3522,Baane Mini Imports,07-98 9555,Erling Skakkes gate 78,Desconocido,Stavern,Desconocido,4110,Norway,EMEA,Bergulfsen,Jonas,Medium
10113,-1.2415975539305957,-0.7505213919457032,1,-1.0740631780267873,2003-03-26,Shipped,1,3,2003,Trucks and Buses,-0.9137587388717294,S32_3522,Mini Gifts Distributors Ltd.,4155551450,5677 Strong St.,Desconocido,San Rafael,CA,97562,USA,Desconocido,Nelson,Valarie,Small
10126,-0.9335803975582769,-1.0390586826975525,7,-1.0446095501876775,2003-05-28,Shipped,2,5,2003,Trucks and Buses,-0.9137587388717294,S32_3522,"Corrida Auto Replicas, Ltd",(91) 555 22 82,"C/ Araquil, 67",Desconocido,Madrid,Desconocido,28023,Spain,EMEA,Sommer,Mart¡n,Small
10140,-0.728235626643398,-1.135237779614836,7,-1.0060113963011745,2003-07-24,Shipped,3,7,2003,Trucks and Buses,-0.9137587388717294,S32_3522,Technics Stores Inc.,6505556809,9408 Furth Circle,Desconocido,Burlingame,CA,94217,USA,Desconocido,Hirano,Juri,Small
10150,1.4278844679628335,-1.2631460631440066,4,-0.3817834585030486,2003-09-19,Shipped,3,9,2003,Trucks and Buses,-0.9137587388717294,S32_3522,"Dragon Souveniers, Ltd.",+65 221 7555,"Bronz Sok., Bronz Apt. 3/6 Tesvikiye",Desconocido,Singapore,Desconocido,79903,Singapore,Japan,Natividad,Eric,Small
10164,1.4278844679628335,-1.4237750703666858,5,-0.4679939665365494,2003-10-21,Resolved,4,10,2003,Trucks and Buses,-0.9137587388717294,S32_3522,Mini Auto Werke,7675-3555,Kirchgasse 6,Desconocido,Graz,Desconocido,8010,Austria,EMEA,Mendel,Roland,Small
10175,-0.6255632411859583,-0.4302549145819662,12,-0.749084967912597,2003-11-06,Shipped,4,11,2003,Trucks and Buses,-0.9137587388717294,S32_3522,"Stylish Desk Decors, Co.",(171) 555-0297,35 King George,Desconocido,London,Desconocido,WX3 6FW,UK,EMEA,Brown,Ann,Small
10183,1.4278844679628335,-0.9428795857802695,4,-0.2098946060658836,2003-11-13,Shipped,4,11,2003,Trucks and Buses,-0.9137587388717294,S32_3522,"Classic Gift Ideas, Inc",2155554695,782 First Street,Desconocido,Philadelphia,PA,71270,USA,Desconocido,Cervantes,Francisca,Medium
10194,0.4011606133884374,-1.4237750703666858,7,-0.766331413712194,2003-11-25,Shipped,4,11,2003,Trucks and Buses,-0.9137587388717294,S32_3522,"Saveley & Henriot, Co.",78.32.5555,"2, rue du Commerce",Desconocido,Lyon,Desconocido,69004,France,EMEA,Saveley,Mary,Small
10206,0.09314345701611873,-1.2314168765321194,2,-0.7799830398898345,2003-12-05,Shipped,4,12,2003,Trucks and Buses,-0.9137587388717294,S32_3522,Canadian Gift Exchange Network,(604) 555-3392,1900 Oak St.,Desconocido,Vancouver,BC,V3F 2K1,Canada,Desconocido,Tannamuri,Yoshi,Small
10217,0.4011606133884374,-1.0712836378502506,7,-0.6157562576740898,2004-02-04,Shipped,1,2,2004,Trucks and Buses,-0.9137587388717294,S32_3522,Handji Gifts& Co,+65 224 1555,Village Close - 106 Linden Road Sandown,2nd Floor,Singapore,Desconocido,69045,Singapore,APAC,Victorino,Wendy,Small
10229,-0.5228908557285186,-0.5264340114992487,12,-0.7399730233119287,2004-03-11,Shipped,1,3,2004,Trucks and Buses,-0.9137587388717294,S32_3522,Mini Gifts Distributors Ltd.,4155551450,5677 Strong St.,Desconocido,San Rafael,CA,97562,USA,Desconocido,Nelson,Valarie,Small
10245,0.9145225406756355,-0.718792205333816,5,-0.27740336367941865,2004-05-04,Shipped,2,5,2004,Trucks and Buses,-0.9137587388717294,S32_3522,Super Scale Inc.,2035559545,567 North Pendale Street,Desconocido,New Haven,CT,97823,USA,Desconocido,Murphy,Leslie,Medium
10258,-1.5496147103029148,-1.1030128244621382,2,-1.262905243243027,2004-06-15,Shipped,2,6,2004,Trucks and Buses,-0.9137587388717294,S32_3522,"Tokyo Collectables, Ltd",+81 3 3584 0555,2-2-8 Roppongi,Desconocido,Minato-ku,Tokyo,106-0032,Japan,Japan,Shimamura,Akiko,Small
10270,-1.4469423248454751,-1.006833727544855,5,-1.207435330194261,2004-07-19,Shipped,3,7,2004,Trucks and Buses,-0.9137587388717294,S32_3522,Souveniers And Things Co.,+61 2 9495 8555,"Monitor Money Building, 815 Pacific Hwy",Level 6,Chatswood,NSW,2067,Australia,APAC,Huxley,Adrian,Small
10281,0.09314345701611873,-0.30185086251198545,12,-0.4134417642371951,2004-08-19,Shipped,3,8,2004,Trucks and Buses,-0.9137587388717294,S32_3522,Diecast Classics Inc.,2155551555,7586 Pompton St.,Desconocido,Allentown,PA,70267,USA,Desconocido,Yu,Kyung,Small
10291,-0.31754608481363966,-0.5903881532638344,7,-0.6830640963661558,2004-09-08,Shipped,3,9,2004,Trucks and Buses,-0.9137587388717294,S32_3522,Scandinavian Gift Ideas,0695-34 6555,?kergatan 24,Desconocido,Boras,Desconocido,S-844 67,Sweden,EMEA,Larsson,Maria,Small
10304,0.09314345701611873,-0.5264340114992487,2,-0.5019981364348727,2004-10-11,Shipped,4,10,2004,Trucks and Buses,-0.9137587388717294,S32_3522,Auto Assoc. & Cie.,30.59.8555,"67, avenue de l'Europe",Desconocido,Versailles,Desconocido,78000,France,EMEA,Tonini,Daniel,Small
10313,-0.11220131389876072,-1.3593251600612897,10,-0.8914984715461691,2004-10-22,Shipped,4,10,2004,Trucks and Buses,-0.9137587388717294,S32_3522,Canadian Gift Exchange Network,(604) 555-3392,1900 Oak St.,Desconocido,Vancouver,BC,V3F 2K1,Canada,Desconocido,Tannamuri,Yoshi,Small
10324,1.3252120825053932,0.8101579745265014,4,2.5280764089602785,2004-11-05,Shipped,4,11,2004,Trucks and Buses,-0.9137587388717294,S32_3522,Vitachrome Inc.,2125551500,2678 Kingston Rd.,Suite 101,NYC,NY,10022,USA,Desconocido,Frick,Michael,Large
10333,-0.21487369935619993,-0.4942090563465515,4,-0.6093377126693279,2004-11-18,Shipped,4,11,2004,Trucks and Buses,-0.9137587388717294,S32_3522,Mini Wheels Co.,6505555787,5557 North Pendale Street,Desconocido,San Francisco,CA,Desconocido,USA,Desconocido,Murphy,Julie,Small
10348,-0.4202184702710794,0.8101579745265014,5,-0.2247571760134582,2004-11-01,Shipped,4,11,2004,Trucks and Buses,-0.9137587388717294,S32_3522,"Corrida Auto Replicas, Ltd",(91) 555 22 82,"C/ Araquil, 67",Desconocido,Madrid,Desconocido,28023,Spain,EMEA,Sommer,Mart¡n,Medium
10358,0.09314345701611873,0.8101579745265014,2,1.1489037691046144,2004-12-10,Shipped,4,12,2004,Trucks and Buses,-0.9137587388717294,S32_3522,Euro Shopping Channel,(91) 555 94 44,"C/ Moralzarzal, 86",Desconocido,Madrid,Desconocido,28034,Spain,EMEA,Freyre,Diego,Medium
10370,-1.0362527830157167,0.8101579745265014,3,-0.21375550750275815,2005-01-20,Shipped,1,1,2005,Trucks and Buses,-0.9137587388717294,S32_3522,"Anna's Decorations, Ltd",02 9936 8555,201 Miller Street,Level 15,North Sydney,NSW,2060,Australia,APAC,O'Hara,Anna,Medium
10382,1.3252120825053932,0.8101579745265014,8,1.7625427367172197,2005-02-17,Shipped,1,2,2005,Trucks and Buses,-0.9137587388717294,S32_3522,Mini Gifts Distributors Ltd.,4155551450,5677 Strong St.,Desconocido,San Rafael,CA,97562,USA,Desconocido,Nelson,Valarie,Medium
10411,-0.8309080121008378,-0.718792205333816,5,-0.915847672731746,2005-05-01,Shipped,2,5,2005,Trucks and Buses,-0.9137587388717294,S32_3522,Quebec Home Shopping Network,(514) 555-8054,43 rue St. Laurent,Desconocido,Montreal,Quebec,H1J 1C3,Canada,Desconocido,Fresnisre,Jean,Small
10424,0.9145225406756355,-1.1030128244621382,2,-0.46257458589801126,2005-05-31,In Process,2,5,2005,Trucks and Buses,-0.9137587388717294,S32_3522,Euro Shopping Channel,(91) 555 94 44,"C/ Moralzarzal, 86",Desconocido,Madrid,Desconocido,28034,Spain,EMEA,Freyre,Diego,Small
10106,-0.21487369935619993,-0.5323832339889779,5,-0.6231359553572293,2003-02-17,Shipped,1,2,2003,Vintage Cars,-0.8142086879364526,S32_4289,Rovelli Gifts,035-640555,Via Ludovico il Moro 22,Desconocido,Bergamo,Desconocido,24100,Italy,EMEA,Rovelli,Giovanni,Small
10120,-0.6255632411859583,-0.566591263304919,11,-0.7923911408508163,2003-04-29,Shipped,2,4,2003,Vintage Cars,-0.8142086879364526,S32_4289,"Australian Collectors, Co.",03 9520 4555,636 St Kilda Road,Level 3,Melbourne,Victoria,3004,Australia,APAC,Ferguson,Peter,Small
10133,1.4278844679628335,-1.3166890655515664,6,-0.4105202945142156,2003-06-27,Shipped,2,6,2003,Vintage Cars,-0.8142086879364526,S32_4289,Euro Shopping Channel,(91) 555 94 44,"C/ Moralzarzal, 86",Desconocido,Madrid,Desconocido,28034,Spain,EMEA,Freyre,Diego,Small
10144,-1.5496147103029148,-0.0891661585041777,1,-1.0408083814031317,2003-08-13,Shipped,3,8,2003,Vintage Cars,-0.8142086879364526,S32_4289,Royale Belge,(071) 23 67 2555,"Boulevard Tirou, 255",Desconocido,Charleroi,Desconocido,B-6000,Belgium,EMEA,Cartrain,Pascale,Small
10168,-0.4202184702710794,-0.49817520467303733,12,-0.6907153061053347,2003-10-28,Shipped,4,10,2003,Vintage Cars,-0.8142086879364526,S32_4289,Technics Stores Inc.,6505556809,9408 Furth Circle,Desconocido,Burlingame,CA,94217,USA,Desconocido,Hirano,Juri,Small
10210,0.4011606133884374,-1.2145607461445542,10,-0.6769605053463993,2004-01-12,Shipped,1,1,2004,Vintage Cars,-0.8142086879364526,S32_4289,Osaka Souveniers Co.,+81 06 6342 5555,"Dojima Avanza 4F, 1-6-20 Dojima, Kita-ku",Desconocido,Osaka,Osaka,530-0003,Japan,Japan,Kentary,Mory,Small
10223,-1.5496147103029148,-0.8734719900667657,12,-1.2126212104646057,2004-02-20,Shipped,1,2,2004,Vintage Cars,-0.8142086879364526,S32_4289,"Australian Collectors, Co.",03 9520 4555,636 St Kilda Road,Level 3,Melbourne,Victoria,3004,Australia,APAC,Ferguson,Peter,Small
10235,-0.11220131389876072,-0.293918565859013,6,-0.49473247381526925,2004-04-02,Shipped,2,4,2004,Vintage Cars,-0.8142086879364526,S32_4289,"Royal Canadian Collectables, Ltd.",(604) 555-4555,23 Tsawassen Blvd.,Desconocido,Tsawassen,BC,T2F 8M4,Canada,Desconocido,Lincoln,Elizabeth,Small
10250,1.5305568534202727,-1.112432426737542,7,-0.2676506506264979,2004-05-11,Shipped,2,5,2004,Vintage Cars,-0.8142086879364526,S32_4289,The Sharp Gifts Warehouse,4085553659,3086 Ingle Ln.,Desconocido,San Jose,CA,94217,USA,Desconocido,Frick,Sue,Medium
10262,0.5038329988458771,-0.2255025072271309,2,-0.2115019574376344,2004-06-24,Cancelled,2,6,2004,Vintage Cars,-0.8142086879364526,S32_4289,Euro Shopping Channel,(91) 555 94 44,"C/ Moralzarzal, 86",Desconocido,Madrid,Desconocido,28034,Spain,EMEA,Freyre,Diego,Medium
10275,-0.728235626643398,-0.9760960780145892,12,-0.9572043891076052,2004-07-23,Shipped,3,7,2004,Vintage Cars,-0.8142086879364526,S32_4289,La Rochelle Gifts,40.67.8555,"67, rue des Cinquante Otages",Desconocido,Nantes,Desconocido,44000,France,EMEA,Labrune,Janine,Small
10284,1.5305568534202727,-0.0891661585041777,4,0.2927502330379816,2004-08-21,Shipped,3,8,2004,Vintage Cars,-0.8142086879364526,S32_4289,"Norway Gifts By Mail, Co.",+47 2212 1555,"Drammensveien 126 A, PB 744 Sentrum",Desconocido,Oslo,Desconocido,N 0106,Norway,EMEA,Klaeboe,Jan,Medium
10297,-0.728235626643398,-0.19129447791119028,7,-0.7165143816701597,2004-09-16,Shipped,3,9,2004,Vintage Cars,-0.8142086879364526,S32_4289,"Clover Collections, Co.",+353 1862 1555,25 Maiden Lane,Floor No. 4,Dublin,Desconocido,2,Ireland,EMEA,Cassidy,Dean,Small
10308,1.119867311590515,-0.8734719900667657,10,-0.28022708906222393,2004-10-15,Shipped,4,10,2004,Vintage Cars,-0.8142086879364526,S32_4289,Mini Classics,9145554562,3758 North Pendale Street,Desconocido,White Plains,NY,24067,USA,Desconocido,Frick,Steve,Medium
10316,-1.1389251684731565,-1.2145607461445542,2,-1.1588401024044024,2004-11-01,Shipped,4,11,2004,Vintage Cars,-0.8142086879364526,S32_4289,giftsbymail.co.uk,(198) 555-8888,Garden House Crowther Way,Desconocido,Cowes,Isle of Wight,PO31 7PJ,UK,EMEA,Bennett,Helen,Small
10328,-1.1389251684731565,-0.12337418782011912,5,-0.8719930454403281,2004-11-12,Shipped,4,11,2004,Vintage Cars,-0.8142086879364526,S32_4289,Rovelli Gifts,035-640555,Via Ludovico il Moro 22,Desconocido,Bergamo,Desconocido,24100,Italy,EMEA,Rovelli,Giovanni,Small
10340,0.4011606133884374,-1.2145607461445542,3,-0.6769605053463993,2004-11-24,Shipped,4,11,2004,Vintage Cars,-0.8142086879364526,S32_4289,Enaco Distributors,(93) 203 4555,"Rambla de Catalu¤a, 23",Desconocido,Barcelona,Desconocido,8022,Spain,EMEA,Saavedra,Eduardo,Small
10353,0.5038329988458771,-1.940861658432286,7,-0.9630473285535643,2004-12-04,Shipped,4,12,2004,Vintage Cars,-0.8142086879364526,S32_4289,Gift Ideas Corp.,2035554407,2440 Pompton St.,Desconocido,Glendale,CT,97561,USA,Desconocido,Lewis,Dan,Small
10361,1.4278844679628335,-0.5616335778968117,2,-0.005277690393778355,2004-12-17,Shipped,4,12,2004,Vintage Cars,-0.8142086879364526,S32_4289,Souveniers And Things Co.,+61 2 9495 8555,"Monitor Money Building, 815 Pacific Hwy",Level 6,Chatswood,NSW,2067,Australia,APAC,Huxley,Adrian,Medium
10375,0.9145225406756355,-0.06933541687174845,4,0.03559573452233156,2005-02-03,Shipped,1,2,2005,Vintage Cars,-0.8142086879364526,S32_4289,La Rochelle Gifts,40.67.8555,"67, rue des Cinquante Otages",Desconocido,Nantes,Desconocido,44000,France,EMEA,Labrune,Janine,Medium
10388,-0.009528928441320991,0.8101579745265014,8,0.1982368863308083,2005-03-03,Shipped,1,3,2005,Vintage Cars,-0.8142086879364526,S32_4289,FunGiftIdeas.com,5085552555,1785 First Street,Desconocido,New Bedford,MA,50553,USA,Desconocido,Benitez,Violeta,Medium
10398,-1.3442699393880353,-0.8055516999756953,4,-1.1245318390033152,2005-03-30,Shipped,1,3,2005,Vintage Cars,-0.8142086879364526,S32_4289,Reims Collectables,26.47.1555,59 rue de l'Abbaye,Desconocido,Reims,Desconocido,51100,France,EMEA,Henriot,Paul,Small
10401,2.7626254789095475,-0.293918565859013,6,0.6871269246757381,2005-04-03,On Hold,2,4,2005,Vintage Cars,-0.8142086879364526,S32_4289,Tekni Collectables Inc.,2015559350,7476 Moss Rd.,Desconocido,Newark,NJ,94019,USA,Desconocido,Brown,William,Medium
10416,-0.9335803975582769,-1.112432426737542,7,-1.0655051180204382,2005-05-10,Shipped,2,5,2005,Vintage Cars,-0.8142086879364526,S32_4289,L'ordine Souveniers,0522-556555,Strada Provinciale 124,Desconocido,Reggio Emilia,Desconocido,42100,Italy,EMEA,Moroni,Maurizio,Small
10108,-0.4202184702710794,0.8101579745265014,16,0.06293156832433712,2003-03-03,Shipped,1,3,2003,Motorcycles,0.031966745013400466,S32_4485,Cruz & Sons Co.,+63 2 555 3587,15 McCallum Street - NatWest Center #13-03,Desconocido,Makati City,Desconocido,1227 MM,Philippines,Japan,Cruz,Arnold,Medium
10121,-1.0362527830157167,0.15276888941146222,3,-0.7522996706560987,2003-05-07,Shipped,2,5,2003,Motorcycles,0.031966745013400466,S32_4485,Reims Collectables,26.47.1555,59 rue de l'Abbaye,Desconocido,Reims,Desconocido,51100,France,EMEA,Henriot,Paul,Small
10135,-0.5228908557285186,0.30447406289954787,17,-0.4669404997591182,2003-07-02,Shipped,3,7,2003,Motorcycles,0.031966745013400466,S32_4485,Mini Gifts Distributors Ltd.,4155551450,5677 Strong St.,Desconocido,San Rafael,CA,97562,USA,Desconocido,Nelson,Valarie,Small
10145,-0.8309080121008378,0.8101579745265014,4,-0.1642914411335745,2003-08-25,Shipped,3,8,2003,Motorcycles,0.031966745013400466,S32_4485,Toys4GrownUps.com,6265557265,78934 Hillside Dr.,Desconocido,Pasadena,CA,90003,USA,Desconocido,Young,Julie,Medium
10159,-1.2415975539305957,0.8101579745265014,12,-0.6552884130333669,2003-10-10,Shipped,4,10,2003,Motorcycles,0.031966745013400466,S32_4485,Corporate Gift Ideas Co.,6505551386,7734 Strong St.,Desconocido,San Francisco,CA,Desconocido,USA,Desconocido,Brown,Julie,Small
10169,-0.11220131389876072,0.8101579745265014,12,0.19928492286711877,2003-11-04,Shipped,4,11,2003,Motorcycles,0.031966745013400466,S32_4485,"Anna's Decorations, Ltd",02 9936 8555,201 Miller Street,Level 15,North Sydney,NSW,2060,Australia,APAC,O'Hara,Anna,Medium
10180,-1.3442699393880353,0.8101579745265014,7,-0.5643590254659085,2003-11-11,Shipped,4,11,2003,Motorcycles,0.031966745013400466,S32_4485,Daedalus Designs Imports,20.16.1555,"184, chausse de Tournai",Desconocido,Lille,Desconocido,59000,France,EMEA,Rance,Martine,Small
10190,0.7091777697607561,0.10220049824876726,4,0.025169671570433958,2003-11-19,Shipped,4,11,2003,Motorcycles,0.031966745013400466,S32_4485,Euro Shopping Channel,(91) 555 94 44,"C/ Moralzarzal, 86",Desconocido,Madrid,Desconocido,28034,Spain,EMEA,Freyre,Diego,Medium
10211,0.19581584247355846,0.8101579745265014,12,0.26398624582121066,2004-01-15,Shipped,1,1,2004,Motorcycles,0.031966745013400466,S32_4485,Auto Canal Petit,(1) 47.55.6555,"25, rue Lauriston",Desconocido,Paris,Desconocido,75016,France,EMEA,Perrier,Dominique,Medium
10224,-0.5228908557285186,0.8101579745265014,5,-0.11783029810418218,2004-02-21,Shipped,1,2,2004,Motorcycles,0.031966745013400466,S32_4485,Daedalus Designs Imports,20.16.1555,"184, chausse de Tournai",Desconocido,Lille,Desconocido,59000,France,EMEA,Rance,Martine,Medium
10237,-0.8309080121008378,0.8101579745265014,5,-0.239065861366713,2004-04-05,Shipped,2,4,2004,Motorcycles,0.031966745013400466,S32_4485,Vitachrome Inc.,2125551500,2678 Kingston Rd.,Suite 101,NYC,NY,10022,USA,Desconocido,Frick,Michael,Medium
10252,-1.0362527830157167,0.8101579745265014,9,-0.3920031722923564,2004-05-26,Shipped,2,5,2004,Motorcycles,0.031966745013400466,S32_4485,Auto Canal Petit,(1) 47.55.6555,"25, rue Lauriston",Desconocido,Paris,Desconocido,75016,France,EMEA,Perrier,Dominique,Small
10264,-0.11220131389876072,0.7095169607419217,7,-0.12104500084768381,2004-06-30,Shipped,2,6,2004,Motorcycles,0.031966745013400466,S32_4485,Gifts4AllAges.com,6175559555,8616 Spinnaker Dr.,Desconocido,Boston,MA,51003,USA,Desconocido,Yoshido,Juri,Medium
10276,0.29848822793099766,0.8101579745265014,13,0.40767585611816637,2004-08-02,Shipped,3,8,2004,Motorcycles,0.031966745013400466,S32_4485,Online Mini Collectables,6175557555,7635 Spinnaker Dr.,Desconocido,Brickhaven,MA,58339,USA,Desconocido,Barajas,Miguel,Medium
10285,-0.9335803975582769,0.8101579745265014,4,-0.5178435800253083,2004-08-27,Shipped,3,8,2004,Motorcycles,0.031966745013400466,S32_4485,Marta's Replicas Co.,6175558555,39323 Spinnaker Dr.,Desconocido,Cambridge,MA,51247,USA,Desconocido,Hernandez,Marta,Small
10299,0.29848822793099766,0.8101579745265014,7,0.4497710852864515,2004-09-30,Shipped,3,9,2004,Motorcycles,0.031966745013400466,S32_4485,"Toys of Finland, Co.",90-224 8555,Keskuskatu 45,Desconocido,Helsinki,Desconocido,21240,Finland,EMEA,Karttunen,Matti,Medium
10309,1.5305568534202727,0.0516321070860715,3,0.36985965695305534,2004-10-15,Shipped,4,10,2004,Motorcycles,0.031966745013400466,S32_4485,Baane Mini Imports,07-98 9555,Erling Skakkes gate 78,Desconocido,Stavern,Desconocido,4110,Norway,EMEA,Bergulfsen,Jonas,Medium
10319,-1.3442699393880353,0.8101579745265014,8,-0.5034317200907586,2004-11-03,Shipped,4,11,2004,Motorcycles,0.031966745013400466,S32_4485,Microscale Inc.,2125551957,5290 North Pendale Street,Suite 200,NYC,NY,10022,USA,Desconocido,Kuo,Kee,Small
10331,-0.31754608481363966,0.8101579745265014,4,0.7996958231095047,2004-11-17,Shipped,4,11,2004,Motorcycles,0.031966745013400466,S32_4485,Motor Mint Distributors Inc.,2155559857,11328 Douglas Av.,Desconocido,Philadelphia,PA,71270,USA,Desconocido,Hernandez,Rosa,Medium
10341,-0.4202184702710794,-0.6265792567430184,4,-0.7343147120640761,2004-11-24,Shipped,4,11,2004,Motorcycles,0.031966745013400466,S32_4485,Salzburg Collectables,6562-9555,Geislweg 14,Desconocido,Salzburg,Desconocido,5020,Austria,EMEA,Pipps,Georg,Small
10355,0.5038329988458771,0.8101579745265014,5,0.4197092704418142,2004-12-07,Shipped,4,12,2004,Motorcycles,0.031966745013400466,S32_4485,Euro Shopping Channel,(91) 555 94 44,"C/ Moralzarzal, 86",Desconocido,Madrid,Desconocido,28034,Spain,EMEA,Freyre,Diego,Medium
10365,-1.3442699393880353,0.8101579745265014,3,-0.06989212948993768,2005-01-07,Shipped,1,1,2005,Motorcycles,0.031966745013400466,S32_4485,Mini Creations Ltd.,5085559555,4575 Hillside Dr.,Desconocido,New Bedford,MA,50553,USA,Desconocido,Tam,Wing C,Medium
10375,0.6065053843033164,0.8101579745265014,15,0.6233867544000246,2005-02-03,Shipped,1,2,2005,Motorcycles,0.031966745013400466,S32_4485,La Rochelle Gifts,40.67.8555,"67, rue des Cinquante Otages",Desconocido,Nantes,Desconocido,44000,France,EMEA,Labrune,Janine,Medium
10390,1.0171949261330746,-1.7192531206898858,12,-0.7329680122661226,2005-03-04,Shipped,1,3,2005,Motorcycles,0.031966745013400466,S32_4485,Mini Gifts Distributors Ltd.,4155551450,5677 Strong St.,Desconocido,San Rafael,CA,97562,USA,Desconocido,Nelson,Valarie,Small
10403,1.0171949261330746,0.8101579745265014,5,0.8881218695202828,2005-04-08,Shipped,2,4,2005,Motorcycles,0.031966745013400466,S32_4485,"UK Collectables, Ltd.",(171) 555-2282,Berkeley Gardens 12  Brewery,Desconocido,Liverpool,Desconocido,WX1 6LT,UK,EMEA,Devon,Elizabeth,Medium
10106,0.4011606133884374,-2.157016742225768,6,-1.0795531517998957,2003-02-17,Shipped,1,2,2003,Vintage Cars,-1.4363965062819328,S50_1341,Rovelli Gifts,035-640555,Via Ludovico il Moro 22,Desconocido,Bergamo,Desconocido,24100,Italy,EMEA,Rovelli,Giovanni,Small
10120,1.4278844679628335,-1.6379470799969247,12,-0.582941310581217,2003-04-29,Shipped,2,4,2003,Vintage Cars,-1.4363965062819328,S50_1341,"Australian Collectors, Co.",03 9520 4555,636 St Kilda Road,Level 3,Melbourne,Victoria,3004,Australia,APAC,Ferguson,Peter,Small
10133,-0.8309080121008378,-1.6592651272517864,7,-1.1939791926969687,2003-06-27,Shipped,2,6,2003,Vintage Cars,-1.4363965062819328,S50_1341,Euro Shopping Channel,(91) 555 94 44,"C/ Moralzarzal, 86",Desconocido,Madrid,Desconocido,28034,Spain,EMEA,Freyre,Diego,Small
10143,-0.11220131389876072,-2.3300399629687156,1,-1.2530004834387247,2003-08-10,Shipped,3,8,2003,Vintage Cars,-1.4363965062819328,S50_1341,Mini Creations Ltd.,5085559555,4575 Hillside Dr.,Desconocido,New Bedford,MA,50553,USA,Desconocido,Tam,Wing C,Small
10156,-1.5496147103029148,-2.113884879175233,1,-1.484350476148429,2003-10-08,Shipped,4,10,2003,Vintage Cars,-1.4363965062819328,S50_1341,Euro Shopping Channel,(91) 555 94 44,"C/ Moralzarzal, 86",Desconocido,Madrid,Desconocido,28034,Spain,EMEA,Freyre,Diego,Small
10168,1.3252120825053932,-1.573001401150718,13,-0.5762838349671411,2003-10-28,Shipped,4,10,2003,Vintage Cars,-1.4363965062819328,S50_1341,Technics Stores Inc.,6505556809,9408 Furth Circle,Desconocido,Burlingame,CA,94217,USA,Desconocido,Hirano,Juri,Small
10199,-0.6255632411859583,-2.2437762368676473,1,-1.3251358064871641,2003-12-01,Shipped,4,12,2003,Vintage Cars,-1.4363965062819328,S50_1341,West Coast Collectables Co.,3105553722,3675 Furth Circle,Desconocido,Burbank,CA,94019,USA,Desconocido,Thompson,Steve,Small
10210,0.8118501552181958,-2.113884879175233,11,-0.9720289473673343,2004-01-12,Shipped,1,1,2004,Vintage Cars,-1.4363965062819328,S50_1341,Osaka Souveniers Co.,+81 06 6342 5555,"Dojima Avanza 4F, 1-6-20 Dojima, Kita-ku",Desconocido,Osaka,Osaka,530-0003,Japan,Japan,Kentary,Mory,Small
10223,0.6065053843033164,-1.8541021637904067,13,-0.8999153452833779,2004-02-20,Shipped,1,2,2004,Vintage Cars,-1.4363965062819328,S50_1341,"Australian Collectors, Co.",03 9520 4555,636 St Kilda Road,Level 3,Melbourne,Victoria,3004,Australia,APAC,Ferguson,Peter,Small
10235,0.6065053843033164,-2.394985641814922,7,-1.1428154608569812,2004-04-02,Shipped,2,4,2004,Vintage Cars,-1.4363965062819328,S50_1341,"Royal Canadian Collectables, Ltd.",(604) 555-4555,23 Tsawassen Blvd.,Desconocido,Tsawassen,BC,T2F 8M4,Canada,Desconocido,Lincoln,Elizabeth,Small
10250,0.09314345701611873,-1.573001401150718,8,-0.9146747406496577,2004-05-11,Shipped,2,5,2004,Vintage Cars,-1.4363965062819328,S50_1341,The Sharp Gifts Warehouse,4085553659,3086 Ingle Ln.,Desconocido,San Jose,CA,94217,USA,Desconocido,Frick,Sue,Small
10262,1.4278844679628335,-2.265094284122509,3,-0.9195348064527554,2004-06-24,Cancelled,2,6,2004,Vintage Cars,-1.4363965062819328,S50_1341,Euro Shopping Channel,(91) 555 94 44,"C/ Moralzarzal, 86",Desconocido,Madrid,Desconocido,28034,Spain,EMEA,Freyre,Diego,Small
10275,0.29848822793099766,-1.897234026840941,13,-0.9932286087028589,2004-07-23,Shipped,3,7,2004,Vintage Cars,-1.4363965062819328,S50_1341,La Rochelle Gifts,40.67.8555,"67, rue des Cinquante Otages",Desconocido,Nantes,Desconocido,44000,France,EMEA,Labrune,Janine,Small
10284,-0.21487369935619993,-1.573001401150718,5,-0.9992724670702867,2004-08-21,Shipped,3,8,2004,Vintage Cars,-1.4363965062819328,S50_1341,"Norway Gifts By Mail, Co.",+47 2212 1555,"Drammensveien 126 A, PB 744 Sentrum",Desconocido,Oslo,Desconocido,N 0106,Norway,EMEA,Klaeboe,Jan,Small
10296,-0.9335803975582769,-1.7460246218936657,1,-1.245941169981711,2004-09-15,Shipped,3,9,2004,Vintage Cars,-1.4363965062819328,S50_1341,"Bavarian Collectables Imports, Co.",+49 89 61 08 9555,Hansastr. 15,Desconocido,Munich,Desconocido,80686,Germany,EMEA,Donnermeyer,Michael,Small
10308,1.222539697047954,-1.9839935214828202,11,-0.8160615618962958,2004-10-15,Shipped,4,10,2004,Vintage Cars,-1.4363965062819328,S50_1341,Mini Classics,9145554562,3758 North Pendale Street,Desconocido,White Plains,NY,24067,USA,Desconocido,Frick,Steve,Small
10316,-0.11220131389876072,-1.7891564849441999,3,-1.0515711193045174,2004-11-01,Shipped,4,11,2004,Vintage Cars,-1.4363965062819328,S50_1341,giftsbymail.co.uk,(198) 555-8888,Garden House Crowther Way,Desconocido,Cowes,Isle of Wight,PO31 7PJ,UK,EMEA,Bennett,Helen,Small
10328,-0.11220131389876072,-1.573001401150718,7,-0.9710732249300771,2004-11-12,Shipped,4,11,2004,Vintage Cars,-1.4363965062819328,S50_1341,Rovelli Gifts,035-640555,Via Ludovico il Moro 22,Desconocido,Bergamo,Desconocido,24100,Italy,EMEA,Rovelli,Giovanni,Small
10340,0.5038329988458771,-1.6379470799969247,4,-0.8303322355617051,2004-11-24,Shipped,4,11,2004,Vintage Cars,-1.4363965062819328,S50_1341,Enaco Distributors,(93) 203 4555,"Rambla de Catalu¤a, 23",Desconocido,Barcelona,Desconocido,8022,Spain,EMEA,Saavedra,Eduardo,Small
10353,0.5038329988458771,-0.07181425957580231,8,-0.14416696753996447,2004-12-04,Shipped,4,12,2004,Vintage Cars,-1.4363965062819328,S50_1341,Gift Ideas Corp.,2035554407,2440 Pompton St.,Desconocido,Glendale,CT,97561,USA,Desconocido,Lewis,Dan,Medium
10361,-0.21487369935619993,-0.05297505502499413,3,-0.449851530952024,2004-12-17,Shipped,4,12,2004,Vintage Cars,-1.4363965062819328,S50_1341,Souveniers And Things Co.,+61 2 9495 8555,"Monitor Money Building, 815 Pacific Hwy",Level 6,Chatswood,NSW,2067,Australia,APAC,Huxley,Adrian,Small
10375,1.4278844679628335,-0.885370435046224,5,-0.17902911553537118,2005-02-03,Shipped,1,2,2005,Vintage Cars,-1.4363965062819328,S50_1341,La Rochelle Gifts,40.67.8555,"67, rue des Cinquante Otages",Desconocido,Nantes,Desconocido,44000,France,EMEA,Labrune,Janine,Medium
10388,-0.8309080121008378,0.8101579745265014,1,-0.18599068465221066,2005-03-03,Shipped,1,3,2005,Vintage Cars,-1.4363965062819328,S50_1341,FunGiftIdeas.com,5085552555,1785 First Street,Desconocido,New Bedford,MA,50553,USA,Desconocido,Benitez,Violeta,Medium
10398,1.4278844679628335,-2.3300399629687156,5,-0.9543915242070413,2005-03-30,Shipped,1,3,2005,Vintage Cars,-1.4363965062819328,S50_1341,Reims Collectables,26.47.1555,59 rue de l'Abbaye,Desconocido,Reims,Desconocido,51100,France,EMEA,Henriot,Paul,Small
10401,2.14659116616491,-2.394985641814922,7,-0.85487692542763,2005-04-03,On Hold,2,4,2005,Vintage Cars,-1.4363965062819328,S50_1341,Tekni Collectables Inc.,2015559350,7476 Moss Rd.,Desconocido,Newark,NJ,94019,USA,Desconocido,Brown,William,Small
10416,0.19581584247355846,-1.573001401150718,8,-0.8864754985094477,2005-05-10,Shipped,2,5,2005,Vintage Cars,-1.4363965062819328,S50_1341,L'ordine Souveniers,0522-556555,Strada Provinciale 124,Desconocido,Reggio Emilia,Desconocido,42100,Italy,EMEA,Moroni,Maurizio,Small
10104,-0.21487369935619993,0.8101579745265014,7,0.08218720333862231,2003-01-31,Shipped,1,1,2003,Trucks and Buses,0.3555044105530498,S50_1392,Euro Shopping Channel,(91) 555 94 44,"C/ Moralzarzal, 86",Desconocido,Madrid,Desconocido,28034,Spain,EMEA,Freyre,Diego,Medium
10115,-0.8309080121008378,0.8101579745265014,3,-0.38553575511750754,2003-04-04,Shipped,2,4,2003,Trucks and Buses,0.3555044105530498,S50_1392,Classic Legends Inc.,2125558493,5905 Pompton St.,Suite 750,NYC,NY,10022,USA,Desconocido,Hernandez,Maria,Small
10127,1.119867311590515,0.8101579745265014,9,1.4240975286234951,2003-06-03,Shipped,2,6,2003,Trucks and Buses,0.3555044105530498,S50_1392,Muscle Machine Inc,2125557413,4092 Furth Circle,Suite 400,NYC,NY,10022,USA,Desconocido,Young,Jeff,Medium
10141,0.9145225406756355,0.8101579745265014,3,1.057024089341019,2003-08-01,Shipped,3,8,2003,Trucks and Buses,0.3555044105530498,S50_1392,Suominen Souveniers,+358 9 8045 555,"Software Engineering Center, SEC Oy",Desconocido,Espoo,Desconocido,FIN-02271,Finland,EMEA,Suominen,Kalle,Medium
10151,-0.9335803975582769,0.8101579745265014,1,-0.18125551439489077,2003-09-21,Shipped,3,9,2003,Trucks and Buses,0.3555044105530498,S50_1392,"Oulu Toy Supplies, Inc.",981-443655,Torikatu 38,Desconocido,Oulu,Desconocido,90110,Finland,EMEA,Koskitalo,Pirkko,Medium
10165,1.3252120825053932,0.5583075557946461,10,0.5442572807880207,2003-10-22,Shipped,4,10,2003,Trucks and Buses,0.3555044105530498,S50_1392,"Dragon Souveniers, Ltd.",+65 221 7555,"Bronz Sok., Bronz Apt. 3/6 Tesvikiye",Desconocido,Singapore,Desconocido,79903,Singapore,Japan,Natividad,Eric,Medium
10176,-1.2415975539305957,0.8101579745265014,9,-0.23838708122661542,2003-11-06,Shipped,4,11,2003,Trucks and Buses,0.3555044105530498,S50_1392,L'ordine Souveniers,0522-556555,Strada Provinciale 124,Desconocido,Reggio Emilia,Desconocido,42100,Italy,EMEA,Moroni,Maurizio,Medium
10184,1.0171949261330746,0.8101579745265014,4,0.7571444536870735,2003-11-14,Shipped,4,11,2003,Trucks and Buses,0.3555044105530498,S50_1392,"Iberia Gift Imports, Corp.",(95) 555 82 82,"C/ Romero, 33",Desconocido,Sevilla,Desconocido,41101,Spain,EMEA,Roel,Jose Pedro,Medium
10195,1.4278844679628335,0.8101579745265014,4,0.8727922988363218,2003-11-25,Shipped,4,11,2003,Trucks and Buses,0.3555044105530498,S50_1392,Mini Classics,9145554562,3758 North Pendale Street,Desconocido,White Plains,NY,24067,USA,Desconocido,Frick,Steve,Medium
10207,-0.728235626643398,0.5583075557946461,5,-0.48661969358082424,2003-12-09,Shipped,4,12,2003,Trucks and Buses,0.3555044105530498,S50_1392,Diecast Collectables,6175552555,6251 Ingle Ln.,Desconocido,Boston,MA,51003,USA,Desconocido,Franco,Valarie,Small
10220,0.19581584247355846,0.8101579745265014,9,0.2330447319150071,2004-02-12,Shipped,1,2,2004,Trucks and Buses,0.3555044105530498,S50_1392,"Clover Collections, Co.",+353 1862 1555,25 Maiden Lane,Floor No. 4,Dublin,Desconocido,2,Ireland,EMEA,Cassidy,Dean,Medium
10230,-0.11220131389876072,0.8101579745265014,7,0.22864080636605494,2004-03-15,Shipped,1,3,2004,Trucks and Buses,0.3555044105530498,S50_1392,"Blauer See Auto, Co.",+49 69 66 90 2555,Lyonerstr. 34,Desconocido,Frankfurt,Desconocido,60528,Germany,EMEA,Keitel,Roland,Medium
10246,-1.3442699393880353,0.8101579745265014,3,-0.339644787405797,2004-05-05,Shipped,2,5,2004,Trucks and Buses,0.3555044105530498,S50_1392,Euro Shopping Channel,(91) 555 94 44,"C/ Moralzarzal, 86",Desconocido,Madrid,Desconocido,28034,Spain,EMEA,Freyre,Diego,Small
10259,-0.6255632411859583,0.8101579745265014,2,-0.27114229566715936,2004-06-15,Shipped,2,6,2004,Trucks and Buses,0.3555044105530498,S50_1392,Handji Gifts& Co,+65 224 1555,Village Close - 106 Linden Road Sandown,2nd Floor,Singapore,Desconocido,69045,Singapore,APAC,Victorino,Wendy,Medium
10271,-0.11220131389876072,0.7303392394559728,3,-0.11329061652721024,2004-07-20,Shipped,3,7,2004,Trucks and Buses,0.3555044105530498,S50_1392,Mini Gifts Distributors Ltd.,4155551450,5677 Strong St.,Desconocido,San Rafael,CA,97562,USA,Desconocido,Nelson,Valarie,Medium
10282,0.29848822793099766,0.8101579745265014,12,0.4109774427196002,2004-08-20,Shipped,3,8,2004,Trucks and Buses,0.3555044105530498,S50_1392,Mini Gifts Distributors Ltd.,4155551450,5677 Strong St.,Desconocido,San Rafael,CA,97562,USA,Desconocido,Nelson,Valarie,Medium
10292,0.6065053843033164,0.8101579745265014,6,0.7761177161630786,2004-09-08,Shipped,3,9,2004,Trucks and Buses,0.3555044105530498,S50_1392,Land of Toys Inc.,2125557818,897 Long Airport Avenue,Desconocido,NYC,NY,10022,USA,Desconocido,Yu,Kwai,Medium
10305,0.7091777697607561,0.8101579745265014,3,0.5780116595947881,2004-10-13,Shipped,4,10,2004,Trucks and Buses,0.3555044105530498,S50_1392,Marta's Replicas Co.,6175558555,39323 Spinnaker Dr.,Desconocido,Cambridge,MA,51247,USA,Desconocido,Hernandez,Marta,Medium
10314,-0.728235626643398,0.8101579745265014,12,-0.08187124140237799,2004-10-22,Shipped,4,10,2004,Trucks and Buses,0.3555044105530498,S50_1392,Heintze Collectables,86 21 3555,Smagsloget 45,Desconocido,Aaarhus,Desconocido,8200,Denmark,EMEA,Ibsen,Palle,Medium
10325,0.29848822793099766,0.8101579745265014,4,0.8886757541146029,2004-11-05,Shipped,4,11,2004,Trucks and Buses,0.3555044105530498,S50_1392,Baane Mini Imports,07-98 9555,Erling Skakkes gate 78,Desconocido,Stavern,Desconocido,4110,Norway,EMEA,Bergulfsen,Jonas,Medium
10336,-1.2415975539305957,0.8101579745265014,8,-0.2238991979163748,2004-11-20,Shipped,4,11,2004,Trucks and Buses,0.3555044105530498,S50_1392,"La Corne D'abondance, Co.",(1) 42.34.2555,"265, boulevard Charonne",Desconocido,Paris,Desconocido,75012,France,EMEA,Bertrand,Marie,Medium
10350,-0.4202184702710794,-0.6077400521922103,8,-0.7279178880237973,2004-12-02,Shipped,4,12,2004,Trucks and Buses,0.3555044105530498,S50_1392,Euro Shopping Channel,(91) 555 94 44,"C/ Moralzarzal, 86",Desconocido,Madrid,Desconocido,28034,Spain,EMEA,Freyre,Diego,Small
10359,1.119867311590515,0.8101579745265014,2,0.7291787119150571,2004-12-15,Shipped,4,12,2004,Trucks and Buses,0.3555044105530498,S50_1392,Reims Collectables,26.47.1555,59 rue de l'Abbaye,Desconocido,Reims,Desconocido,51100,France,EMEA,Henriot,Paul,Medium
10371,1.3252120825053932,-1.3439563352961572,10,-0.4558628078727272,2005-01-23,Shipped,1,1,2005,Trucks and Buses,0.3555044105530498,S50_1392,Mini Gifts Distributors Ltd.,4155551450,5677 Strong St.,Desconocido,San Rafael,CA,97562,USA,Desconocido,Nelson,Valarie,Small
10383,-0.6255632411859583,0.8101579745265014,13,-0.25350487250686643,2005-02-22,Shipped,1,2,2005,Trucks and Buses,0.3555044105530498,S50_1392,Euro Shopping Channel,(91) 555 94 44,"C/ Moralzarzal, 86",Desconocido,Madrid,Desconocido,28034,Spain,EMEA,Freyre,Diego,Medium
10395,1.119867311590515,0.8101579745265014,4,1.1615670913982727,2005-03-17,Shipped,1,3,2005,Trucks and Buses,0.3555044105530498,S50_1392,Lyon Souveniers,+33 1 46 62 7555,27 rue du Colonel Pierre Avia,Desconocido,Paris,Desconocido,75508,France,EMEA,Da Cunha,Daniel,Medium
10412,-0.9335803975582769,0.8101579745265014,3,-0.05051702917099527,2005-05-03,Shipped,2,5,2005,Trucks and Buses,0.3555044105530498,S50_1392,Euro Shopping Channel,(91) 555 94 44,"C/ Moralzarzal, 86",Desconocido,Madrid,Desconocido,28034,Spain,EMEA,Freyre,Diego,Medium
10425,-1.7549594812177938,0.8101579745265014,2,-0.9003063226440741,2005-05-31,In Process,2,5,2005,Trucks and Buses,0.3555044105530498,S50_1392,La Rochelle Gifts,40.67.8555,"67, rue des Cinquante Otages",Desconocido,Nantes,Desconocido,44000,France,EMEA,Labrune,Janine,Small
10104,-0.31754608481363966,-1.504585342518836,2,-1.0034917644211325,2003-01-31,Shipped,1,1,2003,Trains,-1.063083815274645,S50_1514,Euro Shopping Channel,(91) 555 94 44,"C/ Moralzarzal, 86",Desconocido,Madrid,Desconocido,28034,Spain,EMEA,Freyre,Diego,Small
10117,-1.4469423248454751,-1.7078504442512388,11,-1.3686809100346975,2003-04-16,Shipped,2,4,2003,Trains,-1.063083815274645,S50_1514,"Dragon Souveniers, Ltd.",+65 221 7555,"Bronz Sok., Bronz Apt. 3/6 Tesvikiye",Desconocido,Singapore,Desconocido,79903,Singapore,Japan,Natividad,Eric,Small
10127,1.119867311590515,-0.7207752794970586,4,-0.20329143286301538,2003-06-03,Shipped,2,6,2003,Trains,-1.063083815274645,S50_1514,Muscle Machine Inc,2125557413,4092 Furth Circle,Suite 400,NYC,NY,10022,USA,Desconocido,Young,Jeff,Medium
10142,0.7091777697607561,-1.6790958688842161,14,-0.7942862950019686,2003-08-08,Shipped,3,8,2003,Trains,-1.063083815274645,S50_1514,Mini Gifts Distributors Ltd.,4155551450,5677 Strong St.,Desconocido,San Rafael,CA,97562,USA,Desconocido,Nelson,Valarie,Small
10153,-0.4202184702710794,-1.3013202407864335,13,-0.9634220151908982,2003-09-28,Shipped,3,9,2003,Trains,-1.063083815274645,S50_1514,Euro Shopping Channel,(91) 555 94 44,"C/ Moralzarzal, 86",Desconocido,Madrid,Desconocido,28034,Spain,EMEA,Freyre,Diego,Small
10165,0.29848822793099766,-0.8367851180467716,5,-0.5518477499236318,2003-10-22,Shipped,4,10,2003,Trains,-1.063083815274645,S50_1514,"Dragon Souveniers, Ltd.",+65 221 7555,"Bronz Sok., Bronz Apt. 3/6 Tesvikiye",Desconocido,Singapore,Desconocido,79903,Singapore,Japan,Natividad,Eric,Small
10176,0.29848822793099766,-0.9527949565964842,4,-0.6001334539696062,2003-11-06,Shipped,4,11,2003,Trains,-1.063083815274645,S50_1514,L'ordine Souveniers,0522-556555,Strada Provinciale 124,Desconocido,Reggio Emilia,Desconocido,42100,Italy,EMEA,Moroni,Maurizio,Small
10185,-1.5496147103029148,-1.7371007881590725,15,-1.4018108111125755,2003-11-14,Shipped,4,11,2003,Trains,-1.063083815274645,S50_1514,Mini Creations Ltd.,5085559555,4575 Hillside Dr.,Desconocido,New Bedford,MA,50553,USA,Desconocido,Tam,Wing C,Small
10196,1.119867311590515,-1.0693005636870079,7,-0.37889457022679396,2003-11-26,Shipped,4,11,2003,Trains,-1.063083815274645,S50_1514,Super Scale Inc.,2035559545,567 North Pendale Street,Desconocido,New Haven,CT,97823,USA,Desconocido,Murphy,Leslie,Small
10208,-0.5228908557285186,-0.8947900373216281,15,-0.8610130978941112,2004-01-02,Shipped,1,1,2004,Trains,-1.063083815274645,S50_1514,"Saveley & Henriot, Co.",78.32.5555,"2, rue du Commerce",Desconocido,Lyon,Desconocido,69004,France,EMEA,Saveley,Mary,Small
10220,-0.5228908557285186,-0.7495298548640813,4,-0.8132812784424565,2004-02-12,Shipped,1,2,2004,Trains,-1.063083815274645,S50_1514,"Clover Collections, Co.",+353 1862 1555,25 Maiden Lane,Floor No. 4,Dublin,Desconocido,2,Ireland,EMEA,Cassidy,Dean,Small
10230,0.8118501552181958,-1.5625902617936924,2,-0.7123765379361254,2004-03-15,Shipped,1,3,2004,Trains,-1.063083815274645,S50_1514,"Blauer See Auto, Co.",+49 69 66 90 2555,Lyonerstr. 34,Desconocido,Frankfurt,Desconocido,60528,Germany,EMEA,Keitel,Roland,Small
10247,1.4278844679628335,-0.9820453005043179,4,-0.2309150694444224,2004-05-05,Shipped,2,5,2004,Trains,-1.063083815274645,S50_1514,Suominen Souveniers,+358 9 8045 555,"Software Engineering Center, SEC Oy",Desconocido,Espoo,Desconocido,FIN-02271,Finland,EMEA,Suominen,Kalle,Medium
10272,0.8118501552181958,-1.3305705846942668,4,-0.6030983656215517,2004-07-20,Shipped,3,7,2004,Trains,-1.063083815274645,S50_1514,Diecast Classics Inc.,2155551555,7586 Pompton St.,Desconocido,Allentown,PA,70267,USA,Desconocido,Yu,Kyung,Small
10282,0.19581584247355846,-0.8367851180467716,7,-0.5881109001281996,2004-08-20,Shipped,3,8,2004,Trains,-1.063083815274645,S50_1514,Mini Gifts Distributors Ltd.,4155551450,5677 Strong St.,Desconocido,San Rafael,CA,97562,USA,Desconocido,Nelson,Valarie,Small
10292,-0.009528928441320991,-1.417330079336146,1,-0.8831956328724968,2004-09-08,Shipped,3,9,2004,Trains,-1.063083815274645,S50_1514,Land of Toys Inc.,2125557818,897 Long Airport Avenue,Desconocido,NYC,NY,10022,USA,Desconocido,Yu,Kwai,Small
10306,-0.11220131389876072,-1.1560600583288867,15,-0.8158009103224982,2004-10-14,Shipped,4,10,2004,Trains,-1.063083815274645,S50_1514,"AV Stores, Co.",(171) 555-1555,Fauntleroy Circus,Desconocido,Manchester,Desconocido,EC2 5NT,UK,EMEA,Ashworth,Victoria,Small
10314,0.29848822793099766,-1.0980551390540305,7,-0.6605937586083688,2004-10-22,Shipped,4,10,2004,Trains,-1.063083815274645,S50_1514,Heintze Collectables,86 21 3555,Smagsloget 45,Desconocido,Aaarhus,Desconocido,8200,Denmark,EMEA,Ibsen,Palle,Small
10325,0.9145225406756355,0.8101579745265014,7,1.2918928782969892,2004-11-05,Shipped,4,11,2004,Trains,-1.063083815274645,S50_1514,Baane Mini Imports,07-98 9555,Erling Skakkes gate 78,Desconocido,Stavern,Desconocido,4110,Norway,EMEA,Bergulfsen,Jonas,Medium
10337,-1.4469423248454751,0.8101579745265014,6,-0.6826459677998558,2004-11-21,Shipped,4,11,2004,Trains,-1.063083815274645,S50_1514,Classic Legends Inc.,2125558493,5905 Pompton St.,Suite 750,NYC,NY,10022,USA,Desconocido,Hernandez,Maria,Small
10350,0.9145225406756355,0.8101579745265014,17,1.5948568909075378,2004-12-02,Shipped,4,12,2004,Trains,-1.063083815274645,S50_1514,Euro Shopping Channel,(91) 555 94 44,"C/ Moralzarzal, 86",Desconocido,Madrid,Desconocido,28034,Spain,EMEA,Freyre,Diego,Medium
10359,-1.0362527830157167,-0.9285022980967578,4,-1.0483835677666196,2004-12-15,Shipped,4,12,2004,Trains,-1.063083815274645,S50_1514,Reims Collectables,26.47.1555,59 rue de l'Abbaye,Desconocido,Reims,Desconocido,51100,France,EMEA,Henriot,Paul,Small
10372,-1.1389251684731565,-1.2433153215115769,9,-1.1663989980445277,2005-01-26,Shipped,1,1,2005,Trains,-1.063083815274645,S50_1514,"Tokyo Collectables, Ltd",+81 3 3584 0555,2-2-8 Roppongi,Desconocido,Minato-ku,Tokyo,106-0032,Japan,Japan,Shimamura,Akiko,Small
10383,0.29848822793099766,-1.1699415774715876,10,-0.6905143871838656,2005-02-22,Shipped,1,2,2005,Trains,-1.063083815274645,S50_1514,Euro Shopping Channel,(91) 555 94 44,"C/ Moralzarzal, 86",Desconocido,Madrid,Desconocido,28034,Spain,EMEA,Freyre,Diego,Small
10395,1.0171949261330746,0.8101579745265014,3,2.9449071476324593,2005-03-17,Shipped,1,3,2005,Trains,-1.063083815274645,S50_1514,Lyon Souveniers,+33 1 46 62 7555,27 rue du Colonel Pierre Avia,Desconocido,Paris,Desconocido,75508,France,EMEA,Da Cunha,Daniel,Large
10413,1.633229238877712,-0.9820453005043179,4,-0.16157089033206387,2005-05-05,Shipped,2,5,2005,Trains,-1.063083815274645,S50_1514,Gift Depot Inc.,2035552570,25593 South Bay Ln.,Desconocido,Bridgewater,CT,97562,USA,Desconocido,King,Julie,Medium
10108,-0.11220131389876072,-0.03314431339256489,14,-0.39761804161124276,2003-03-03,Shipped,1,3,2003,Motorcycles,-0.49067102239680305,S50_4713,Cruz & Sons Co.,+63 2 555 3587,15 McCallum Street - NatWest Center #13-03,Desconocido,Makati City,Desconocido,1227 MM,Philippines,Japan,Cruz,Arnold,Small
10121,0.9145225406756355,-0.4366999056125059,1,-0.14145184697957455,2003-05-07,Shipped,2,5,2003,Motorcycles,-0.49067102239680305,S50_4713,Reims Collectables,26.47.1555,59 rue de l'Abbaye,Desconocido,Reims,Desconocido,51100,France,EMEA,Henriot,Paul,Medium
10135,0.9145225406756355,0.6118505582022059,15,0.36388639172019727,2003-07-02,Shipped,3,7,2003,Motorcycles,-0.49067102239680305,S50_4713,Mini Gifts Distributors Ltd.,4155551450,5677 Strong St.,Desconocido,San Rafael,CA,97562,USA,Desconocido,Nelson,Valarie,Medium
10145,0.29848822793099766,-0.11395458554471463,2,-0.25099067086794563,2003-08-25,Shipped,3,8,2003,Motorcycles,-0.49067102239680305,S50_4713,Toys4GrownUps.com,6265557265,78934 Hillside Dr.,Desconocido,Pasadena,CA,90003,USA,Desconocido,Young,Julie,Medium
10159,-0.4202184702710794,-0.5978246813759961,10,-0.7245511385289137,2003-10-10,Shipped,4,10,2003,Motorcycles,-0.49067102239680305,S50_4713,Corporate Gift Ideas Co.,6505551386,7734 Strong St.,Desconocido,San Francisco,CA,Desconocido,USA,Desconocido,Brown,Julie,Small
10169,1.3252120825053932,-0.15411183735038483,10,0.16970096924111036,2003-11-04,Shipped,4,11,2003,Motorcycles,-0.49067102239680305,S50_4713,"Anna's Decorations, Ltd",02 9936 8555,201 Miller Street,Level 15,North Sydney,NSW,2060,Australia,APAC,O'Hara,Anna,Medium
10180,-1.4469423248454751,0.4908830342443859,5,-0.8629354032508673,2003-11-11,Shipped,4,11,2003,Motorcycles,-0.49067102239680305,S50_4713,Daedalus Designs Imports,20.16.1555,"184, chausse de Tournai",Desconocido,Lille,Desconocido,59000,France,EMEA,Rance,Martine,Small
10190,0.5038329988458771,-0.8397597292916359,2,-0.48062470738348334,2003-11-19,Shipped,4,11,2003,Motorcycles,-0.49067102239680305,S50_4713,Euro Shopping Channel,(91) 555 94 44,"C/ Moralzarzal, 86",Desconocido,Madrid,Desconocido,28034,Spain,EMEA,Freyre,Diego,Small
10211,0.5038329988458771,-0.15411183735038483,10,-0.18022376858194264,2004-01-15,Shipped,1,1,2004,Motorcycles,-0.49067102239680305,S50_4713,Auto Canal Petit,(1) 47.55.6555,"25, rue Lauriston",Desconocido,Paris,Desconocido,75016,France,EMEA,Perrier,Dominique,Medium
10224,1.5305568534202727,-0.31573238165468515,3,0.16866922342816223,2004-02-21,Shipped,1,2,2004,Motorcycles,-0.49067102239680305,S50_4713,Daedalus Designs Imports,20.16.1555,"184, chausse de Tournai",Desconocido,Lille,Desconocido,59000,France,EMEA,Rance,Martine,Medium
10237,-1.5496147103029148,-0.7594452256802964,3,-1.1876421013090186,2004-04-05,Shipped,2,4,2004,Motorcycles,-0.49067102239680305,S50_4713,Vitachrome Inc.,2125551500,2678 Kingston Rd.,Suite 101,NYC,NY,10022,USA,Desconocido,Frick,Michael,Small
10252,1.3252120825053932,-0.5576674295703259,7,-0.04246941182999955,2004-05-26,Shipped,2,5,2004,Motorcycles,-0.49067102239680305,S50_4713,Auto Canal Petit,(1) 47.55.6555,"25, rue Lauriston",Desconocido,Paris,Desconocido,75016,France,EMEA,Perrier,Dominique,Medium
10264,1.222539697047954,0.28960100667522637,5,0.35438346975883284,2004-06-30,Shipped,2,6,2004,Motorcycles,-0.49067102239680305,S50_4713,Gifts4AllAges.com,6175559555,8616 Spinnaker Dr.,Desconocido,Boston,MA,51003,USA,Desconocido,Yoshido,Juri,Medium
10276,-1.4469423248454751,-0.638477701722476,11,-1.122707277986733,2004-08-02,Shipped,3,8,2004,Motorcycles,-0.49067102239680305,S50_4713,Online Mini Collectables,6175557555,7635 Spinnaker Dr.,Desconocido,Brickhaven,MA,58339,USA,Desconocido,Barajas,Miguel,Small
10285,0.4011606133884374,-0.2349221095025354,2,-0.2584844036146215,2004-08-27,Shipped,3,8,2004,Motorcycles,-0.49067102239680305,S50_4713,Marta's Replicas Co.,6175558555,39323 Spinnaker Dr.,Desconocido,Cambridge,MA,51247,USA,Desconocido,Hernandez,Marta,Medium
10299,0.9145225406756355,-0.15411183735038483,5,-0.005261399670416025,2004-09-30,Shipped,3,9,2004,Motorcycles,-0.49067102239680305,S50_4713,"Toys of Finland, Co.",90-224 8555,Keskuskatu 45,Desconocido,Helsinki,Desconocido,21240,Finland,EMEA,Karttunen,Matti,Medium
10309,-0.728235626643398,0.248947986328746,1,-0.5814968664430897,2004-10-15,Shipped,4,10,2004,Motorcycles,-0.49067102239680305,S50_4713,Baane Mini Imports,07-98 9555,Erling Skakkes gate 78,Desconocido,Stavern,Desconocido,4110,Norway,EMEA,Bergulfsen,Jonas,Small
10319,1.0171949261330746,-0.31573238165468515,6,-0.04118244468437463,2004-11-03,Shipped,4,11,2004,Motorcycles,-0.49067102239680305,S50_4713,Microscale Inc.,2125551957,5290 North Pendale Street,Suite 200,NYC,NY,10022,USA,Desconocido,Kuo,Kee,Medium
10331,-1.5496147103029148,0.8101579745265014,5,0.056426139461643106,2004-11-17,Shipped,4,11,2004,Motorcycles,-0.49067102239680305,S50_4713,Motor Mint Distributors Inc.,2155559857,11328 Douglas Av.,Desconocido,Philadelphia,PA,71270,USA,Desconocido,Hernandez,Rosa,Medium
10341,0.29848822793099766,0.8101579745265014,3,0.6127869237322618,2004-11-24,Shipped,4,11,2004,Motorcycles,-0.49067102239680305,S50_4713,Salzburg Collectables,6562-9555,Geislweg 14,Desconocido,Salzburg,Desconocido,5020,Austria,EMEA,Pipps,Georg,Medium
10356,-0.9335803975582769,0.8101579745265014,4,0.20841858843227054,2004-12-09,Shipped,4,12,2004,Motorcycles,-0.49067102239680305,S50_4713,Lyon Souveniers,+33 1 46 62 7555,27 rue du Colonel Pierre Avia,Desconocido,Paris,Desconocido,75508,France,EMEA,Da Cunha,Daniel,Medium
10365,0.9145225406756355,0.8101579745265014,2,0.77675848461533,2005-01-07,Shipped,1,1,2005,Motorcycles,-0.49067102239680305,S50_4713,Mini Creations Ltd.,5085559555,4575 Hillside Dr.,Desconocido,New Bedford,MA,50553,USA,Desconocido,Tam,Wing C,Medium
10375,1.4278844679628335,0.8101579745265014,8,1.0060992881103459,2005-02-03,Shipped,1,2,2005,Motorcycles,-0.49067102239680305,S50_4713,La Rochelle Gifts,40.67.8555,"67, rue des Cinquante Otages",Desconocido,Nantes,Desconocido,44000,France,EMEA,Labrune,Janine,Medium
10390,-1.3442699393880353,0.8101579745265014,13,-0.034052538092790734,2005-03-04,Shipped,1,3,2005,Motorcycles,-0.49067102239680305,S50_4713,Mini Gifts Distributors Ltd.,4155551450,5677 Strong St.,Desconocido,San Rafael,CA,97562,USA,Desconocido,Nelson,Valarie,Medium
10403,-0.4202184702710794,-0.7594452256802964,3,-0.7794291552955149,2005-04-08,Shipped,2,4,2005,Motorcycles,-0.49067102239680305,S50_4713,"UK Collectables, Ltd.",(171) 555-2282,Berkeley Gardens 12  Brewery,Desconocido,Liverpool,Desconocido,WX1 6LT,UK,EMEA,Devon,Elizabeth,Small
10105,0.6065053843033164,-0.6439311556713943,5,-0.35645138367461093,2003-02-11,Shipped,1,2,2003,Ships,-0.8639837134040912,S700_1138,Danish Wholesale Imports,31 12 3555,Vinb'ltet 34,Desconocido,Kobenhavn,Desconocido,1734,Denmark,EMEA,Petersen,Jytte,Small
10119,-1.0362527830157167,-0.34647003118495084,14,-0.8890059908717313,2003-04-28,Shipped,2,4,2003,Ships,-0.8639837134040912,S700_1138,Salzburg Collectables,6562-9555,Geislweg 14,Desconocido,Salzburg,Desconocido,5020,Austria,EMEA,Pipps,Georg,Small
10129,-0.4202184702710794,-1.1729161887164519,5,-0.919822609232157,2003-06-12,Shipped,2,6,2003,Ships,-0.8639837134040912,S700_1138,"Stylish Desk Decors, Co.",(171) 555-0297,35 King George,Desconocido,London,Desconocido,WX3 6FW,UK,EMEA,Brown,Ann,Small
10142,0.6065053843033164,-0.9746087723921568,2,-0.504952187604577,2003-08-08,Shipped,3,8,2003,Ships,-0.8639837134040912,S700_1138,Mini Gifts Distributors Ltd.,4155551450,5677 Strong St.,Desconocido,San Rafael,CA,97562,USA,Desconocido,Nelson,Valarie,Small
10153,0.8118501552181958,-0.9413922801578372,1,-0.4198005765896283,2003-09-28,Shipped,3,9,2003,Ships,-0.8639837134040912,S700_1138,Euro Shopping Channel,(91) 555 94 44,"C/ Moralzarzal, 86",Desconocido,Madrid,Desconocido,28034,Spain,EMEA,Freyre,Diego,Small
10167,0.8118501552181958,-0.41240724711277904,12,-0.17065568372712864,2003-10-23,Cancelled,4,10,2003,Ships,-0.8639837134040912,S700_1138,Scandinavian Gift Ideas,0695-34 6555,?kergatan 24,Desconocido,Boras,Desconocido,S-844 67,Sweden,EMEA,Larsson,Maria,Medium
10177,-1.1389251684731565,-0.37968652341927045,3,-0.9393714772669642,2003-11-07,Shipped,4,11,2003,Ships,-0.8639837134040912,S700_1138,CAF Imports,+34 913 728 555,"Merchants House, 27-30 Merchant's Quay",Desconocido,Madrid,Desconocido,28023,Spain,EMEA,Fernandez,Jesus,Small
10185,-1.4469423248454751,-1.4703773132028952,3,-1.3140581146007733,2003-11-14,Shipped,4,11,2003,Ships,-0.8639837134040912,S700_1138,Mini Creations Ltd.,5085559555,4575 Hillside Dr.,Desconocido,New Bedford,MA,50553,USA,Desconocido,Tam,Wing C,Small
10197,-1.2415975539305957,-0.9413922801578372,9,-1.122147963151293,2003-11-26,Shipped,4,11,2003,Ships,-0.8639837134040912,S700_1138,Enaco Distributors,(93) 203 4555,"Rambla de Catalu¤a, 23",Desconocido,Barcelona,Desconocido,8022,Spain,EMEA,Saavedra,Eduardo,Small
10208,0.29848822793099766,-0.44562373934709865,3,-0.38903826064041064,2004-01-02,Shipped,1,1,2004,Ships,-0.8639837134040912,S700_1138,"Saveley & Henriot, Co.",78.32.5555,"2, rue du Commerce",Desconocido,Lyon,Desconocido,69004,France,EMEA,Saveley,Mary,Small
10222,-0.4202184702710794,-1.040545988319985,15,-0.8748765034754622,2004-02-19,Shipped,1,2,2004,Ships,-0.8639837134040912,S700_1138,Collectable Mini Designs Co.,7605558146,361 Furth Circle,Desconocido,San Diego,CA,91217,USA,Desconocido,Thompson,Valarie,Small
10233,0.09314345701611873,-0.6439311556713943,3,-0.5483289536773663,2004-03-29,Shipped,1,3,2004,Ships,-0.8639837134040912,S700_1138,Tekni Collectables Inc.,2015559350,7476 Moss Rd.,Desconocido,Newark,NJ,94019,USA,Desconocido,Brown,William,Small
10248,0.09314345701611873,-0.6107146634370747,6,-0.5352312120940456,2004-05-07,Cancelled,2,5,2004,Ships,-0.8639837134040912,S700_1138,Land of Toys Inc.,2125557818,897 Long Airport Avenue,Desconocido,NYC,NY,10022,USA,Desconocido,Yu,Kwai,Small
10261,-0.11220131389876072,-1.0737624805543045,4,-0.7851526294368169,2004-06-17,Shipped,2,6,2004,Ships,-0.8639837134040912,S700_1138,Quebec Home Shopping Network,(514) 555-8054,43 rue St. Laurent,Desconocido,Montreal,Quebec,H1J 1C3,Canada,Desconocido,Fresnisre,Jean,Small
10273,-1.4469423248454751,-0.9081757879235176,7,-1.184742352550522,2004-07-21,Shipped,3,7,2004,Ships,-0.8639837134040912,S700_1138,Petit Auto,(02) 5554 67,Rue Joseph-Bens 532,Desconocido,Bruxelles,Desconocido,B-1180,Belgium,EMEA,Dewey,Catherine,Small
10283,1.0171949261330746,-0.24731632302280387,9,-0.007460647324331857,2004-08-20,Shipped,3,8,2004,Ships,-0.8639837134040912,S700_1138,"Royal Canadian Collectables, Ltd.",(604) 555-4555,23 Tsawassen Blvd.,Desconocido,Tsawassen,BC,T2F 8M4,Canada,Desconocido,Lincoln,Elizabeth,Medium
10295,-0.9335803975582769,-0.41240724711277904,4,-0.866150105994369,2004-09-10,Shipped,3,9,2004,Ships,-0.8639837134040912,S700_1138,Gifts4AllAges.com,6175559555,8616 Spinnaker Dr.,Desconocido,Boston,MA,51003,USA,Desconocido,Yoshido,Juri,Small
10306,1.5305568534202727,-1.4703773132028952,3,-0.46368235508665034,2004-10-14,Shipped,4,10,2004,Ships,-0.8639837134040912,S700_1138,"AV Stores, Co.",(171) 555-1555,Fauntleroy Circus,Desconocido,Manchester,Desconocido,EC2 5NT,UK,EMEA,Ashworth,Victoria,Small
10315,0.6065053843033164,-1.0737624805543045,2,-0.5494801647949717,2004-10-29,Shipped,4,10,2004,Ships,-0.8639837134040912,S700_1138,La Rochelle Gifts,40.67.8555,"67, rue des Cinquante Otages",Desconocido,Nantes,Desconocido,44000,France,EMEA,Labrune,Janine,Small
10326,0.4011606133884374,-1.1729161887164519,1,-0.6591710354347244,2004-11-09,Shipped,4,11,2004,Ships,-0.8639837134040912,S700_1138,"Volvo Model Replicas, Co",0921-12 3555,Berguvsvgen  8,Desconocido,Lule,Desconocido,S-958 22,Sweden,EMEA,Berglund,Christina,Small
10339,-1.3442699393880353,0.8101579745265014,5,-0.4004526274762897,2004-11-23,Shipped,4,11,2004,Ships,-0.8639837134040912,S700_1138,"Tokyo Collectables, Ltd",+81 3 3584 0555,2-2-8 Roppongi,Desconocido,Minato-ku,Tokyo,106-0032,Japan,Japan,Shimamura,Akiko,Small
10350,1.119867311590515,-0.34647003118495084,11,-0.014699158738331565,2004-12-02,Shipped,4,12,2004,Ships,-0.8639837134040912,S700_1138,Euro Shopping Channel,(91) 555 94 44,"C/ Moralzarzal, 86",Desconocido,Madrid,Desconocido,28034,Spain,EMEA,Freyre,Diego,Medium
10373,0.9145225406756355,0.8101579745265014,14,0.5832246910707367,2005-01-31,Shipped,1,1,2005,Ships,-0.8639837134040912,S700_1138,"Oulu Toy Supplies, Inc.",981-443655,Torikatu 38,Desconocido,Oulu,Desconocido,90110,Finland,EMEA,Koskitalo,Pirkko,Medium
10385,-1.0362527830157167,-0.3132535389506313,1,-0.8799103369944251,2005-02-28,Shipped,1,2,2005,Ships,-0.8639837134040912,S700_1138,Mini Gifts Distributors Ltd.,4155551450,5677 Strong St.,Desconocido,San Rafael,CA,97562,USA,Desconocido,Nelson,Valarie,Small
10396,0.4011606133884374,-0.8422385719956894,1,-0.5179141731598785,2005-03-23,Shipped,1,3,2005,Ships,-0.8639837134040912,S700_1138,Mini Gifts Distributors Ltd.,4155551450,5677 Strong St.,Desconocido,San Rafael,CA,97562,USA,Desconocido,Nelson,Valarie,Small
10414,0.19581584247355846,-0.6107146634370747,6,-0.49649187193840216,2005-05-06,On Hold,2,5,2005,Ships,-0.8639837134040912,S700_1138,Gifts4AllAges.com,6175559555,8616 Spinnaker Dr.,Desconocido,Boston,MA,51003,USA,Desconocido,Yoshido,Juri,Small
10106,-0.4202184702710794,0.8101579745265014,7,-0.1308248651062085,2003-02-17,Shipped,1,2,2003,Planes,-0.2417958950586111,S700_1691,Rovelli Gifts,035-640555,Via Ludovico il Moro 22,Desconocido,Bergamo,Desconocido,24100,Italy,EMEA,Rovelli,Giovanni,Medium
10120,1.222539697047954,-0.07181425957580231,13,0.1683271182375529,2003-04-29,Shipped,2,4,2003,Planes,-0.2417958950586111,S700_1691,"Australian Collectors, Co.",03 9520 4555,636 St Kilda Road,Level 3,Melbourne,Victoria,3004,Australia,APAC,Ferguson,Peter,Medium
10133,-1.1389251684731565,-0.29838048272630974,8,-0.9179980482155748,2003-06-27,Shipped,2,6,2003,Planes,-0.2417958950586111,S700_1691,Euro Shopping Channel,(91) 555 94 44,"C/ Moralzarzal, 86",Desconocido,Madrid,Desconocido,28034,Spain,EMEA,Freyre,Diego,Small
10143,0.09314345701611873,0.8101579745265014,2,0.21290396759803476,2003-08-10,Shipped,3,8,2003,Planes,-0.2417958950586111,S700_1691,Mini Creations Ltd.,5085559555,4575 Hillside Dr.,Desconocido,New Bedford,MA,50553,USA,Desconocido,Tam,Wing C,Medium
10156,1.3252120825053932,0.8101579745265014,2,0.7603374354660919,2003-10-08,Shipped,4,10,2003,Planes,-0.2417958950586111,S700_1691,Euro Shopping Channel,(91) 555 94 44,"C/ Moralzarzal, 86",Desconocido,Madrid,Desconocido,28034,Spain,EMEA,Freyre,Diego,Medium
10168,-0.728235626643398,0.7432292215170522,14,-0.42990625531539983,2003-10-28,Shipped,4,10,2003,Planes,-0.2417958950586111,S700_1691,Technics Stores Inc.,6505556809,9408 Furth Circle,Desconocido,Burlingame,CA,94217,USA,Desconocido,Hirano,Juri,Small
10199,1.3252120825053932,-0.026699322362024387,2,0.23668842370705068,2003-12-01,Shipped,4,12,2003,Planes,-0.2417958950586111,S700_1691,West Coast Collectables Co.,3105553722,3675 Furth Circle,Desconocido,Burbank,CA,94019,USA,Desconocido,Thompson,Steve,Medium
10210,-1.4469423248454751,-0.2532655455125326,12,-1.0341020336189686,2004-01-12,Shipped,1,1,2004,Planes,-0.2417958950586111,S700_1691,Osaka Souveniers Co.,+81 06 6342 5555,"Dojima Avanza 4F, 1-6-20 Dojima, Kita-ku",Desconocido,Osaka,Osaka,530-0003,Japan,Japan,Kentary,Mory,Small
10223,-1.0362527830157167,0.8101579745265014,14,-0.5534170896075371,2004-02-20,Shipped,1,2,2004,Planes,-0.2417958950586111,S700_1691,"Australian Collectors, Co.",03 9520 4555,636 St Kilda Road,Level 3,Melbourne,Victoria,3004,Australia,APAC,Ferguson,Peter,Small
10235,-1.0362527830157167,0.8101579745265014,8,-0.5287094925079888,2004-04-02,Shipped,2,4,2004,Planes,-0.2417958950586111,S700_1691,"Royal Canadian Collectables, Ltd.",(604) 555-4555,23 Tsawassen Blvd.,Desconocido,Tsawassen,BC,T2F 8M4,Canada,Desconocido,Lincoln,Elizabeth,Small
10250,-0.4202184702710794,0.38082241818440243,9,-0.3922529633839123,2004-05-11,Shipped,2,5,2004,Planes,-0.2417958950586111,S700_1691,The Sharp Gifts Warehouse,4085553659,3086 Ingle Ln.,Desconocido,San Jose,CA,94217,USA,Desconocido,Frick,Sue,Small
10262,0.5038329988458771,0.018415614851751923,4,-0.10463481218068738,2004-06-24,Cancelled,2,6,2004,Planes,-0.2417958950586111,S700_1691,Euro Shopping Channel,(91) 555 94 44,"C/ Moralzarzal, 86",Desconocido,Madrid,Desconocido,28034,Spain,EMEA,Freyre,Diego,Medium
10275,-0.31754608481363966,0.2900967752160373,14,-0.3744526329899958,2004-07-23,Shipped,3,7,2004,Planes,-0.2417958950586111,S700_1691,La Rochelle Gifts,40.67.8555,"67, rue des Cinquante Otages",Desconocido,Nantes,Desconocido,44000,France,EMEA,Labrune,Janine,Small
10284,-1.1389251684731565,-0.026699322362024387,6,-0.8465795169950783,2004-08-21,Shipped,3,8,2004,Planes,-0.2417958950586111,S700_1691,"Norway Gifts By Mail, Co.",+47 2212 1555,"Drammensveien 126 A, PB 744 Sentrum",Desconocido,Oslo,Desconocido,N 0106,Norway,EMEA,Klaeboe,Jan,Small
10296,0.7091777697607561,0.8101579745265014,2,0.4033099422570594,2004-09-15,Shipped,3,9,2004,Planes,-0.2417958950586111,S700_1691,"Bavarian Collectables Imports, Co.",+49 89 61 08 9555,Hansastr. 15,Desconocido,Munich,Desconocido,80686,Germany,EMEA,Donnermeyer,Michael,Medium
10308,-1.4469423248454751,0.8101579745265014,12,-0.7216459595292966,2004-10-15,Shipped,4,10,2004,Planes,-0.2417958950586111,S700_1691,Mini Classics,9145554562,3758 North Pendale Street,Desconocido,White Plains,NY,24067,USA,Desconocido,Frick,Steve,Small
10316,-0.11220131389876072,-0.07181425957580231,4,-0.41201904106355103,2004-11-01,Shipped,4,11,2004,Planes,-0.2417958950586111,S700_1691,giftsbymail.co.uk,(198) 555-8888,Garden House Crowther Way,Desconocido,Cowes,Isle of Wight,PO31 7PJ,UK,EMEA,Bennett,Helen,Small
10328,-0.8309080121008378,0.8101579745265014,8,-0.4299605577266076,2004-11-12,Shipped,4,11,2004,Planes,-0.2417958950586111,S700_1691,Rovelli Gifts,035-640555,Via Ludovico il Moro 22,Desconocido,Bergamo,Desconocido,24100,Italy,EMEA,Rovelli,Giovanni,Small
10340,-0.5228908557285186,0.24498183800225937,5,-0.4864893677939256,2004-11-24,Shipped,4,11,2004,Planes,-0.2417958950586111,S700_1691,Enaco Distributors,(93) 203 4555,"Rambla de Catalu¤a, 23",Desconocido,Barcelona,Desconocido,8022,Spain,EMEA,Saavedra,Eduardo,Small
10353,0.4011606133884374,0.8101579745265014,9,0.8090955704895743,2004-12-04,Shipped,4,12,2004,Planes,-0.2417958950586111,S700_1691,Gift Ideas Corp.,2035554407,2440 Pompton St.,Desconocido,Glendale,CT,97561,USA,Desconocido,Lewis,Dan,Medium
10361,-1.5496147103029148,-1.1461446875126724,4,-1.272353862793184,2004-12-17,Shipped,4,12,2004,Planes,-0.2417958950586111,S700_1691,Souveniers And Things Co.,+61 2 9495 8555,"Monitor Money Building, 815 Pacific Hwy",Level 6,Chatswood,NSW,2067,Australia,APAC,Huxley,Adrian,Small
10375,0.19581584247355846,-0.08867038996336675,6,-0.2849242476316987,2005-02-03,Shipped,1,2,2005,Planes,-0.2417958950586111,S700_1691,La Rochelle Gifts,40.67.8555,"67, rue des Cinquante Otages",Desconocido,Nantes,Desconocido,44000,France,EMEA,Labrune,Janine,Medium
10388,1.119867311590515,0.8101579745265014,2,3.5365590689470277,2005-03-03,Shipped,1,3,2005,Planes,-0.2417958950586111,S700_1691,FunGiftIdeas.com,5085552555,1785 First Street,Desconocido,New Bedford,MA,50553,USA,Desconocido,Benitez,Violeta,Large
10398,1.222539697047954,0.19986690078848224,6,0.3081884085443589,2005-03-30,Shipped,1,3,2005,Planes,-0.2417958950586111,S700_1691,Reims Collectables,26.47.1555,59 rue de l'Abbaye,Desconocido,Reims,Desconocido,51100,France,EMEA,Henriot,Paul,Medium
10401,-2.4736661794198707,0.8101579745265014,8,-1.313346753013951,2005-04-03,On Hold,2,4,2005,Planes,-0.2417958950586111,S700_1691,Tekni Collectables Inc.,2015559350,7476 Moss Rd.,Desconocido,Newark,NJ,94019,USA,Desconocido,Brown,William,Small
10416,-1.2415975539305957,0.38082241818440243,9,-0.7890515425615365,2005-05-10,Shipped,2,5,2005,Planes,-0.2417958950586111,S700_1691,L'ordine Souveniers,0522-556555,Strada Provinciale 124,Desconocido,Reggio Emilia,Desconocido,42100,Italy,EMEA,Moroni,Maurizio,Small
10105,-0.6255632411859583,-0.6697111197935522,12,-0.8251463552913605,2003-02-11,Shipped,1,2,2003,Ships,-0.36623345872770685,S700_1938,Danish Wholesale Imports,31 12 3555,Vinb'ltet 34,Desconocido,Kobenhavn,Desconocido,1734,Denmark,EMEA,Petersen,Jytte,Small
10117,0.29848822793099766,-0.19724370040091904,6,-0.285657330183004,2003-04-16,Shipped,2,4,2003,Ships,-0.36623345872770685,S700_1938,"Dragon Souveniers, Ltd.",+65 221 7555,"Bronz Sok., Bronz Apt. 3/6 Tesvikiye",Desconocido,Singapore,Desconocido,79903,Singapore,Japan,Natividad,Eric,Medium
10128,-0.31754608481363966,0.6614274122832797,3,-0.24430061380714463,2003-06-06,Shipped,2,6,2003,Ships,-0.36623345872770685,S700_1938,Euro Shopping Channel,(91) 555 94 44,"C/ Moralzarzal, 86",Desconocido,Madrid,Desconocido,28034,Spain,EMEA,Freyre,Diego,Medium
10142,0.8118501552181958,0.017424077770130865,9,0.0317891354966647,2003-08-08,Shipped,3,8,2003,Ships,-0.36623345872770685,S700_1938,Mini Gifts Distributors Ltd.,4155551450,5677 Strong St.,Desconocido,San Rafael,CA,97562,USA,Desconocido,Nelson,Valarie,Medium
10153,-0.4202184702710794,0.1894557614314575,8,-0.4572312286351638,2003-09-28,Shipped,3,9,2003,Ships,-0.36623345872770685,S700_1938,Euro Shopping Channel,(91) 555 94 44,"C/ Moralzarzal, 86",Desconocido,Madrid,Desconocido,28034,Spain,EMEA,Freyre,Diego,Small
10166,-0.6255632411859583,0.8101579745265014,3,-0.2931890746175258,2003-10-21,Shipped,4,10,2003,Ships,-0.36623345872770685,S700_1938,FunGiftIdeas.com,5085552555,1785 First Street,Desconocido,New Bedford,MA,50553,USA,Desconocido,Benitez,Violeta,Medium
10177,-0.4202184702710794,0.23209185594118076,10,-0.4427542058071648,2003-11-07,Shipped,4,11,2003,Ships,-0.36623345872770685,S700_1938,CAF Imports,+34 913 728 555,"Merchants House, 27-30 Merchant's Quay",Desconocido,Madrid,Desconocido,28023,Spain,EMEA,Fernandez,Jesus,Small
10185,-0.5228908557285186,0.5325275916724881,10,-0.3920031722923564,2003-11-14,Shipped,4,11,2003,Ships,-0.36623345872770685,S700_1938,Mini Creations Ltd.,5085559555,4575 Hillside Dr.,Desconocido,New Bedford,MA,50553,USA,Desconocido,Tam,Wing C,Small
10196,1.5305568534202727,0.5325275916724881,2,0.6332263513108775,2003-11-26,Shipped,4,11,2003,Ships,-0.36623345872770685,S700_1938,Super Scale Inc.,2035559545,567 North Pendale Street,Desconocido,New Haven,CT,97823,USA,Desconocido,Murphy,Leslie,Medium
10208,0.5038329988458771,-0.15411183735038483,10,-0.18022376858194264,2004-01-02,Shipped,1,1,2004,Ships,-0.36623345872770685,S700_1938,"Saveley & Henriot, Co.",78.32.5555,"2, rue du Commerce",Desconocido,Lyon,Desconocido,69004,France,EMEA,Saveley,Mary,Medium
10221,-1.2415975539305957,0.6614274122832797,4,-0.7183606636512248,2004-02-18,Shipped,1,2,2004,Ships,-0.36623345872770685,S700_1938,Petit Auto,(02) 5554 67,Rue Joseph-Bens 532,Desconocido,Bruxelles,Desconocido,B-1180,Belgium,EMEA,Dewey,Catherine,Small
10232,-0.9335803975582769,0.23209185594118076,7,-0.6826079561120103,2004-03-20,Shipped,1,3,2004,Ships,-0.36623345872770685,S700_1938,giftsbymail.co.uk,(198) 555-8888,Garden House Crowther Way,Desconocido,Cowes,Isle of Wight,PO31 7PJ,UK,EMEA,Bennett,Helen,Small
10248,0.5038329988458771,0.8101579745265014,13,0.3276123810333879,2004-05-07,Cancelled,2,5,2004,Ships,-0.36623345872770685,S700_1938,Land of Toys Inc.,2125557818,897 Long Airport Avenue,Desconocido,NYC,NY,10022,USA,Desconocido,Yu,Kwai,Medium
10273,-1.4469423248454751,0.8101579745265014,14,-0.7644091083554378,2004-07-21,Shipped,3,7,2004,Ships,-0.36623345872770685,S700_1938,Petit Auto,(02) 5554 67,Rue Joseph-Bens 532,Desconocido,Bruxelles,Desconocido,B-1180,Belgium,EMEA,Dewey,Catherine,Small
10282,0.8118501552181958,0.1463238983809225,2,0.09249923122698318,2004-08-20,Shipped,3,8,2004,Ships,-0.36623345872770685,S700_1938,Mini Gifts Distributors Ltd.,4155551450,5677 Strong St.,Desconocido,San Rafael,CA,97562,USA,Desconocido,Nelson,Valarie,Medium
10293,-0.6255632411859583,-0.5834473936924842,5,-0.7977453585959052,2004-09-09,Shipped,3,9,2004,Ships,-0.36623345872770685,S700_1938,Amica Models & Co.,011-4988555,Via Monte Bianco 34,Desconocido,Torino,Desconocido,10100,Italy,EMEA,Accorti,Paolo,Small
10306,0.29848822793099766,0.4041235396025066,10,-0.03535579596177798,2004-10-14,Shipped,4,10,2004,Ships,-0.36623345872770685,S700_1938,"AV Stores, Co.",(171) 555-1555,Fauntleroy Circus,Desconocido,Manchester,Desconocido,EC2 5NT,UK,EMEA,Ashworth,Victoria,Medium
10314,-1.2415975539305957,-0.36877961552143473,2,-0.9778936077777765,2004-10-22,Shipped,4,10,2004,Ships,-0.36623345872770685,S700_1938,Heintze Collectables,86 21 3555,Smagsloget 45,Desconocido,Aaarhus,Desconocido,8200,Denmark,EMEA,Ibsen,Palle,Small
10327,-1.5496147103029148,0.8101579745265014,7,-0.04598820807626496,2004-11-10,Resolved,4,11,2004,Ships,-0.36623345872770685,S700_1938,Danish Wholesale Imports,31 12 3555,Vinb'ltet 34,Desconocido,Kobenhavn,Desconocido,1734,Denmark,EMEA,Petersen,Jytte,Medium
10337,0.09314345701611873,-0.6622745916813919,9,-0.555562034850245,2004-11-21,Shipped,4,11,2004,Ships,-0.36623345872770685,S700_1938,Classic Legends Inc.,2125558493,5905 Pompton St.,Suite 750,NYC,NY,10022,USA,Desconocido,Hernandez,Maria,Small
10350,-0.728235626643398,0.8101579745265014,4,-0.3418711862653168,2004-12-02,Shipped,4,12,2004,Ships,-0.36623345872770685,S700_1938,Euro Shopping Channel,(91) 555 94 44,"C/ Moralzarzal, 86",Desconocido,Madrid,Desconocido,28034,Spain,EMEA,Freyre,Diego,Small
10372,0.9145225406756355,0.8101579745265014,2,0.5120233694950717,2005-01-26,Shipped,1,1,2005,Ships,-0.36623345872770685,S700_1938,"Tokyo Collectables, Ltd",+81 3 3584 0555,2-2-8 Roppongi,Desconocido,Minato-ku,Tokyo,106-0032,Japan,Japan,Shimamura,Akiko,Medium
10384,1.4278844679628335,0.8101579745265014,1,1.5441167178749708,2005-02-23,Shipped,1,2,2005,Ships,-0.36623345872770685,S700_1938,Corporate Gift Ideas Co.,6505551386,7734 Strong St.,Desconocido,San Francisco,CA,Desconocido,USA,Desconocido,Brown,Julie,Medium
10397,-0.31754608481363966,-0.15411183735038483,5,-0.5301485064049957,2005-03-28,Shipped,1,3,2005,Ships,-0.36623345872770685,S700_1938,Alpha Cognac,61.77.6555,1 rue Alsace-Lorraine,Desconocido,Toulouse,Desconocido,31000,France,EMEA,Roulet,Annette,Small
10414,-0.11220131389876072,0.8101579745265014,13,-0.01100659477620143,2005-05-06,On Hold,2,5,2005,Ships,-0.36623345872770685,S700_1938,Gifts4AllAges.com,6175559555,8616 Spinnaker Dr.,Desconocido,Boston,MA,51003,USA,Desconocido,Yoshido,Juri,Medium
10106,-0.5228908557285186,0.8101579745265014,16,-0.20449694639182844,2003-02-17,Shipped,1,2,2003,Ships,-0.26668340779243027,S700_2047,Rovelli Gifts,035-640555,Via Ludovico il Moro 22,Desconocido,Bergamo,Desconocido,24100,Italy,EMEA,Rovelli,Giovanni,Medium
10119,-0.6255632411859583,0.5196376096114087,7,-0.44735905027758605,2003-04-28,Shipped,2,4,2003,Ships,-0.26668340779243027,S700_2047,Salzburg Collectables,6562-9555,Geislweg 14,Desconocido,Salzburg,Desconocido,5020,Austria,EMEA,Pipps,Georg,Small
10131,-1.3442699393880353,0.11558624885065678,8,-0.9025653029503184,2003-06-16,Shipped,2,6,2003,Ships,-0.26668340779243027,S700_2047,Gift Ideas Corp.,2035554407,2440 Pompton St.,Desconocido,Glendale,CT,97561,USA,Desconocido,Lewis,Dan,Small
10143,-0.9335803975582769,0.8101579745265014,11,-0.5112078253757154,2003-08-10,Shipped,3,8,2003,Ships,-0.26668340779243027,S700_2047,Mini Creations Ltd.,5085559555,4575 Hillside Dr.,Desconocido,New Bedford,MA,50553,USA,Desconocido,Tam,Wing C,Small
10155,-0.31754608481363966,0.38528433505169923,9,-0.3410892315439245,2003-10-06,Shipped,4,10,2003,Ships,-0.26668340779243027,S700_2047,"Toys of Finland, Co.",90-224 8555,Keskuskatu 45,Desconocido,Helsinki,Desconocido,21240,Finland,EMEA,Karttunen,Matti,Small
10167,-0.6255632411859583,0.8101579745265014,5,-0.3333457077056926,2003-10-23,Cancelled,4,10,2003,Ships,-0.26668340779243027,S700_2047,Scandinavian Gift Ideas,0695-34 6555,?kergatan 24,Desconocido,Boras,Desconocido,S-844 67,Sweden,EMEA,Larsson,Maria,Small
10178,-0.11220131389876072,0.65448665271193,8,-0.14153873083750712,2003-11-08,Shipped,4,11,2003,Ships,-0.26668340779243027,S700_2047,Alpha Cognac,61.77.6555,1 rue Alsace-Lorraine,Desconocido,Toulouse,Desconocido,31000,France,EMEA,Roulet,Annette,Medium
10186,-1.1389251684731565,0.7888399272716394,5,-0.6321935975466904,2003-11-14,Shipped,4,11,2003,Ships,-0.26668340779243027,S700_2047,"Double Decker Gift Stores, Ltd",(171) 555-7555,120 Hanover Sq.,Desconocido,London,Desconocido,WA1 1DP,UK,EMEA,Hardy,Thomas,Small
10197,-1.1389251684731565,0.34016939783792133,2,-0.7501384346900284,2003-11-26,Shipped,4,11,2003,Ships,-0.26668340779243027,S700_2047,Enaco Distributors,(93) 203 4555,"Rambla de Catalu¤a, 23",Desconocido,Barcelona,Desconocido,8022,Spain,EMEA,Saavedra,Eduardo,Small
10209,-0.21487369935619993,0.2504352919511772,4,-0.34018238127675454,2004-01-09,Shipped,1,1,2004,Ships,-0.26668340779243027,S700_2047,"Men 'R' US Retailers, Ltd.",2155554369,6047 Douglas Av.,Desconocido,Los Angeles,CA,Desconocido,USA,Desconocido,Chandler,Michael,Small
10222,-0.9335803975582769,0.8101579745265014,8,-0.4856531106613256,2004-02-19,Shipped,1,2,2004,Ships,-0.26668340779243027,S700_2047,Collectable Mini Designs Co.,7605558146,361 Furth Circle,Desconocido,San Diego,CA,91217,USA,Desconocido,Thompson,Valarie,Small
10249,0.5038329988458771,0.6093717154981528,4,0.15427908445809538,2004-05-08,Shipped,2,5,2004,Ships,-0.26668340779243027,S700_2047,Cambridge Collectables Co.,6175555555,4658 Baden Av.,Desconocido,Cambridge,MA,51247,USA,Desconocido,Tseng,Kyung,Medium
10262,0.9145225406756355,0.5196376096114087,13,0.319445298387735,2004-06-24,Cancelled,2,6,2004,Ships,-0.26668340779243027,S700_2047,Euro Shopping Channel,(91) 555 94 44,"C/ Moralzarzal, 86",Desconocido,Madrid,Desconocido,28034,Spain,EMEA,Freyre,Diego,Medium
10274,-1.1389251684731565,0.34016939783792133,5,-0.7501384346900284,2004-07-21,Shipped,3,7,2004,Ships,-0.26668340779243027,S700_2047,Collectables For Less Inc.,6175558555,7825 Douglas Av.,Desconocido,Brickhaven,MA,58339,USA,Desconocido,Nelson,Allen,Small
10283,-1.5496147103029148,0.5196376096114087,2,-0.9074416594767789,2004-08-20,Shipped,3,8,2004,Ships,-0.26668340779243027,S700_2047,"Royal Canadian Collectables, Ltd.",(604) 555-4555,23 Tsawassen Blvd.,Desconocido,Tsawassen,BC,T2F 8M4,Canada,Desconocido,Lincoln,Elizabeth,Small
10296,-0.11220131389876072,0.8101579745265014,11,-0.041285619265669524,2004-09-15,Shipped,3,9,2004,Ships,-0.26668340779243027,S700_2047,"Bavarian Collectables Imports, Co.",+49 89 61 08 9555,Hansastr. 15,Desconocido,Munich,Desconocido,80686,Germany,EMEA,Donnermeyer,Michael,Medium
10307,-0.11220131389876072,0.6991058213848961,5,-0.1249221930079207,2004-10-14,Shipped,4,10,2004,Ships,-0.26668340779243027,S700_2047,"Classic Gift Ideas, Inc",2155554695,782 First Street,Desconocido,Philadelphia,PA,71270,USA,Desconocido,Cervantes,Francisca,Medium
10316,1.0171949261330746,0.4750184409384417,13,0.34857311175959854,2004-11-01,Shipped,4,11,2004,Ships,-0.26668340779243027,S700_2047,giftsbymail.co.uk,(198) 555-8888,Garden House Crowther Way,Desconocido,Cowes,Isle of Wight,PO31 7PJ,UK,EMEA,Bennett,Helen,Medium
10328,0.6065053843033164,0.8101579745265014,9,0.3272757060838999,2004-11-12,Shipped,4,11,2004,Ships,-0.26668340779243027,S700_2047,Rovelli Gifts,035-640555,Via Ludovico il Moro 22,Desconocido,Bergamo,Desconocido,24100,Italy,EMEA,Rovelli,Giovanni,Medium
10339,2.043918780707471,-0.6151765803043714,15,0.1981282815083929,2004-11-23,Shipped,4,11,2004,Ships,-0.26668340779243027,S700_2047,"Tokyo Collectables, Ltd",+81 3 3584 0555,2-2-8 Roppongi,Desconocido,Minato-ku,Tokyo,106-0032,Japan,Japan,Shimamura,Akiko,Medium
10352,-1.2415975539305957,0.8101579745265014,3,-0.6522909199346965,2004-12-03,Shipped,4,12,2004,Ships,-0.26668340779243027,S700_2047,Auto-Moto Classics Inc.,6175558428,16780 Pompton St.,Desconocido,Brickhaven,MA,58339,USA,Desconocido,Taylor,Leslie,Small
10361,-1.1389251684731565,-1.897234026840941,14,-1.3382987109639346,2004-12-17,Shipped,4,12,2004,Ships,-0.26668340779243027,S700_2047,Souveniers And Things Co.,+61 2 9495 8555,"Monitor Money Building, 815 Pacific Hwy",Level 6,Chatswood,NSW,2067,Australia,APAC,Huxley,Adrian,Small
10373,-0.31754608481363966,0.0372548194025601,15,-0.46307416808112295,2005-01-31,Shipped,1,1,2005,Ships,-0.26668340779243027,S700_2047,"Oulu Toy Supplies, Inc.",981-443655,Torikatu 38,Desconocido,Oulu,Desconocido,90110,Finland,EMEA,Koskitalo,Pirkko,Small
10386,-0.6255632411859583,0.10418357241201018,13,-0.5793247699947779,2005-03-01,Resolved,1,3,2005,Ships,-0.26668340779243027,S700_2047,Euro Shopping Channel,(91) 555 94 44,"C/ Moralzarzal, 86",Desconocido,Madrid,Desconocido,28034,Spain,EMEA,Freyre,Diego,Small
10398,0.09314345701611873,0.8101579745265014,7,0.1935505882435756,2005-03-30,Shipped,1,3,2005,Ships,-0.26668340779243027,S700_2047,Reims Collectables,26.47.1555,59 rue de l'Abbaye,Desconocido,Reims,Desconocido,51100,France,EMEA,Henriot,Paul,Medium
10400,1.119867311590515,0.2053203547374001,5,0.2633183261633547,2005-04-01,Shipped,2,4,2005,Ships,-0.26668340779243027,S700_2047,The Sharp Gifts Warehouse,4085553659,3086 Ingle Ln.,Desconocido,San Jose,CA,94217,USA,Desconocido,Frick,Sue,Medium
10415,-0.31754608481363966,0.6093717154981528,4,-0.26254622397296495,2005-05-09,Disputed,2,5,2005,Ships,-0.26668340779243027,S700_2047,"Australian Collectables, Ltd",61-9-3844-6555,7 Allen Street,Desconocido,Glen Waverly,Victoria,3150,Australia,APAC,Connery,Sean,Medium
10106,-0.11220131389876072,0.8101579745265014,9,0.11380206714380273,2003-02-17,Shipped,1,2,2003,Planes,-0.04269579318805746,S700_2466,Rovelli Gifts,035-640555,Via Ludovico il Moro 22,Desconocido,Bergamo,Desconocido,24100,Italy,EMEA,Rovelli,Giovanni,Medium
10120,-1.1389251684731565,0.8101579745265014,15,-0.5262387327980339,2003-04-29,Shipped,2,4,2003,Planes,-0.04269579318805746,S700_2466,"Australian Collectors, Co.",03 9520 4555,636 St Kilda Road,Level 3,Melbourne,Victoria,3004,Australia,APAC,Ferguson,Peter,Small
10131,0.5038329988458771,0.8101579745265014,1,0.4744461009392751,2003-06-16,Shipped,2,6,2003,Planes,-0.04269579318805746,S700_2466,Gift Ideas Corp.,2035554407,2440 Pompton St.,Desconocido,Glendale,CT,97561,USA,Desconocido,Lewis,Dan,Medium
10143,-0.9335803975582769,-0.04405122129040138,4,-0.7612487080231439,2003-08-10,Shipped,3,8,2003,Planes,-0.04269579318805746,S700_2466,Mini Creations Ltd.,5085559555,4575 Hillside Dr.,Desconocido,New Bedford,MA,50553,USA,Desconocido,Tam,Wing C,Small
10155,-1.5496147103029148,0.8101579745265014,2,-0.6518945123328794,2003-10-06,Shipped,4,10,2003,Planes,-0.04269579318805746,S700_2466,"Toys of Finland, Co.",90-224 8555,Keskuskatu 45,Desconocido,Helsinki,Desconocido,21240,Finland,EMEA,Karttunen,Matti,Small
10168,-0.4202184702710794,0.8101579745265014,16,-0.06651994975393365,2003-10-28,Shipped,4,10,2003,Planes,-0.04269579318805746,S700_2466,Technics Stores Inc.,6505556809,9408 Furth Circle,Desconocido,Burlingame,CA,94217,USA,Desconocido,Hirano,Juri,Medium
10178,-1.3442699393880353,0.20284151203334705,1,-0.881539409330659,2003-11-08,Shipped,4,11,2003,Planes,-0.04269579318805746,S700_2466,Alpha Cognac,61.77.6555,1 rue Alsace-Lorraine,Desconocido,Toulouse,Desconocido,31000,France,EMEA,Roulet,Annette,Small
10198,0.7091777697607561,0.8101579745265014,1,0.6628537468658527,2003-11-27,Shipped,4,11,2003,Planes,-0.04269579318805746,S700_2466,Cruz & Sons Co.,+63 2 555 3587,15 McCallum Street - NatWest Center #13-03,Desconocido,Makati City,Desconocido,1227 MM,Philippines,Japan,Cruz,Arnold,Medium
10210,-0.9335803975582769,0.796276455383801,14,-0.5219379818303767,2004-01-12,Shipped,1,1,2004,Planes,-0.04269579318805746,S700_2466,Osaka Souveniers Co.,+81 06 6342 5555,"Dojima Avanza 4F, 1-6-20 Dojima, Kita-ku",Desconocido,Osaka,Osaka,530-0003,Japan,Japan,Kentary,Mory,Small
10222,0.19581584247355846,0.20284151203334705,1,-0.16678392180801246,2004-02-19,Shipped,1,2,2004,Planes,-0.04269579318805746,S700_2466,Collectable Mini Designs Co.,7605558146,361 Furth Circle,Desconocido,San Diego,CA,91217,USA,Desconocido,Thompson,Valarie,Medium
10235,0.29848822793099766,0.2524183661144209,10,-0.09849863971420604,2004-04-02,Shipped,2,4,2004,Planes,-0.04269579318805746,S700_2466,"Royal Canadian Collectables, Ltd.",(604) 555-4555,23 Tsawassen Blvd.,Desconocido,Tsawassen,BC,T2F 8M4,Canada,Desconocido,Lincoln,Elizabeth,Medium
10250,-0.009528928441320991,0.8101579745265014,11,0.1929152500324443,2004-05-11,Shipped,2,5,2004,Planes,-0.04269579318805746,S700_2466,The Sharp Gifts Warehouse,4085553659,3086 Ingle Ln.,Desconocido,San Jose,CA,94217,USA,Desconocido,Frick,Sue,Medium
10262,-0.21487369935619993,0.3515720742765687,6,-0.3036259980516644,2004-06-24,Cancelled,2,6,2004,Planes,-0.04269579318805746,S700_2466,Euro Shopping Channel,(91) 555 94 44,"C/ Moralzarzal, 86",Desconocido,Madrid,Desconocido,28034,Spain,EMEA,Freyre,Diego,Small
10275,0.4011606133884374,0.8101579745265014,16,0.4988387440538181,2004-07-23,Shipped,3,7,2004,Planes,-0.04269579318805746,S700_2466,La Rochelle Gifts,40.67.8555,"67, rue des Cinquante Otages",Desconocido,Nantes,Desconocido,44000,France,EMEA,Labrune,Janine,Medium
10284,1.0171949261330746,0.8101579745265014,8,0.5555467520781218,2004-08-21,Shipped,3,8,2004,Planes,-0.04269579318805746,S700_2466,"Norway Gifts By Mail, Co.",+47 2212 1555,"Drammensveien 126 A, PB 744 Sentrum",Desconocido,Oslo,Desconocido,N 0106,Norway,EMEA,Klaeboe,Jan,Medium
10296,-1.1389251684731565,0.8101579745265014,4,-0.604303879150365,2004-09-15,Shipped,3,9,2004,Planes,-0.04269579318805746,S700_2466,"Bavarian Collectables Imports, Co.",+49 89 61 08 9555,Hansastr. 15,Desconocido,Munich,Desconocido,80686,Germany,EMEA,Donnermeyer,Michael,Small
10308,-0.009528928441320991,0.2524183661144209,14,-0.24307880955496924,2004-10-15,Shipped,4,10,2004,Planes,-0.04269579318805746,S700_2466,Mini Classics,9145554562,3758 North Pendale Street,Desconocido,White Plains,NY,24067,USA,Desconocido,Frick,Steve,Medium
10316,-1.2415975539305957,0.8101579745265014,6,-0.46020157052823046,2004-11-01,Shipped,4,11,2004,Planes,-0.04269579318805746,S700_2466,giftsbymail.co.uk,(198) 555-8888,Garden House Crowther Way,Desconocido,Cowes,Isle of Wight,PO31 7PJ,UK,EMEA,Bennett,Helen,Small
10328,0.19581584247355846,0.8101579745265014,10,0.253940299747768,2004-11-12,Shipped,4,11,2004,Planes,-0.04269579318805746,S700_2466,Rovelli Gifts,035-640555,Via Ludovico il Moro 22,Desconocido,Bergamo,Desconocido,24100,Italy,EMEA,Rovelli,Giovanni,Medium
10340,2.043918780707471,0.20284151203334705,7,0.6909226632191632,2004-11-24,Shipped,4,11,2004,Planes,-0.04269579318805746,S700_2466,Enaco Distributors,(93) 203 4555,"Rambla de Catalu¤a, 23",Desconocido,Barcelona,Desconocido,8022,Spain,EMEA,Saavedra,Eduardo,Medium
10352,1.4278844679628335,0.8101579745265014,2,0.7501285821590259,2004-12-03,Shipped,4,12,2004,Planes,-0.04269579318805746,S700_2466,Auto-Moto Classics Inc.,6175558428,16780 Pompton St.,Desconocido,Brickhaven,MA,58339,USA,Desconocido,Taylor,Leslie,Medium
10361,-0.9335803975582769,0.8101579745265014,9,-0.4339789361559847,2004-12-17,Shipped,4,12,2004,Planes,-0.04269579318805746,S700_2466,Souveniers And Things Co.,+61 2 9495 8555,"Monitor Money Building, 815 Pacific Hwy",Level 6,Chatswood,NSW,2067,Australia,APAC,Huxley,Adrian,Small
10375,-0.21487369935619993,0.8101579745265014,1,0.1644390655950748,2005-02-03,Shipped,1,2,2005,Planes,-0.04269579318805746,S700_2466,La Rochelle Gifts,40.67.8555,"67, rue des Cinquante Otages",Desconocido,Nantes,Desconocido,44000,France,EMEA,Labrune,Janine,Medium
10386,0.19581584247355846,0.008996012576348238,14,-0.2453432201023344,2005-03-01,Resolved,1,3,2005,Planes,-0.04269579318805746,S700_2466,Euro Shopping Channel,(91) 555 94 44,"C/ Moralzarzal, 86",Desconocido,Madrid,Desconocido,28034,Spain,EMEA,Freyre,Diego,Medium
10398,-1.3442699393880353,0.15376042649308408,8,-0.8933664744917174,2005-03-30,Shipped,1,3,2005,Planes,-0.04269579318805746,S700_2466,Reims Collectables,26.47.1555,59 rue de l'Abbaye,Desconocido,Reims,Desconocido,51100,France,EMEA,Henriot,Paul,Small
10401,5.124090344430659,0.2524183661144209,10,2.166590687791085,2005-04-03,On Hold,2,4,2005,Planes,-0.04269579318805746,S700_2466,Tekni Collectables Inc.,2015559350,7476 Moss Rd.,Desconocido,Newark,NJ,94019,USA,Desconocido,Brown,William,Large
10416,-1.3442699393880353,0.8101579745265014,11,-0.5955394699814265,2005-05-10,Shipped,2,5,2005,Planes,-0.04269579318805746,S700_2466,L'ordine Souveniers,0522-556555,Strada Provinciale 124,Desconocido,Reggio Emilia,Desconocido,42100,Italy,EMEA,Moroni,Maurizio,Small
10105,-0.4202184702710794,-0.8868577406686564,3,-0.8226918863047679,2003-02-11,Shipped,1,2,2003,Ships,-0.7146586370011758,S700_2610,Danish Wholesale Imports,31 12 3555,Vinb'ltet 34,Desconocido,Kobenhavn,Desconocido,1734,Denmark,EMEA,Petersen,Jytte,Small
10119,0.29848822793099766,-0.8868577406686564,12,-0.5726890153451848,2003-04-28,Shipped,2,4,2003,Ships,-0.7146586370011758,S700_2610,Salzburg Collectables,6562-9555,Geislweg 14,Desconocido,Salzburg,Desconocido,5020,Austria,EMEA,Pipps,Georg,Small
10129,1.0171949261330746,0.08088245099390523,3,0.15430623566369955,2003-06-12,Shipped,2,6,2003,Ships,-0.7146586370011758,S700_2610,"Stylish Desk Decors, Co.",(171) 555-0297,35 King George,Desconocido,London,Desconocido,WX3 6FW,UK,EMEA,Brown,Ann,Medium
10143,-0.4202184702710794,0.08088245099390523,16,-0.49409713560413815,2003-08-10,Shipped,3,8,2003,Ships,-0.7146586370011758,S700_2610,Mini Creations Ltd.,5085559555,4575 Hillside Dr.,Desconocido,New Bedford,MA,50553,USA,Desconocido,Tam,Wing C,Small
10154,0.09314345701611873,-0.9582484105454024,1,-0.6722687770180455,2003-10-02,Shipped,4,10,2003,Ships,-0.7146586370011758,S700_2610,Boards & Toys Co.,3105552373,4097 Douglas Av.,Desconocido,Glendale,CA,92561,USA,Desconocido,Young,Leslie,Small
10167,1.119867311590515,-0.6716941939567955,10,-0.1785621147989839,2003-10-23,Cancelled,4,10,2003,Ships,-0.7146586370011758,S700_2610,Scandinavian Gift Ideas,0695-34 6555,?kergatan 24,Desconocido,Boras,Desconocido,S-844 67,Sweden,EMEA,Larsson,Maria,Medium
10177,-0.31754608481363966,-0.3489488738890047,1,-0.5984392187399228,2003-11-07,Shipped,4,11,2003,Ships,-0.7146586370011758,S700_2610,CAF Imports,+34 913 728 555,"Merchants House, 27-30 Merchant's Quay",Desconocido,Madrid,Desconocido,28023,Spain,EMEA,Fernandez,Jesus,Small
10185,0.4011606133884374,-1.2809937306131929,1,-0.7053389454435947,2003-11-14,Shipped,4,11,2003,Ships,-0.7146586370011758,S700_2610,Mini Creations Ltd.,5085559555,4575 Hillside Dr.,Desconocido,New Bedford,MA,50553,USA,Desconocido,Tam,Wing C,Small
10197,1.5305568534202727,-0.24136710053307428,7,0.20939603183401118,2003-11-26,Shipped,4,11,2003,Ships,-0.7146586370011758,S700_2610,Enaco Distributors,(93) 203 4555,"Rambla de Catalu¤a, 23",Desconocido,Barcelona,Desconocido,8022,Spain,EMEA,Saavedra,Eduardo,Medium
10208,1.119867311590515,-0.45653064724493514,1,-0.07015278106373538,2004-01-02,Shipped,1,1,2004,Ships,-0.7146586370011758,S700_2610,"Saveley & Henriot, Co.",78.32.5555,"2, rue du Commerce",Desconocido,Lyon,Desconocido,69004,France,EMEA,Saveley,Mary,Medium
10222,0.09314345701611873,-0.1342810957179548,13,-0.34736659027954614,2004-02-19,Shipped,1,2,2004,Ships,-0.7146586370011758,S700_2610,Collectable Mini Designs Co.,7605558146,361 Furth Circle,Desconocido,San Diego,CA,91217,USA,Desconocido,Thompson,Valarie,Small
10233,-0.6255632411859583,-0.06239465730039782,1,-0.6322370394756565,2004-03-29,Shipped,1,3,2004,Ships,-0.7146586370011758,S700_2610,Tekni Collectables Inc.,2015559350,7476 Moss Rd.,Desconocido,Newark,NJ,94019,USA,Desconocido,Brown,William,Small
10248,-0.31754608481363966,-0.38513997736818906,4,-0.6111242619980644,2004-05-07,Cancelled,2,5,2004,Ships,-0.7146586370011758,S700_2610,Land of Toys Inc.,2125557818,897 Long Airport Avenue,Desconocido,NYC,NY,10022,USA,Desconocido,Yu,Kwai,Small
10261,0.9145225406756355,-0.743084863833542,2,-0.28911096353581983,2004-06-17,Shipped,2,6,2004,Ships,-0.7146586370011758,S700_2610,Quebec Home Shopping Network,(514) 555-8054,43 rue St. Laurent,Desconocido,Montreal,Quebec,H1J 1C3,Canada,Desconocido,Fresnisre,Jean,Medium
10273,0.7091777697607561,-1.0658301839013329,5,-0.5121635478129728,2004-07-21,Shipped,3,7,2004,Ships,-0.7146586370011758,S700_2610,Petit Auto,(02) 5554 67,Rue Joseph-Bens 532,Desconocido,Bruxelles,Desconocido,B-1180,Belgium,EMEA,Dewey,Catherine,Small
10283,1.222539697047954,-0.8868577406686564,7,-0.2512567526828636,2004-08-20,Shipped,3,8,2004,Ships,-0.7146586370011758,S700_2610,"Royal Canadian Collectables, Ltd.",(604) 555-4555,23 Tsawassen Blvd.,Desconocido,Tsawassen,BC,T2F 8M4,Canada,Desconocido,Lincoln,Elizabeth,Medium
10295,0.9145225406756355,-1.2448026271340094,2,-0.5309087401619048,2004-09-10,Shipped,3,9,2004,Ships,-0.7146586370011758,S700_2610,Gifts4AllAges.com,6175559555,8616 Spinnaker Dr.,Desconocido,Boston,MA,51003,USA,Desconocido,Yoshido,Juri,Small
10306,0.8118501552181958,-0.4208353123065617,1,-0.1746251899864186,2004-10-14,Shipped,4,10,2004,Ships,-0.7146586370011758,S700_2610,"AV Stores, Co.",(171) 555-1555,Fauntleroy Circus,Desconocido,Manchester,Desconocido,EC2 5NT,UK,EMEA,Ashworth,Victoria,Medium
10316,1.3252120825053932,-0.45653064724493514,18,0.01070350922467637,2004-11-01,Shipped,4,11,2004,Ships,-0.7146586370011758,S700_2610,giftsbymail.co.uk,(198) 555-8888,Garden House Crowther Way,Desconocido,Cowes,Isle of Wight,PO31 7PJ,UK,EMEA,Bennett,Helen,Medium
10327,-1.4469423248454751,0.6272193829673391,1,-0.8315757607783638,2004-11-10,Resolved,4,11,2004,Ships,-0.7146586370011758,S700_2610,Danish Wholesale Imports,31 12 3555,Vinb'ltet 34,Desconocido,Kobenhavn,Desconocido,1734,Denmark,EMEA,Petersen,Jytte,Small
10339,1.5305568534202727,-0.46148833265304284,9,0.08884467895269862,2004-11-23,Shipped,4,11,2004,Ships,-0.7146586370011758,S700_2610,"Tokyo Collectables, Ltd",+81 3 3584 0555,2-2-8 Roppongi,Desconocido,Minato-ku,Tokyo,106-0032,Japan,Japan,Shimamura,Akiko,Medium
10350,-0.6255632411859583,-0.4119114785719689,12,-0.7432583191900002,2004-12-02,Shipped,4,12,2004,Ships,-0.7146586370011758,S700_2610,Euro Shopping Channel,(91) 555 94 44,"C/ Moralzarzal, 86",Desconocido,Madrid,Desconocido,28034,Spain,EMEA,Freyre,Diego,Small
10373,0.6065053843033164,-0.6607872860589594,16,-0.3640211397969777,2005-01-31,Shipped,1,1,2005,Ships,-0.7146586370011758,S700_2610,"Oulu Toy Supplies, Inc.",981-443655,Torikatu 38,Desconocido,Oulu,Desconocido,90110,Finland,EMEA,Koskitalo,Pirkko,Small
10386,0.19581584247355846,0.8101579745265014,10,0.7948140363419233,2005-03-01,Resolved,1,3,2005,Ships,-0.7146586370011758,S700_2610,Euro Shopping Channel,(91) 555 94 44,"C/ Moralzarzal, 86",Desconocido,Madrid,Desconocido,28034,Spain,EMEA,Freyre,Diego,Medium
10397,-1.3442699393880353,-0.850666637189472,4,-1.1354031817271164,2005-03-28,Shipped,1,3,2005,Ships,-0.7146586370011758,S700_2610,Alpha Cognac,61.77.6555,1 rue Alsace-Lorraine,Desconocido,Toulouse,Desconocido,31000,France,EMEA,Roulet,Annette,Small
10414,-0.4202184702710794,-0.38513997736818906,4,-0.6523343618636626,2005-05-06,On Hold,2,5,2005,Ships,-0.7146586370011758,S700_2610,Gifts4AllAges.com,6175559555,8616 Spinnaker Dr.,Desconocido,Boston,MA,51003,USA,Desconocido,Yoshido,Juri,Small
10103,0.7091777697607561,0.8101579745265014,6,0.4924853619425056,2003-01-29,Shipped,1,1,2003,Classic Cars,0.007079232279581323,S700_2824,Baane Mini Imports,07-98 9555,Erling Skakkes gate 78,Desconocido,Stavern,Desconocido,4110,Norway,EMEA,Bergulfsen,Jonas,Medium
10114,0.7091777697607561,0.8101579745265014,10,0.653959011910015,2003-04-01,Shipped,2,4,2003,Classic Cars,0.007079232279581323,S700_2824,"La Corne D'abondance, Co.",(1) 42.34.2555,"265, boulevard Charonne",Desconocido,Paris,Desconocido,75012,France,EMEA,Bertrand,Marie,Medium
10126,1.0171949261330746,0.8101579745265014,6,0.566542990347701,2003-05-28,Shipped,2,5,2003,Classic Cars,0.007079232279581323,S700_2824,"Corrida Auto Replicas, Ltd",(91) 555 22 82,"C/ Araquil, 67",Desconocido,Madrid,Desconocido,28023,Spain,EMEA,Sommer,Mart¡n,Medium
10140,0.09314345701611873,0.8101579745265014,6,0.30458815868128186,2003-07-24,Shipped,3,7,2003,Classic Cars,0.007079232279581323,S700_2824,Technics Stores Inc.,6505556809,9408 Furth Circle,Desconocido,Burlingame,CA,94217,USA,Desconocido,Hirano,Juri,Medium
10150,-1.5496147103029148,0.8101579745265014,3,-0.7873247258851287,2003-09-19,Shipped,3,9,2003,Classic Cars,0.007079232279581323,S700_2824,"Dragon Souveniers, Ltd.",+65 221 7555,"Bronz Sok., Bronz Apt. 3/6 Tesvikiye",Desconocido,Singapore,Desconocido,79903,Singapore,Japan,Natividad,Eric,Small
10164,0.4011606133884374,-0.08569577871850277,4,-0.1947388030977872,2003-10-21,Resolved,4,10,2003,Classic Cars,0.007079232279581323,S700_2824,Mini Auto Werke,7675-3555,Kirchgasse 6,Desconocido,Graz,Desconocido,8010,Austria,EMEA,Mendel,Roland,Medium
10175,0.7091777697607561,0.11509048030984666,11,0.0310994948743255,2003-11-06,Shipped,4,11,2003,Classic Cars,0.007079232279581323,S700_2824,"Stylish Desk Decors, Co.",(171) 555-0297,35 King George,Desconocido,London,Desconocido,WX3 6FW,UK,EMEA,Brown,Ann,Medium
10183,-1.2415975539305957,0.1651631029317307,3,-0.843381104974939,2003-11-13,Shipped,4,11,2003,Classic Cars,0.007079232279581323,S700_2824,"Classic Gift Ideas, Inc",2155554695,782 First Street,Desconocido,Philadelphia,PA,71270,USA,Desconocido,Cervantes,Francisca,Small
10194,-0.9335803975582769,0.26530834817550036,6,-0.6731484760796117,2003-11-25,Shipped,4,11,2003,Classic Cars,0.007079232279581323,S700_2824,"Saveley & Henriot, Co.",78.32.5555,"2, rue du Commerce",Desconocido,Lyon,Desconocido,69004,France,EMEA,Saveley,Mary,Small
10206,-0.21487369935619993,0.8101579745265014,1,0.17268217161641847,2003-12-05,Shipped,4,12,2003,Classic Cars,0.007079232279581323,S700_2824,Canadian Gift Exchange Network,(604) 555-3392,1900 Oak St.,Desconocido,Vancouver,BC,V3F 2K1,Canada,Desconocido,Tannamuri,Yoshi,Medium
10217,-0.4202184702710794,0.2152357255536155,6,-0.44847767994846677,2004-02-04,Shipped,1,2,2004,Classic Cars,0.007079232279581323,S700_2824,Handji Gifts& Co,+65 224 1555,Village Close - 106 Linden Road Sandown,2nd Floor,Singapore,Desconocido,69045,Singapore,APAC,Victorino,Wendy,Small
10229,1.5305568534202727,0.8101579745265014,11,1.1186899075085954,2004-03-11,Shipped,1,3,2004,Classic Cars,0.007079232279581323,S700_2824,Mini Gifts Distributors Ltd.,4155551450,5677 Strong St.,Desconocido,San Rafael,CA,97562,USA,Desconocido,Nelson,Valarie,Medium
10245,0.9145225406756355,0.8101579745265014,4,0.5837025522893656,2004-05-04,Shipped,2,5,2004,Classic Cars,0.007079232279581323,S700_2824,Super Scale Inc.,2035559545,567 North Pendale Street,Desconocido,New Haven,CT,97823,USA,Desconocido,Murphy,Leslie,Medium
10258,1.0171949261330746,-0.1357684013403876,1,0.04752054402356396,2004-06-15,Shipped,2,6,2004,Classic Cars,0.007079232279581323,S700_2824,"Tokyo Collectables, Ltd",+81 3 3584 0555,2-2-8 Roppongi,Desconocido,Minato-ku,Tokyo,106-0032,Japan,Japan,Shimamura,Akiko,Medium
10270,1.119867311590515,0.2152357255536155,4,0.26831414799447206,2004-07-19,Shipped,3,7,2004,Classic Cars,0.007079232279581323,S700_2824,Souveniers And Things Co.,+61 2 9495 8555,"Monitor Money Building, 815 Pacific Hwy",Level 6,Chatswood,NSW,2067,Australia,APAC,Huxley,Adrian,Medium
10281,-0.8309080121008378,0.11509048030984666,11,-0.6692387024726504,2004-08-19,Shipped,3,8,2004,Classic Cars,0.007079232279581323,S700_2824,Diecast Classics Inc.,2155551555,7586 Pompton St.,Desconocido,Allentown,PA,70267,USA,Desconocido,Yu,Kyung,Small
10291,-0.728235626643398,0.8101579745265014,6,-0.16123964562369614,2004-09-08,Shipped,3,9,2004,Classic Cars,0.007079232279581323,S700_2824,Scandinavian Gift Ideas,0695-34 6555,?kergatan 24,Desconocido,Boras,Desconocido,S-844 67,Sweden,EMEA,Larsson,Maria,Medium
10304,0.5038329988458771,0.8101579745265014,1,0.3551980059269498,2004-10-11,Shipped,4,10,2004,Classic Cars,0.007079232279581323,S700_2824,Auto Assoc. & Cie.,30.59.8555,"67, avenue de l'Europe",Desconocido,Versailles,Desconocido,78000,France,EMEA,Tonini,Daniel,Medium
10313,-0.5228908557285186,0.7670261114759672,9,-0.3149480507884904,2004-10-22,Shipped,4,10,2004,Classic Cars,0.007079232279581323,S700_2824,Canadian Gift Exchange Network,(604) 555-3392,1900 Oak St.,Desconocido,Vancouver,BC,V3F 2K1,Canada,Desconocido,Tannamuri,Yoshi,Small
10324,-0.11220131389876072,0.8101579745265014,5,0.3770818776436927,2004-11-05,Shipped,4,11,2004,Classic Cars,0.007079232279581323,S700_2824,Vitachrome Inc.,2125551500,2678 Kingston Rd.,Suite 101,NYC,NY,10022,USA,Desconocido,Frick,Michael,Medium
10336,1.119867311590515,0.8101579745265014,2,3.2608114248338267,2004-11-20,Shipped,4,11,2004,Classic Cars,0.007079232279581323,S700_2824,"La Corne D'abondance, Co.",(1) 42.34.2555,"265, boulevard Charonne",Desconocido,Paris,Desconocido,75012,France,EMEA,Bertrand,Marie,Large
10348,-0.31754608481363966,-0.04107661004553659,7,-0.4905294671877858,2004-11-01,Shipped,4,11,2004,Classic Cars,0.007079232279581323,S700_2824,"Corrida Auto Replicas, Ltd",(91) 555 22 82,"C/ Araquil, 67",Desconocido,Madrid,Desconocido,28023,Spain,EMEA,Sommer,Mart¡n,Small
10358,-0.8309080121008378,0.8101579745265014,3,0.11266714674955969,2004-12-10,Shipped,4,12,2004,Classic Cars,0.007079232279581323,S700_2824,Euro Shopping Channel,(91) 555 94 44,"C/ Moralzarzal, 86",Desconocido,Madrid,Desconocido,28034,Spain,EMEA,Freyre,Diego,Medium
10371,-0.11220131389876072,0.8101579745265014,3,0.4058838765483088,2005-01-23,Shipped,1,1,2005,Classic Cars,0.007079232279581323,S700_2824,Mini Gifts Distributors Ltd.,4155551450,5677 Strong St.,Desconocido,San Rafael,CA,97562,USA,Desconocido,Nelson,Valarie,Medium
10382,-0.11220131389876072,-1.428732755774793,9,-0.9173464192810813,2005-02-17,Shipped,1,2,2005,Classic Cars,0.007079232279581323,S700_2824,Mini Gifts Distributors Ltd.,4155551450,5677 Strong St.,Desconocido,San Rafael,CA,97562,USA,Desconocido,Nelson,Valarie,Small
10411,-0.11220131389876072,0.8101579745265014,4,0.012441186383326447,2005-05-01,Shipped,2,5,2005,Classic Cars,0.007079232279581323,S700_2824,Quebec Home Shopping Network,(514) 555-8054,43 rue St. Laurent,Desconocido,Montreal,Quebec,H1J 1C3,Canada,Desconocido,Fresnisre,Jean,Medium
10424,1.119867311590515,-0.1357684013403876,1,0.09146205517291454,2005-05-31,In Process,2,5,2005,Classic Cars,0.007079232279581323,S700_2824,Euro Shopping Channel,(91) 555 94 44,"C/ Moralzarzal, 86",Desconocido,Madrid,Desconocido,28034,Spain,EMEA,Freyre,Diego,Medium
10106,-0.31754608481363966,0.8101579745265014,1,0.234950746548401,2003-02-17,Shipped,1,2,2003,Planes,0.4301669487545078,S700_2834,Rovelli Gifts,035-640555,Via Ludovico il Moro 22,Desconocido,Bergamo,Desconocido,24100,Italy,EMEA,Rovelli,Giovanni,Medium
10120,-1.1389251684731565,0.8101579745265014,7,-0.07426890383328652,2003-04-29,Shipped,2,4,2003,Planes,0.4301669487545078,S700_2834,"Australian Collectors, Co.",03 9520 4555,636 St Kilda Road,Level 3,Melbourne,Victoria,3004,Australia,APAC,Ferguson,Peter,Medium
10133,-0.8309080121008378,0.7937976126797471,2,-0.4685206999252651,2003-06-27,Shipped,2,6,2003,Planes,0.4301669487545078,S700_2834,Euro Shopping Channel,(91) 555 94 44,"C/ Moralzarzal, 86",Desconocido,Madrid,Desconocido,28034,Spain,EMEA,Freyre,Diego,Small
10145,-1.5496147103029148,0.8101579745265014,13,-0.4351192867913484,2003-08-25,Shipped,3,8,2003,Planes,0.4301669487545078,S700_2834,Toys4GrownUps.com,6265557265,78934 Hillside Dr.,Desconocido,Pasadena,CA,90003,USA,Desconocido,Young,Julie,Small
10168,0.09314345701611873,0.8101579745265014,8,0.5288136750405228,2003-10-28,Shipped,4,10,2003,Planes,0.4301669487545078,S700_2834,Technics Stores Inc.,6505556809,9408 Furth Circle,Desconocido,Burlingame,CA,94217,USA,Desconocido,Hirano,Juri,Medium
10188,-0.6255632411859583,0.8101579745265014,8,0.21892610500097978,2003-11-18,Shipped,4,11,2003,Planes,0.4301669487545078,S700_2834,Herkku Gifts,+47 2267 3215,"Drammen 121, PR 744 Sentrum",Desconocido,Bergen,Desconocido,N 5804,Norway,EMEA,Oeztan,Veysel,Medium
10210,-1.0362527830157167,0.8101579745265014,6,-0.3996055098614481,2004-01-12,Shipped,1,1,2004,Planes,0.4301669487545078,S700_2834,Osaka Souveniers Co.,+81 06 6342 5555,"Dojima Avanza 4F, 1-6-20 Dojima, Kita-ku",Desconocido,Osaka,Osaka,530-0003,Japan,Japan,Kentary,Mory,Small
10223,-0.6255632411859583,0.8101579745265014,8,-0.19224632242334902,2004-02-20,Shipped,1,2,2004,Planes,0.4301669487545078,S700_2834,"Australian Collectors, Co.",03 9520 4555,636 St Kilda Road,Level 3,Melbourne,Victoria,3004,Australia,APAC,Ferguson,Peter,Medium
10235,-1.0362527830157167,0.6173040121511245,2,-0.625096272401831,2004-04-02,Shipped,2,4,2004,Planes,0.4301669487545078,S700_2834,"Royal Canadian Collectables, Ltd.",(604) 555-4555,23 Tsawassen Blvd.,Desconocido,Tsawassen,BC,T2F 8M4,Canada,Desconocido,Lincoln,Elizabeth,Small
10250,0.9145225406756355,0.8101579745265014,3,1.3585545182956826,2004-05-11,Shipped,2,5,2004,Planes,0.4301669487545078,S700_2834,The Sharp Gifts Warehouse,4085553659,3086 Ingle Ln.,Desconocido,San Jose,CA,94217,USA,Desconocido,Frick,Sue,Medium
10263,1.222539697047954,0.8101579745265014,9,1.0378661986669078,2004-06-28,Shipped,2,6,2004,Planes,0.4301669487545078,S700_2834,Gift Depot Inc.,2035552570,25593 South Bay Ln.,Desconocido,Bridgewater,CT,97562,USA,Desconocido,King,Julie,Medium
10275,1.3252120825053932,0.8101579745265014,8,1.5339513064968713,2004-07-23,Shipped,3,7,2004,Planes,0.4301669487545078,S700_2834,La Rochelle Gifts,40.67.8555,"67, rue des Cinquante Otages",Desconocido,Nantes,Desconocido,44000,France,EMEA,Labrune,Janine,Medium
10285,1.0171949261330746,0.8101579745265014,13,0.9985729739169452,2004-08-27,Shipped,3,8,2004,Planes,0.4301669487545078,S700_2834,Marta's Replicas Co.,6175558555,39323 Spinnaker Dr.,Desconocido,Cambridge,MA,51247,USA,Desconocido,Hernandez,Marta,Medium
10297,-0.009528928441320991,0.8101579745265014,3,0.23491816510167635,2004-09-16,Shipped,3,9,2004,Planes,0.4301669487545078,S700_2834,"Clover Collections, Co.",+353 1862 1555,25 Maiden Lane,Floor No. 4,Dublin,Desconocido,2,Ireland,EMEA,Cassidy,Dean,Medium
10308,-0.4202184702710794,0.8101579745265014,6,0.24726110316920882,2004-10-15,Shipped,4,10,2004,Planes,0.4301669487545078,S700_2834,Mini Classics,9145554562,3758 North Pendale Street,Desconocido,White Plains,NY,24067,USA,Desconocido,Frick,Steve,Medium
10318,1.5305568534202727,0.8101579745265014,8,1.9359411961859614,2004-11-02,Shipped,4,11,2004,Planes,0.4301669487545078,S700_2834,Diecast Classics Inc.,2155551555,7586 Pompton St.,Desconocido,Allentown,PA,70267,USA,Desconocido,Yu,Kyung,Large
10328,-0.21487369935619993,0.8101579745265014,11,0.28145533150675917,2004-11-12,Shipped,4,11,2004,Planes,0.4301669487545078,S700_2834,Rovelli Gifts,035-640555,Via Ludovico il Moro 22,Desconocido,Bergamo,Desconocido,24100,Italy,EMEA,Rovelli,Giovanni,Medium
10340,-0.6255632411859583,0.8101579745265014,6,0.29357019944721946,2004-11-24,Shipped,4,11,2004,Planes,0.4301669487545078,S700_2834,Enaco Distributors,(93) 203 4555,"Rambla de Catalu¤a, 23",Desconocido,Barcelona,Desconocido,8022,Spain,EMEA,Saavedra,Eduardo,Medium
10353,1.3252120825053932,-0.7366398728030024,4,-0.13656462997087257,2004-12-04,Shipped,4,12,2004,Planes,0.4301669487545078,S700_2834,Gift Ideas Corp.,2035554407,2440 Pompton St.,Desconocido,Glendale,CT,97561,USA,Desconocido,Lewis,Dan,Medium
10361,0.9145225406756355,-0.5571716610295149,5,-0.19951198504295267,2004-12-17,Shipped,4,12,2004,Planes,0.4301669487545078,S700_2834,Souveniers And Things Co.,+61 2 9495 8555,"Monitor Money Building, 815 Pacific Hwy",Level 6,Chatswood,NSW,2067,Australia,APAC,Huxley,Adrian,Medium
10375,-1.0362527830157167,-0.839263960750825,10,-1.0239474827231103,2005-02-03,Shipped,1,2,2005,Planes,0.4301669487545078,S700_2834,La Rochelle Gifts,40.67.8555,"67, rue des Cinquante Otages",Desconocido,Nantes,Desconocido,44000,France,EMEA,Labrune,Janine,Small
10388,1.5305568534202727,0.8101579745265014,3,1.9552185521647303,2005-03-03,Shipped,1,3,2005,Planes,0.4301669487545078,S700_2834,FunGiftIdeas.com,5085552555,1785 First Street,Desconocido,New Bedford,MA,50553,USA,Desconocido,Benitez,Violeta,Large
10398,-1.2415975539305957,0.8101579745265014,9,-0.4034989927450473,2005-03-30,Shipped,1,3,2005,Planes,0.4301669487545078,S700_2834,Reims Collectables,26.47.1555,59 rue de l'Abbaye,Desconocido,Reims,Desconocido,51100,France,EMEA,Henriot,Paul,Small
10401,-1.4469423248454751,0.6173040121511245,2,-0.8338564620490913,2005-04-03,On Hold,2,4,2005,Planes,0.4301669487545078,S700_2834,Tekni Collectables Inc.,2015559350,7476 Moss Rd.,Desconocido,Newark,NJ,94019,USA,Desconocido,Brown,William,Small
10416,0.6065053843033164,0.8101579745265014,3,1.1343452926598034,2005-05-10,Shipped,2,5,2005,Planes,0.4301669487545078,S700_2834,L'ordine Souveniers,0522-556555,Strada Provinciale 124,Desconocido,Reggio Emilia,Desconocido,42100,Italy,EMEA,Moroni,Maurizio,Medium
10106,0.9145225406756355,-0.45900948994898816,8,-0.15220372439871857,2003-02-17,Shipped,1,2,2003,Planes,-0.5155585351306222,S700_3167,Rovelli Gifts,035-640555,Via Ludovico il Moro 22,Desconocido,Bergamo,Desconocido,24100,Italy,EMEA,Rovelli,Giovanni,Medium
10120,0.8118501552181958,-0.37968652341927045,14,-0.1552446594263553,2003-04-29,Shipped,2,4,2003,Planes,-0.5155585351306222,S700_3167,"Australian Collectors, Co.",03 9520 4555,636 St Kilda Road,Level 3,Melbourne,Victoria,3004,Australia,APAC,Ferguson,Peter,Medium
10143,-0.728235626643398,0.6118505582022059,3,-0.47019864443158615,2003-08-10,Shipped,3,8,2003,Planes,-0.5155585351306222,S700_3167,Mini Creations Ltd.,5085559555,4575 Hillside Dr.,Desconocido,New Bedford,MA,50553,USA,Desconocido,Tam,Wing C,Small
10155,0.8118501552181958,0.13591275902389777,1,0.08759572349491887,2003-10-06,Shipped,4,10,2003,Planes,-0.5155585351306222,S700_3167,"Toys of Finland, Co.",90-224 8555,Keskuskatu 45,Desconocido,Helsinki,Desconocido,21240,Finland,EMEA,Karttunen,Matti,Medium
10168,1.3252120825053932,0.6118505582022059,15,0.5724076507581431,2003-10-28,Shipped,4,10,2003,Planes,-0.5155585351306222,S700_3167,Technics Stores Inc.,6505556809,9408 Furth Circle,Desconocido,Burlingame,CA,94217,USA,Desconocido,Hirano,Juri,Medium
10199,0.29848822793099766,-0.06239465730039782,3,-0.2295303579586237,2003-12-01,Shipped,4,12,2003,Planes,-0.5155585351306222,S700_3167,West Coast Collectables Co.,3105553722,3675 Furth Circle,Desconocido,Burbank,CA,94019,USA,Desconocido,Thompson,Steve,Medium
10210,-0.4202184702710794,0.13591275902389777,13,-0.47541167590753475,2004-01-12,Shipped,1,1,2004,Planes,-0.5155585351306222,S700_3167,Osaka Souveniers Co.,+81 06 6342 5555,"Dojima Avanza 4F, 1-6-20 Dojima, Kita-ku",Desconocido,Osaka,Osaka,530-0003,Japan,Japan,Kentary,Mory,Small
10223,-0.9335803975582769,-0.8159628393327205,15,-0.9810757290745534,2004-02-20,Shipped,1,2,2004,Planes,-0.5155585351306222,S700_3167,"Australian Collectors, Co.",03 9520 4555,636 St Kilda Road,Level 3,Melbourne,Victoria,3004,Australia,APAC,Ferguson,Peter,Small
10235,-0.31754608481363966,0.4135431418779111,9,-0.3311844717396221,2004-04-02,Shipped,2,4,2004,Planes,-0.5155585351306222,S700_3167,"Royal Canadian Collectables, Ltd.",(604) 555-4555,23 Tsawassen Blvd.,Desconocido,Tsawassen,BC,T2F 8M4,Canada,Desconocido,Lincoln,Elizabeth,Small
10250,0.9145225406756355,-0.8159628393327205,10,-0.32423376310502383,2004-05-11,Shipped,2,5,2004,Planes,-0.5155585351306222,S700_3167,The Sharp Gifts Warehouse,4085553659,3086 Ingle Ln.,Desconocido,San Jose,CA,94217,USA,Desconocido,Frick,Sue,Small
10262,-0.8309080121008378,-0.37968652341927045,5,-0.815561979713184,2004-06-24,Cancelled,2,6,2004,Planes,-0.5155585351306222,S700_3167,Euro Shopping Channel,(91) 555 94 44,"C/ Moralzarzal, 86",Desconocido,Madrid,Desconocido,28034,Spain,EMEA,Freyre,Diego,Small
10275,0.8118501552181958,-0.49867097321384823,15,-0.2112847477928032,2004-07-23,Shipped,3,7,2004,Planes,-0.5155585351306222,S700_3167,La Rochelle Gifts,40.67.8555,"67, rue des Cinquante Otages",Desconocido,Nantes,Desconocido,44000,France,EMEA,Labrune,Janine,Medium
10284,-1.0362527830157167,-0.6969783895381434,7,-0.984985502681515,2004-08-21,Shipped,3,8,2004,Planes,-0.5155585351306222,S700_3167,"Norway Gifts By Mail, Co.",+47 2212 1555,"Drammensveien 126 A, PB 744 Sentrum",Desconocido,Oslo,Desconocido,N 0106,Norway,EMEA,Klaeboe,Jan,Small
10296,-1.3442699393880353,-0.14171762383011638,3,-0.9645677960673829,2004-09-15,Shipped,3,9,2004,Planes,-0.5155585351306222,S700_3167,"Bavarian Collectables Imports, Co.",+49 89 61 08 9555,Hansastr. 15,Desconocido,Munich,Desconocido,80686,Germany,EMEA,Donnermeyer,Michael,Small
10308,-1.4469423248454751,0.17557424228875623,13,-0.9354617036600027,2004-10-15,Shipped,4,10,2004,Planes,-0.5155585351306222,S700_3167,Mini Classics,9145554562,3758 North Pendale Street,Desconocido,White Plains,NY,24067,USA,Desconocido,Frick,Steve,Small
10316,1.3252120825053932,-0.4193480066841297,5,0.03025237725948391,2004-11-01,Shipped,4,11,2004,Planes,-0.5155585351306222,S700_3167,giftsbymail.co.uk,(198) 555-8888,Garden House Crowther Way,Desconocido,Cowes,Isle of Wight,PO31 7PJ,UK,EMEA,Bennett,Helen,Medium
10328,-0.21487369935619993,-0.9746087723921568,13,-0.782980532988505,2004-11-12,Shipped,4,11,2004,Planes,-0.5155585351306222,S700_3167,Rovelli Gifts,035-640555,Via Ludovico il Moro 22,Desconocido,Bergamo,Desconocido,24100,Italy,EMEA,Rovelli,Giovanni,Small
10341,-0.11220131389876072,0.8101579745265014,5,0.04899756960841593,2004-11-24,Shipped,4,11,2004,Planes,-0.5155585351306222,S700_3167,Salzburg Collectables,6562-9555,Geislweg 14,Desconocido,Salzburg,Desconocido,5020,Austria,EMEA,Pipps,Georg,Medium
10353,0.8118501552181958,-0.08470424163688091,6,-0.016311940351203095,2004-12-04,Shipped,4,12,2004,Planes,-0.5155585351306222,S700_3167,Gift Ideas Corp.,2035554407,2440 Pompton St.,Desconocido,Glendale,CT,97561,USA,Desconocido,Lewis,Dan,Medium
10361,0.9145225406756355,0.8101579745265014,10,0.7863157089879027,2004-12-17,Shipped,4,12,2004,Planes,-0.5155585351306222,S700_3167,Souveniers And Things Co.,+61 2 9495 8555,"Monitor Money Building, 815 Pacific Hwy",Level 6,Chatswood,NSW,2067,Australia,APAC,Huxley,Adrian,Medium
10375,0.9145225406756355,0.8101579745265014,11,0.8986130953656302,2005-02-03,Shipped,1,2,2005,Planes,-0.5155585351306222,S700_3167,La Rochelle Gifts,40.67.8555,"67, rue des Cinquante Otages",Desconocido,Nantes,Desconocido,44000,France,EMEA,Labrune,Janine,Medium
10386,-0.31754608481363966,0.5295529804276233,17,-0.2905228262272227,2005-03-01,Resolved,1,3,2005,Planes,-0.5155585351306222,S700_3167,Euro Shopping Channel,(91) 555 94 44,"C/ Moralzarzal, 86",Desconocido,Madrid,Desconocido,28034,Spain,EMEA,Freyre,Diego,Medium
10398,-0.6255632411859583,-0.895285805862439,10,-0.8967983868800502,2005-03-30,Shipped,1,3,2005,Planes,-0.5155585351306222,S700_3167,Reims Collectables,26.47.1555,59 rue de l'Abbaye,Desconocido,Reims,Desconocido,51100,France,EMEA,Henriot,Paul,Small
10401,4.302711260771142,0.4135431418779111,9,1.9169353522632318,2005-04-03,On Hold,2,4,2005,Planes,-0.5155585351306222,S700_3167,Tekni Collectables Inc.,2015559350,7476 Moss Rd.,Desconocido,Newark,NJ,94019,USA,Desconocido,Brown,William,Large
10416,0.4011606133884374,-0.8159628393327205,10,-0.5066898647632265,2005-05-10,Shipped,2,5,2005,Planes,-0.5155585351306222,S700_3167,L'ordine Souveniers,0522-556555,Strada Provinciale 124,Desconocido,Reggio Emilia,Desconocido,42100,Italy,EMEA,Moroni,Maurizio,Small
10105,0.4011606133884374,-0.12486149344255112,6,-0.21146937599090973,2003-02-11,Shipped,1,2,2003,Ships,-0.01780828045423832,S700_3505,Danish Wholesale Imports,31 12 3555,Vinb'ltet 34,Desconocido,Kobenhavn,Desconocido,1734,Denmark,EMEA,Petersen,Jytte,Medium
10118,0.09314345701611873,0.8101579745265014,1,0.3612798759822232,2003-04-21,Shipped,2,4,2003,Ships,-0.01780828045423832,S700_3505,Enaco Distributors,(93) 203 4555,"Rambla de Catalu¤a, 23",Desconocido,Barcelona,Desconocido,8022,Spain,EMEA,Saavedra,Eduardo,Medium
10129,0.7091777697607561,0.371402815908998,6,0.1490117505709393,2003-06-12,Shipped,2,6,2003,Ships,-0.01780828045423832,S700_3505,"Stylish Desk Decors, Co.",(171) 555-0297,35 King George,Desconocido,London,Desconocido,WX3 6FW,UK,EMEA,Brown,Ann,Medium
10142,-1.4469423248454751,0.8101579745265014,3,-0.6618915862362353,2003-08-08,Shipped,3,8,2003,Ships,-0.01780828045423832,S700_3505,Mini Gifts Distributors Ltd.,4155551450,5677 Strong St.,Desconocido,San Rafael,CA,97562,USA,Desconocido,Nelson,Valarie,Small
10153,1.5305568534202727,0.2226722536657771,2,0.46353131628650757,2003-09-28,Shipped,3,9,2003,Ships,-0.01780828045423832,S700_3505,Euro Shopping Channel,(91) 555 94 44,"C/ Moralzarzal, 86",Desconocido,Madrid,Desconocido,28034,Spain,EMEA,Freyre,Diego,Medium
10167,-1.1389251684731565,0.8101579745265014,13,-0.4024292352442536,2003-10-23,Cancelled,4,10,2003,Ships,-0.01780828045423832,S700_3505,Scandinavian Gift Ideas,0695-34 6555,?kergatan 24,Desconocido,Boras,Desconocido,S-844 67,Sweden,EMEA,Larsson,Maria,Small
10177,0.9145225406756355,0.421475438530882,4,0.2721370377435013,2003-11-07,Shipped,4,11,2003,Ships,-0.01780828045423832,S700_3505,CAF Imports,+34 913 728 555,"Merchants House, 27-30 Merchant's Quay",Desconocido,Madrid,Desconocido,28023,Spain,EMEA,Fernandez,Jesus,Medium
10185,0.19581584247355846,0.8101579745265014,4,0.18341775831219995,2003-11-14,Shipped,4,11,2003,Ships,-0.01780828045423832,S700_3505,Mini Creations Ltd.,5085559555,4575 Hillside Dr.,Desconocido,New Bedford,MA,50553,USA,Desconocido,Tam,Wing C,Medium
10197,-0.8309080121008378,0.421475438530882,10,-0.5786296991313179,2003-11-26,Shipped,4,11,2003,Ships,-0.01780828045423832,S700_3505,Enaco Distributors,(93) 203 4555,"Rambla de Catalu¤a, 23",Desconocido,Barcelona,Desconocido,8022,Spain,EMEA,Saavedra,Eduardo,Small
10208,0.19581584247355846,0.8101579745265014,4,0.4851979783584189,2004-01-02,Shipped,1,1,2004,Ships,-0.01780828045423832,S700_3505,"Saveley & Henriot, Co.",78.32.5555,"2, rue du Commerce",Desconocido,Lyon,Desconocido,69004,France,EMEA,Saveley,Mary,Medium
10222,0.29848822793099766,0.8101579745265014,16,0.34391396487796916,2004-02-19,Shipped,1,2,2004,Ships,-0.01780828045423832,S700_3505,Collectable Mini Designs Co.,7605558146,361 Furth Circle,Desconocido,San Diego,CA,91217,USA,Desconocido,Thompson,Valarie,Medium
10232,1.3252120825053932,0.6197828548551776,1,0.5765780759389022,2004-03-20,Shipped,1,3,2004,Ships,-0.01780828045423832,S700_3505,giftsbymail.co.uk,(198) 555-8888,Garden House Crowther Way,Desconocido,Cowes,Isle of Wight,PO31 7PJ,UK,EMEA,Bennett,Helen,Medium
10248,-0.5228908557285186,0.8101579745265014,7,-0.16751700435931774,2004-05-07,Cancelled,2,5,2004,Ships,-0.01780828045423832,S700_3505,Land of Toys Inc.,2125557818,897 Long Airport Avenue,Desconocido,NYC,NY,10022,USA,Desconocido,Yu,Kwai,Medium
10261,-1.0362527830157167,0.2226722536657771,5,-0.7331580707053499,2004-06-17,Shipped,2,6,2004,Ships,-0.01780828045423832,S700_3505,Quebec Home Shopping Network,(514) 555-8054,43 rue St. Laurent,Desconocido,Montreal,Quebec,H1J 1C3,Canada,Desconocido,Fresnisre,Jean,Small
10273,0.5038329988458771,0.12351854550362928,8,-0.05858636747647424,2004-07-21,Shipped,3,7,2004,Ships,-0.01780828045423832,S700_3505,Petit Auto,(02) 5554 67,Rue Joseph-Bens 532,Desconocido,Bruxelles,Desconocido,B-1180,Belgium,EMEA,Dewey,Catherine,Medium
10283,-1.3442699393880353,0.2226722536657771,10,-0.8767607971443728,2004-08-20,Shipped,3,8,2004,Ships,-0.01780828045423832,S700_3505,"Royal Canadian Collectables, Ltd.",(604) 555-4555,23 Tsawassen Blvd.,Desconocido,Tsawassen,BC,T2F 8M4,Canada,Desconocido,Lincoln,Elizabeth,Small
10295,-0.11220131389876072,0.8101579745265014,5,-0.04350115764294769,2004-09-10,Shipped,3,9,2004,Ships,-0.01780828045423832,S700_3505,Gifts4AllAges.com,6175559555,8616 Spinnaker Dr.,Desconocido,Boston,MA,51003,USA,Desconocido,Yoshido,Juri,Medium
10306,-0.31754608481363966,0.32182596182792406,4,-0.36333149917463875,2004-10-14,Shipped,4,10,2004,Ships,-0.01780828045423832,S700_3505,"AV Stores, Co.",(171) 555-1555,Fauntleroy Circus,Desconocido,Manchester,Desconocido,EC2 5NT,UK,EMEA,Ashworth,Victoria,Small
10315,-0.4202184702710794,0.12351854550362928,3,-0.479620112776139,2004-10-29,Shipped,4,10,2004,Ships,-0.01780828045423832,S700_3505,La Rochelle Gifts,40.67.8555,"67, rue des Cinquante Otages",Desconocido,Nantes,Desconocido,44000,France,EMEA,Labrune,Janine,Small
10327,0.8118501552181958,-0.18137910709497565,2,-0.06184451214894196,2004-11-10,Resolved,4,11,2004,Ships,-0.01780828045423832,S700_3505,Danish Wholesale Imports,31 12 3555,Vinb'ltet 34,Desconocido,Kobenhavn,Desconocido,1734,Denmark,EMEA,Petersen,Jytte,Medium
10337,-0.4202184702710794,0.2836517841854968,1,-0.4252471084337705,2004-11-21,Shipped,4,11,2004,Ships,-0.01780828045423832,S700_3505,Classic Legends Inc.,2125558493,5905 Pompton St.,Suite 750,NYC,NY,10022,USA,Desconocido,Hernandez,Maria,Small
10350,-0.4202184702710794,-0.3132535389506313,13,-0.6279254280257573,2004-12-02,Shipped,4,12,2004,Ships,-0.01780828045423832,S700_3505,Euro Shopping Channel,(91) 555 94 44,"C/ Moralzarzal, 86",Desconocido,Madrid,Desconocido,28034,Spain,EMEA,Freyre,Diego,Small
10373,-0.11220131389876072,0.6287066885897711,2,-0.15113939713904576,2005-01-31,Shipped,1,1,2005,Ships,-0.01780828045423832,S700_3505,"Oulu Toy Supplies, Inc.",981-443655,Torikatu 38,Desconocido,Oulu,Desconocido,90110,Finland,EMEA,Koskitalo,Pirkko,Medium
10386,1.0171949261330746,0.4175092902043969,2,0.32022725310912764,2005-03-01,Resolved,1,3,2005,Ships,-0.01780828045423832,S700_3505,Euro Shopping Channel,(91) 555 94 44,"C/ Moralzarzal, 86",Desconocido,Madrid,Desconocido,28034,Spain,EMEA,Freyre,Diego,Medium
10397,1.3252120825053932,0.8101579745265014,3,0.8898812676434161,2005-03-28,Shipped,1,3,2005,Ships,-0.01780828045423832,S700_3505,Alpha Cognac,61.77.6555,1 rue Alsace-Lorraine,Desconocido,Toulouse,Desconocido,31000,France,EMEA,Roulet,Annette,Medium
10414,-0.728235626643398,0.8101579745265014,7,-0.2850057012485103,2005-05-06,On Hold,2,5,2005,Ships,-0.01780828045423832,S700_3505,Gifts4AllAges.com,6175559555,8616 Spinnaker Dr.,Desconocido,Boston,MA,51003,USA,Desconocido,Yoshido,Juri,Medium
10105,-1.3442699393880353,0.8101579745265014,7,-0.5417800828857061,2003-02-11,Shipped,1,2,2003,Ships,-0.04269579318805746,S700_3962,Danish Wholesale Imports,31 12 3555,Vinb'ltet 34,Desconocido,Kobenhavn,Desconocido,1734,Denmark,EMEA,Petersen,Jytte,Small
10117,1.0171949261330746,-0.011826266137702863,1,0.10861075663233738,2003-04-16,Shipped,2,4,2003,Ships,-0.04269579318805746,S700_3962,"Dragon Souveniers, Ltd.",+65 221 7555,"Bronz Sok., Bronz Apt. 3/6 Tesvikiye",Desconocido,Singapore,Desconocido,79903,Singapore,Japan,Natividad,Eric,Medium
10129,-0.5228908557285186,0.08683167348363399,7,-0.5384567753197886,2003-06-12,Shipped,2,6,2003,Ships,-0.04269579318805746,S700_3962,"Stylish Desk Decors, Co.",(171) 555-0297,35 King George,Desconocido,London,Desconocido,WX3 6FW,UK,EMEA,Brown,Ann,Small
10142,0.29848822793099766,0.08683167348363399,4,-0.16741926001914376,2003-08-08,Shipped,3,8,2003,Ships,-0.04269579318805746,S700_3962,Mini Gifts Distributors Ltd.,4155551450,5677 Strong St.,Desconocido,San Rafael,CA,97562,USA,Desconocido,Nelson,Valarie,Medium
10153,-1.5496147103029148,0.8101579745265014,3,-0.7326965002100837,2003-09-28,Shipped,3,9,2003,Ships,-0.04269579318805746,S700_3962,Euro Shopping Channel,(91) 555 94 44,"C/ Moralzarzal, 86",Desconocido,Madrid,Desconocido,28034,Spain,EMEA,Freyre,Diego,Small
10167,-0.728235626643398,0.8101579745265014,14,-0.2991460491270211,2003-10-23,Cancelled,4,10,2003,Ships,-0.04269579318805746,S700_3962,Scandinavian Gift Ideas,0695-34 6555,?kergatan 24,Desconocido,Boras,Desconocido,S-844 67,Sweden,EMEA,Larsson,Maria,Medium
10177,-1.1389251684731565,0.8101579745265014,5,-0.557907899014422,2003-11-07,Shipped,4,11,2003,Ships,-0.04269579318805746,S700_3962,CAF Imports,+34 913 728 555,"Merchants House, 27-30 Merchant's Quay",Desconocido,Madrid,Desconocido,28023,Spain,EMEA,Fernandez,Jesus,Small
10185,-1.3442699393880353,-0.20864637683956563,5,-0.9806956121960989,2003-11-14,Shipped,4,11,2003,Ships,-0.04269579318805746,S700_3962,Mini Creations Ltd.,5085559555,4575 Hillside Dr.,Desconocido,New Bedford,MA,50553,USA,Desconocido,Tam,Wing C,Small
10197,-0.009528928441320991,0.48047189488736036,11,-0.15565192751041373,2003-11-26,Shipped,4,11,2003,Ships,-0.04269579318805746,S700_3962,Enaco Distributors,(93) 203 4555,"Rambla de Catalu¤a, 23",Desconocido,Barcelona,Desconocido,8022,Spain,EMEA,Saavedra,Eduardo,Medium
10208,-0.21487369935619993,0.08683167348363399,5,-0.39931770708204667,2004-01-02,Shipped,1,1,2004,Ships,-0.04269579318805746,S700_3962,"Saveley & Henriot, Co.",78.32.5555,"2, rue du Commerce",Desconocido,Lyon,Desconocido,69004,France,EMEA,Saveley,Mary,Small
10222,-0.4202184702710794,0.5791298345086973,17,-0.32491797348624213,2004-02-19,Shipped,1,2,2004,Ships,-0.04269579318805746,S700_3962,Collectable Mini Designs Co.,7605558146,361 Furth Circle,Desconocido,San Diego,CA,91217,USA,Desconocido,Thompson,Valarie,Small
10232,-0.009528928441320991,-0.06090735167796583,2,-0.3631957431466192,2004-03-20,Shipped,1,3,2004,Ships,-0.04269579318805746,S700_3962,giftsbymail.co.uk,(198) 555-8888,Garden House Crowther Way,Desconocido,Cowes,Isle of Wight,PO31 7PJ,UK,EMEA,Bennett,Helen,Small
10248,-0.009528928441320991,0.33273286972576055,8,-0.21228934240014757,2004-05-07,Cancelled,2,5,2004,Ships,-0.04269579318805746,S700_3962,Land of Toys Inc.,2125557818,897 Long Airport Avenue,Desconocido,NYC,NY,10022,USA,Desconocido,Yu,Kwai,Medium
10261,1.5305568534202727,-0.11048420575903972,6,0.28107521462830465,2004-06-17,Shipped,2,6,2004,Ships,-0.04269579318805746,S700_3962,Quebec Home Shopping Network,(514) 555-8054,43 rue St. Laurent,Desconocido,Montreal,Quebec,H1J 1C3,Canada,Desconocido,Fresnisre,Jean,Medium
10273,-0.9335803975582769,0.8101579745265014,9,-0.3173590778461167,2004-07-21,Shipped,3,7,2004,Ships,-0.04269579318805746,S700_3962,Petit Auto,(02) 5554 67,Rue Joseph-Bens 532,Desconocido,Bruxelles,Desconocido,B-1180,Belgium,EMEA,Dewey,Catherine,Small
10283,0.29848822793099766,0.2836517841854968,11,-0.08549864247105901,2004-08-20,Shipped,3,8,2004,Ships,-0.04269579318805746,S700_3962,"Royal Canadian Collectables, Ltd.",(604) 555-4555,23 Tsawassen Blvd.,Desconocido,Tsawassen,BC,T2F 8M4,Canada,Desconocido,Lincoln,Elizabeth,Medium
10294,1.0171949261330746,0.8101579745265014,1,0.6183474906399411,2004-09-10,Shipped,3,9,2004,Ships,-0.04269579318805746,S700_3962,Online Mini Collectables,6175557555,7635 Spinnaker Dr.,Desconocido,Brickhaven,MA,58339,USA,Desconocido,Barajas,Miguel,Medium
10306,-0.5228908557285186,0.8101579745265014,5,-0.02073758686463892,2004-10-14,Shipped,4,10,2004,Ships,-0.04269579318805746,S700_3962,"AV Stores, Co.",(171) 555-1555,Fauntleroy Circus,Desconocido,Manchester,Desconocido,EC2 5NT,UK,EMEA,Ashworth,Victoria,Medium
10315,0.19581584247355846,0.3823097238068344,4,-0.09405127223628719,2004-10-29,Shipped,4,10,2004,Ships,-0.04269579318805746,S700_3962,La Rochelle Gifts,40.67.8555,"67, rue des Cinquante Otages",Desconocido,Nantes,Desconocido,44000,France,EMEA,Labrune,Janine,Medium
10327,0.19581584247355846,0.1463238983809225,3,-0.1896886788554617,2004-11-10,Resolved,4,11,2004,Ships,-0.04269579318805746,S700_3962,Danish Wholesale Imports,31 12 3555,Vinb'ltet 34,Desconocido,Kobenhavn,Desconocido,1734,Denmark,EMEA,Petersen,Jytte,Medium
10337,0.09314345701611873,-0.5834473936924842,7,-0.5244793346749014,2004-11-21,Shipped,4,11,2004,Ships,-0.04269579318805746,S700_3962,Classic Legends Inc.,2125558493,5905 Pompton St.,Suite 750,NYC,NY,10022,USA,Desconocido,Hernandez,Maria,Small
10350,-1.0362527830157167,0.8101579745265014,16,-0.3796493737425823,2004-12-02,Shipped,4,12,2004,Ships,-0.04269579318805746,S700_3962,Euro Shopping Channel,(91) 555 94 44,"C/ Moralzarzal, 86",Desconocido,Madrid,Desconocido,28034,Spain,EMEA,Freyre,Diego,Small
10373,0.19581584247355846,0.8101579745265014,8,0.25615040788392524,2005-01-31,Shipped,1,1,2005,Ships,-0.04269579318805746,S700_3962,"Oulu Toy Supplies, Inc.",981-443655,Torikatu 38,Desconocido,Oulu,Desconocido,90110,Finland,EMEA,Koskitalo,Pirkko,Medium
10386,-0.5228908557285186,0.5860705940800479,3,-0.37440919106102954,2005-03-01,Resolved,1,3,2005,Ships,-0.04269579318805746,S700_3962,Euro Shopping Channel,(91) 555 94 44,"C/ Moralzarzal, 86",Desconocido,Madrid,Desconocido,28034,Spain,EMEA,Freyre,Diego,Small
10397,0.09314345701611873,0.8101579745265014,2,0.12806188032697052,2005-03-28,Shipped,1,3,2005,Ships,-0.04269579318805746,S700_3962,Alpha Cognac,61.77.6555,1 rue Alsace-Lorraine,Desconocido,Toulouse,Desconocido,31000,France,EMEA,Roulet,Annette,Medium
10414,-0.8309080121008378,0.33273286972576055,8,-0.604874054468047,2005-05-06,On Hold,2,5,2005,Ships,-0.04269579318805746,S700_3962,Gifts4AllAges.com,6175559555,8616 Spinnaker Dr.,Desconocido,Boston,MA,51003,USA,Desconocido,Yoshido,Juri,Small
10106,1.3252120825053932,-1.101525518839706,10,-0.3284041882857829,2003-02-17,Shipped,1,2,2003,Planes,-0.6648836115335376,S700_4002,Rovelli Gifts,035-640555,Via Ludovico il Moro 22,Desconocido,Bergamo,Desconocido,24100,Italy,EMEA,Rovelli,Giovanni,Small
10119,-0.9335803975582769,-1.2115861348996897,1,-1.0937423718484935,2003-04-28,Shipped,2,4,2003,Planes,-0.6648836115335376,S700_4002,Salzburg Collectables,6562-9555,Geislweg 14,Desconocido,Salzburg,Desconocido,5020,Austria,EMEA,Pipps,Georg,Small
10131,-0.9335803975582769,0.07295015434093353,2,-0.727928748506039,2003-06-16,Shipped,2,6,2003,Planes,-0.6648836115335376,S700_4002,Gift Ideas Corp.,2035554407,2440 Pompton St.,Desconocido,Glendale,CT,97561,USA,Desconocido,Lewis,Dan,Small
10143,-0.11220131389876072,0.10963702636092802,5,-0.3444451205565666,2003-08-10,Shipped,3,8,2003,Planes,-0.6648836115335376,S700_4002,Mini Creations Ltd.,5085559555,4575 Hillside Dr.,Desconocido,New Bedford,MA,50553,USA,Desconocido,Tam,Wing C,Small
10155,0.9145225406756355,0.10963702636092802,3,0.12184968448479845,2003-10-06,Shipped,4,10,2003,Planes,-0.6648836115335376,S700_4002,"Toys of Finland, Co.",90-224 8555,Keskuskatu 45,Desconocido,Helsinki,Desconocido,21240,Finland,EMEA,Karttunen,Matti,Medium
10168,0.4011606133884374,-0.03711046171905074,17,-0.1739844215341666,2003-10-28,Shipped,4,10,2003,Planes,-0.6648836115335376,S700_4002,Technics Stores Inc.,6505556809,9408 Furth Circle,Desconocido,Burlingame,CA,94217,USA,Desconocido,Hirano,Juri,Medium
10178,1.0171949261330746,-0.36729230989900197,2,-0.06659597312962438,2003-11-08,Shipped,4,11,2003,Planes,-0.6648836115335376,S700_4002,Alpha Cognac,61.77.6555,1 rue Alsace-Lorraine,Desconocido,Toulouse,Desconocido,31000,France,EMEA,Roulet,Annette,Medium
10198,0.5038329988458771,-0.9909691342389111,2,-0.5468736490569972,2003-11-27,Shipped,4,11,2003,Planes,-0.6648836115335376,S700_4002,Cruz & Sons Co.,+63 2 555 3587,15 McCallum Street - NatWest Center #13-03,Desconocido,Makati City,Desconocido,1227 MM,Philippines,Japan,Cruz,Arnold,Small
10210,0.7091777697607561,-0.6607872860589594,15,-0.32583025399453325,2004-01-12,Shipped,1,1,2004,Planes,-0.6648836115335376,S700_4002,Osaka Souveniers Co.,+81 06 6342 5555,"Dojima Avanza 4F, 1-6-20 Dojima, Kita-ku",Desconocido,Osaka,Osaka,530-0003,Japan,Japan,Kentary,Mory,Small
10222,0.8118501552181958,-0.4773529259589862,2,-0.20124423196048144,2004-02-19,Shipped,1,2,2004,Planes,-0.6648836115335376,S700_4002,Collectable Mini Designs Co.,7605558146,361 Furth Circle,Desconocido,San Diego,CA,91217,USA,Desconocido,Thompson,Valarie,Medium
10235,-0.11220131389876072,-0.5507266699989756,11,-0.590369880434444,2004-04-02,Shipped,2,4,2004,Planes,-0.6648836115335376,S700_4002,"Royal Canadian Collectables, Ltd.",(604) 555-4555,23 Tsawassen Blvd.,Desconocido,Tsawassen,BC,T2F 8M4,Canada,Desconocido,Lincoln,Elizabeth,Small
10250,0.29848822793099766,-1.0643428782789004,12,-0.6465620155522738,2004-05-11,Shipped,2,5,2004,Planes,-0.6648836115335376,S700_4002,The Sharp Gifts Warehouse,4085553659,3086 Ingle Ln.,Desconocido,San Jose,CA,94217,USA,Desconocido,Frick,Sue,Small
10262,-0.009528928441320991,-0.624100414038965,7,-0.5791021301088259,2004-06-24,Cancelled,2,6,2004,Planes,-0.6648836115335376,S700_4002,Euro Shopping Channel,(91) 555 94 44,"C/ Moralzarzal, 86",Desconocido,Madrid,Desconocido,28034,Spain,EMEA,Freyre,Diego,Small
10275,-0.4202184702710794,-0.5507266699989756,17,-0.708559078428217,2004-07-23,Shipped,3,7,2004,Planes,-0.6648836115335376,S700_4002,La Rochelle Gifts,40.67.8555,"67, rue des Cinquante Otages",Desconocido,Nantes,Desconocido,44000,France,EMEA,Labrune,Janine,Small
10284,-0.31754608481363966,-0.9542822622189165,9,-0.8106095998110326,2004-08-21,Shipped,3,8,2004,Planes,-0.6648836115335376,S700_4002,"Norway Gifts By Mail, Co.",+47 2212 1555,"Drammensveien 126 A, PB 744 Sentrum",Desconocido,Oslo,Desconocido,N 0106,Norway,EMEA,Klaeboe,Jan,Small
10296,1.222539697047954,0.14681966692173343,5,0.2808797259479567,2004-09-15,Shipped,3,9,2004,Planes,-0.6648836115335376,S700_4002,"Bavarian Collectables Imports, Co.",+49 89 61 08 9555,Hansastr. 15,Desconocido,Munich,Desconocido,80686,Germany,EMEA,Donnermeyer,Michael,Medium
10308,0.4011606133884374,-0.7708479021189434,15,-0.487417939025579,2004-10-15,Shipped,4,10,2004,Planes,-0.6648836115335376,S700_4002,Mini Classics,9145554562,3758 North Pendale Street,Desconocido,White Plains,NY,24067,USA,Desconocido,Frick,Steve,Small
10316,0.9145225406756355,-1.0643428782789004,7,-0.4439379983714946,2004-11-01,Shipped,4,11,2004,Planes,-0.6648836115335376,S700_4002,giftsbymail.co.uk,(198) 555-8888,Garden House Crowther Way,Desconocido,Cowes,Isle of Wight,PO31 7PJ,UK,EMEA,Bennett,Helen,Small
10328,0.4011606133884374,0.10963702636092802,12,-0.1112977180358842,2004-11-12,Shipped,4,11,2004,Planes,-0.6648836115335376,S700_4002,Rovelli Gifts,035-640555,Via Ludovico il Moro 22,Desconocido,Bergamo,Desconocido,24100,Italy,EMEA,Rovelli,Giovanni,Medium
10339,1.5305568534202727,-1.27901065644995,8,-0.35887870145559936,2004-11-23,Shipped,4,11,2004,Planes,-0.6648836115335376,S700_4002,"Tokyo Collectables, Ltd",+81 3 3584 0555,2-2-8 Roppongi,Desconocido,Minato-ku,Tokyo,106-0032,Japan,Japan,Shimamura,Akiko,Small
10352,-1.3442699393880353,-0.40397918191899646,1,-1.0277649422310187,2004-12-03,Shipped,4,12,2004,Planes,-0.6648836115335376,S700_4002,Auto-Moto Classics Inc.,6175558428,16780 Pompton St.,Desconocido,Brickhaven,MA,58339,USA,Desconocido,Taylor,Leslie,Small
10361,-0.009528928441320991,0.8101579745265014,11,0.392856728099558,2004-12-17,Shipped,4,12,2004,Planes,-0.6648836115335376,S700_4002,Souveniers And Things Co.,+61 2 9495 8555,"Monitor Money Building, 815 Pacific Hwy",Level 6,Chatswood,NSW,2067,Australia,APAC,Huxley,Adrian,Medium
10373,1.0171949261330746,-1.3900628095915557,17,-0.5707124075772209,2005-01-31,Shipped,1,1,2005,Planes,-0.6648836115335376,S700_4002,"Oulu Toy Supplies, Inc.",981-443655,Torikatu 38,Desconocido,Oulu,Desconocido,90110,Finland,EMEA,Koskitalo,Pirkko,Small
10386,0.9145225406756355,0.13591275902389777,15,0.13451300677845704,2005-03-01,Resolved,1,3,2005,Planes,-0.6648836115335376,S700_4002,Euro Shopping Channel,(91) 555 94 44,"C/ Moralzarzal, 86",Desconocido,Madrid,Desconocido,28034,Spain,EMEA,Freyre,Diego,Medium
10398,0.09314345701611873,0.18350653894172794,12,-0.22205834617643044,2005-03-30,Shipped,1,3,2005,Planes,-0.6648836115335376,S700_4002,Reims Collectables,26.47.1555,59 rue de l'Abbaye,Desconocido,Reims,Desconocido,51100,France,EMEA,Henriot,Paul,Medium
10401,-0.728235626643398,-0.5507266699989756,11,-0.8267482764219904,2005-04-03,On Hold,2,4,2005,Planes,-0.6648836115335376,S700_4002,Tekni Collectables Inc.,2015559350,7476 Moss Rd.,Desconocido,Newark,NJ,94019,USA,Desconocido,Brown,William,Small
10416,0.8118501552181958,-1.0643428782789004,12,-0.4777086679016246,2005-05-10,Shipped,2,5,2005,Planes,-0.6648836115335376,S700_4002,L'ordine Souveniers,0522-556555,Strada Provinciale 124,Desconocido,Reggio Emilia,Desconocido,42100,Italy,EMEA,Moroni,Maurizio,Small
10106,1.3252120825053932,-1.5378018347531555,15,-0.5577775732275235,2003-02-17,Shipped,1,2,2003,Planes,-1.2870714298790176,S72_1253,Rovelli Gifts,035-640555,Via Ludovico il Moro 22,Desconocido,Bergamo,Desconocido,24100,Italy,EMEA,Rovelli,Giovanni,Small
10119,-0.728235626643398,-1.7594103724955557,6,-1.1974382562909054,2003-04-28,Shipped,2,4,2003,Planes,-1.2870714298790176,S72_1253,Salzburg Collectables,6562-9555,Geislweg 14,Desconocido,Salzburg,Desconocido,5020,Austria,EMEA,Pipps,Georg,Small
10131,-1.4469423248454751,-2.079676849859293,7,-1.4542072076869803,2003-06-16,Shipped,2,6,2003,Planes,-1.2870714298790176,S72_1253,Gift Ideas Corp.,2035554407,2440 Pompton St.,Desconocido,Glendale,CT,97561,USA,Desconocido,Lewis,Dan,Small
10143,0.19581584247355846,-1.6364597743744924,10,-0.9121931204574613,2003-08-10,Shipped,3,8,2003,Planes,-1.2870714298790176,S72_1253,Mini Creations Ltd.,5085559555,4575 Hillside Dr.,Desconocido,New Bedford,MA,50553,USA,Desconocido,Tam,Wing C,Small
10155,-0.11220131389876072,-1.7103292869552926,8,-1.0222152358055816,2003-10-06,Shipped,4,10,2003,Planes,-1.2870714298790176,S72_1253,"Toys of Finland, Co.",90-224 8555,Keskuskatu 45,Desconocido,Helsinki,Desconocido,21240,Finland,EMEA,Karttunen,Matti,Small
10167,0.5038329988458771,-2.079676849859293,4,-1.0238660291062984,2003-10-23,Cancelled,4,10,2003,Planes,-1.2870714298790176,S72_1253,Scandinavian Gift Ideas,0695-34 6555,?kergatan 24,Desconocido,Boras,Desconocido,S-844 67,Sweden,EMEA,Larsson,Maria,Small
10178,1.0171949261330746,-1.611671347333956,7,-0.6799417077217075,2003-11-08,Shipped,4,11,2003,Planes,-1.2870714298790176,S72_1253,Alpha Cognac,61.77.6555,1 rue Alsace-Lorraine,Desconocido,Toulouse,Desconocido,31000,France,EMEA,Roulet,Annette,Small
10186,-0.728235626643398,-1.5625902617936924,4,-1.1370756959923165,2003-11-14,Shipped,4,11,2003,Planes,-1.2870714298790176,S72_1253,"Double Decker Gift Stores, Ltd",(171) 555-7555,120 Hanover Sq.,Desconocido,London,Desconocido,WA1 1DP,UK,EMEA,Hardy,Thomas,Small
10197,-0.6255632411859583,-2.079676849859293,1,-1.2730109219687986,2003-11-26,Shipped,4,11,2003,Planes,-1.2870714298790176,S72_1253,Enaco Distributors,(93) 203 4555,"Rambla de Catalu¤a, 23",Desconocido,Barcelona,Desconocido,8022,Spain,EMEA,Saavedra,Eduardo,Small
10209,1.3252120825053932,-1.9319378246976928,3,-0.7649955743964821,2004-01-09,Shipped,1,1,2004,Planes,-1.2870714298790176,S72_1253,"Men 'R' US Retailers, Ltd.",2155554369,6047 Douglas Av.,Desconocido,Los Angeles,CA,Desconocido,USA,Desconocido,Chandler,Michael,Small
10222,-0.4202184702710794,-1.882360970616619,7,-1.1607135355910714,2004-02-19,Shipped,1,2,2004,Planes,-1.2870714298790176,S72_1253,Collectable Mini Designs Co.,7605558146,361 Furth Circle,Desconocido,San Diego,CA,91217,USA,Desconocido,Thompson,Valarie,Small
10249,-0.31754608481363966,-1.2914048699702185,3,-0.9287716465992022,2004-05-08,Shipped,2,5,2004,Planes,-1.2870714298790176,S72_1253,Cambridge Collectables Co.,6175555555,4658 Baden Av.,Desconocido,Cambridge,MA,51247,USA,Desconocido,Tseng,Kyung,Small
10262,-1.4469423248454751,-1.3161932970107555,12,-1.27859320984096,2004-06-24,Cancelled,2,6,2004,Planes,-1.2870714298790176,S72_1253,Euro Shopping Channel,(91) 555 94 44,"C/ Moralzarzal, 86",Desconocido,Madrid,Desconocido,28034,Spain,EMEA,Freyre,Diego,Small
10274,-0.31754608481363966,-1.2423237844299555,4,-0.9115686427285714,2004-07-21,Shipped,3,7,2004,Planes,-1.2870714298790176,S72_1253,Collectables For Less Inc.,6175558555,7825 Douglas Av.,Desconocido,Brickhaven,MA,58339,USA,Desconocido,Nelson,Allen,Small
10283,0.8118501552181958,-1.2914048699702185,1,-0.5846518365342628,2004-08-20,Shipped,3,8,2004,Planes,-1.2870714298790176,S72_1253,"Royal Canadian Collectables, Ltd.",(604) 555-4555,23 Tsawassen Blvd.,Desconocido,Tsawassen,BC,T2F 8M4,Canada,Desconocido,Lincoln,Elizabeth,Small
10296,-1.4469423248454751,-1.9071493976571559,10,-1.4145230055763212,2004-09-15,Shipped,3,9,2004,Planes,-1.2870714298790176,S72_1253,"Bavarian Collectables Imports, Co.",+49 89 61 08 9555,Hansastr. 15,Desconocido,Munich,Desconocido,80686,Germany,EMEA,Donnermeyer,Michael,Small
10307,-0.11220131389876072,-1.4887207492128922,4,-0.9396864312519695,2004-10-14,Shipped,4,10,2004,Planes,-1.2870714298790176,S72_1253,"Classic Gift Ideas, Inc",2155554695,782 First Street,Desconocido,Philadelphia,PA,71270,USA,Desconocido,Cervantes,Francisca,Small
10316,-0.11220131389876072,-1.9810189102379554,12,-1.1230222319717384,2004-11-01,Shipped,4,11,2004,Planes,-1.2870714298790176,S72_1253,giftsbymail.co.uk,(198) 555-8888,Garden House Crowther Way,Desconocido,Cowes,Isle of Wight,PO31 7PJ,UK,EMEA,Bennett,Helen,Small
10329,0.9145225406756355,0.12252700842200742,8,0.12806188032697052,2004-11-15,Shipped,4,11,2004,Planes,-1.2870714298790176,S72_1253,Land of Toys Inc.,2125557818,897 Long Airport Avenue,Desconocido,NYC,NY,10022,USA,Desconocido,Yu,Kwai,Medium
10339,-0.8309080121008378,-0.364317698654138,6,-0.8110168678950913,2004-11-23,Shipped,4,11,2004,Planes,-1.2870714298790176,S72_1253,"Tokyo Collectables, Ltd",+81 3 3584 0555,2-2-8 Roppongi,Desconocido,Minato-ku,Tokyo,106-0032,Japan,Japan,Shimamura,Akiko,Small
10352,1.4278844679628335,-1.5378018347531555,4,-0.5291927839677383,2004-12-03,Shipped,4,12,2004,Planes,-1.2870714298790176,S72_1253,Auto-Moto Classics Inc.,6175558428,16780 Pompton St.,Desconocido,Brickhaven,MA,58339,USA,Desconocido,Taylor,Leslie,Small
10361,-1.2415975539305957,0.5721890749373474,12,-0.7408418618912533,2004-12-17,Shipped,4,12,2004,Planes,-1.2870714298790176,S72_1253,Souveniers And Things Co.,+61 2 9495 8555,"Monitor Money Building, 815 Pacific Hwy",Level 6,Chatswood,NSW,2067,Australia,APAC,Huxley,Adrian,Small
10373,-1.0362527830157167,-0.9265192239335153,9,-1.0478405436545417,2005-01-31,Shipped,1,1,2005,Planes,-1.2870714298790176,S72_1253,"Oulu Toy Supplies, Inc.",981-443655,Torikatu 38,Desconocido,Oulu,Desconocido,90110,Finland,EMEA,Koskitalo,Pirkko,Small
10386,1.5305568534202727,0.17309539958470319,16,0.4363801106826081,2005-03-01,Resolved,1,3,2005,Planes,-1.2870714298790176,S72_1253,Euro Shopping Channel,(91) 555 94 44,"C/ Moralzarzal, 86",Desconocido,Madrid,Desconocido,28034,Spain,EMEA,Freyre,Diego,Medium
10398,-0.11220131389876072,-2.1535463624400926,1,-1.1872728449128056,2005-03-30,Shipped,1,3,2005,Planes,-1.2870714298790176,S72_1253,Reims Collectables,26.47.1555,59 rue de l'Abbaye,Desconocido,Reims,Desconocido,51100,France,EMEA,Henriot,Paul,Small
10400,-1.5496147103029148,-1.3652743825510187,4,-1.3203571943008778,2005-04-01,Shipped,2,4,2005,Planes,-1.2870714298790176,S72_1253,The Sharp Gifts Warehouse,4085553659,3086 Ingle Ln.,Desconocido,San Jose,CA,94217,USA,Desconocido,Frick,Sue,Small
10415,0.7091777697607561,-1.2914048699702185,3,-0.6159354556310754,2005-05-09,Disputed,2,5,2005,Planes,-1.2870714298790176,S72_1253,"Australian Collectables, Ltd",61-9-3844-6555,7 Allen Street,Desconocido,Glen Waverly,Victoria,3150,Australia,APAC,Connery,Sean,Small
10105,-1.0362527830157167,-1.3325536588575098,8,-1.1590247306025088,2003-02-11,Shipped,1,2,2003,Ships,-1.1626338662099214,S72_3212,Danish Wholesale Imports,31 12 3555,Vinb'ltet 34,Desconocido,Kobenhavn,Desconocido,1734,Denmark,EMEA,Petersen,Jytte,Small
10117,1.5305568534202727,-1.9820104473195772,2,-0.74388279691889,2003-04-16,Shipped,2,4,2003,Ships,-1.1626338662099214,S72_3212,"Dragon Souveniers, Ltd.",+65 221 7555,"Bronz Sok., Bronz Apt. 3/6 Tesvikiye",Desconocido,Singapore,Desconocido,79903,Singapore,Japan,Natividad,Eric,Small
10129,-0.31754608481363966,-0.9265192239335153,8,-0.8008786077225952,2003-06-12,Shipped,2,6,2003,Ships,-1.1626338662099214,S72_3212,"Stylish Desk Decors, Co.",(171) 555-0297,35 King George,Desconocido,London,Desconocido,WX3 6FW,UK,EMEA,Brown,Ann,Small
10142,0.4011606133884374,-1.9547431775749868,5,-0.993147155086047,2003-08-08,Shipped,3,8,2003,Ships,-1.1626338662099214,S72_3212,Mini Gifts Distributors Ltd.,4155551450,5677 Strong St.,Desconocido,San Rafael,CA,97562,USA,Desconocido,Nelson,Valarie,Small
10153,1.5305568534202727,-1.1699415774715876,4,-0.2991460491270211,2003-09-28,Shipped,3,9,2003,Ships,-1.1626338662099214,S72_3212,Euro Shopping Channel,(91) 555 94 44,"C/ Moralzarzal, 86",Desconocido,Madrid,Desconocido,28034,Spain,EMEA,Freyre,Diego,Medium
10167,0.29848822793099766,-1.7385880937815046,15,-0.9271968766741758,2003-10-23,Cancelled,4,10,2003,Ships,-1.1626338662099214,S72_3212,Scandinavian Gift Ideas,0695-34 6555,?kergatan 24,Desconocido,Boras,Desconocido,S-844 67,Sweden,EMEA,Larsson,Maria,Small
10177,0.5038329988458771,-1.6572820530885435,6,-0.8388034117101216,2003-11-07,Shipped,4,11,2003,Ships,-1.1626338662099214,S72_3212,CAF Imports,+34 913 728 555,"Merchants House, 27-30 Merchant's Quay",Desconocido,Madrid,Desconocido,28023,Spain,EMEA,Fernandez,Jesus,Small
10185,-0.728235626643398,-0.9532907251372947,6,-0.9502102385440409,2003-11-14,Shipped,4,11,2003,Ships,-1.1626338662099214,S72_3212,Mini Creations Ltd.,5085559555,4575 Hillside Dr.,Desconocido,New Bedford,MA,50553,USA,Desconocido,Tam,Wing C,Small
10197,0.7091777697607561,-1.6572820530885435,12,-0.7842512094107675,2003-11-26,Shipped,4,11,2003,Ships,-1.1626338662099214,S72_3212,Enaco Distributors,(93) 203 4555,"Rambla de Catalu¤a, 23",Desconocido,Barcelona,Desconocido,8022,Spain,EMEA,Saavedra,Eduardo,Small
10208,0.7091777697607561,-0.9805579948818856,6,-0.4729354859564591,2004-01-02,Shipped,1,1,2004,Ships,-1.1626338662099214,S72_3212,"Saveley & Henriot, Co.",78.32.5555,"2, rue du Commerce",Desconocido,Lyon,Desconocido,69004,France,EMEA,Saveley,Mary,Small
10222,0.09314345701611873,-1.0073294960856654,18,-0.6916221563725049,2004-02-19,Shipped,1,2,2004,Ships,-1.1626338662099214,S72_3212,Collectable Mini Designs Co.,7605558146,361 Furth Circle,Desconocido,San Diego,CA,91217,USA,Desconocido,Thompson,Valarie,Small
10232,-1.1389251684731565,-1.6840535542923234,3,-1.2822586225974864,2004-03-20,Shipped,1,3,2004,Ships,-1.1626338662099214,S72_3212,giftsbymail.co.uk,(198) 555-8888,Garden House Crowther Way,Desconocido,Cowes,Isle of Wight,PO31 7PJ,UK,EMEA,Bennett,Helen,Small
10248,-1.2415975539305957,-0.8992519541889249,9,-1.1115318417601685,2004-05-07,Cancelled,2,5,2004,Ships,-1.1626338662099214,S72_3212,Land of Toys Inc.,2125557818,897 Long Airport Avenue,Desconocido,NYC,NY,10022,USA,Desconocido,Yu,Kwai,Small
10261,-0.6255632411859583,-1.6300147833439527,7,-1.1301792897689265,2004-06-17,Shipped,2,6,2004,Ships,-1.1626338662099214,S72_3212,Quebec Home Shopping Network,(514) 555-8054,43 rue St. Laurent,Desconocido,Montreal,Quebec,H1J 1C3,Canada,Desconocido,Fresnisre,Jean,Small
10273,0.19581584247355846,-1.8739329054228364,10,-1.0084332838410421,2004-07-21,Shipped,3,7,2004,Ships,-1.1626338662099214,S72_3212,Petit Auto,(02) 5554 67,Rue Joseph-Bens 532,Desconocido,Bruxelles,Desconocido,B-1180,Belgium,EMEA,Dewey,Catherine,Small
10283,-0.21487369935619993,-1.6032432821401732,12,-1.0102035424464166,2004-08-20,Shipped,3,8,2004,Ships,-1.1626338662099214,S72_3212,"Royal Canadian Collectables, Ltd.",(604) 555-4555,23 Tsawassen Blvd.,Desconocido,Tsawassen,BC,T2F 8M4,Canada,Desconocido,Lincoln,Elizabeth,Small
10293,-0.31754608481363966,-1.1699415774715876,1,-0.8861985562122882,2004-09-09,Shipped,3,9,2004,Ships,-1.1626338662099214,S72_3212,Amica Models & Co.,011-4988555,Via Monte Bianco 34,Desconocido,Torino,Desconocido,10100,Italy,EMEA,Accorti,Paolo,Small
10306,-0.009528928441320991,-1.1972088472161784,6,-0.7988096858555782,2004-10-14,Shipped,4,10,2004,Ships,-1.1626338662099214,S72_3212,"AV Stores, Co.",(171) 555-1555,Fauntleroy Circus,Desconocido,Manchester,Desconocido,EC2 5NT,UK,EMEA,Ashworth,Victoria,Small
10315,0.5038329988458771,-1.3865924298058805,5,-0.72020694563229,2004-10-29,Shipped,4,10,2004,Ships,-1.1626338662099214,S72_3212,La Rochelle Gifts,40.67.8555,"67, rue des Cinquante Otages",Desconocido,Nantes,Desconocido,44000,France,EMEA,Labrune,Janine,Small
10327,0.19581584247355846,0.15276888941146222,4,-0.1870767328763667,2004-11-10,Resolved,4,11,2004,Ships,-1.1626338662099214,S72_3212,Danish Wholesale Imports,31 12 3555,Vinb'ltet 34,Desconocido,Kobenhavn,Desconocido,1734,Denmark,EMEA,Petersen,Jytte,Medium
10337,0.7091777697607561,0.6693597089362514,5,0.28608189694166386,2004-11-21,Shipped,4,11,2004,Ships,-1.1626338662099214,S72_3212,Classic Legends Inc.,2125558493,5905 Pompton St.,Suite 750,NYC,NY,10022,USA,Desconocido,Hernandez,Maria,Medium
10350,-1.5496147103029148,0.8101579745265014,15,-0.7110841405493799,2004-12-02,Shipped,4,12,2004,Ships,-1.1626338662099214,S72_3212,Euro Shopping Channel,(91) 555 94 44,"C/ Moralzarzal, 86",Desconocido,Madrid,Desconocido,28034,Spain,EMEA,Freyre,Diego,Small
10373,-0.6255632411859583,0.8101579745265014,1,0.2305794024461731,2005-01-31,Shipped,1,1,2005,Ships,-1.1626338662099214,S72_3212,"Oulu Toy Supplies, Inc.",981-443655,Torikatu 38,Desconocido,Oulu,Desconocido,90110,Finland,EMEA,Koskitalo,Pirkko,Medium
10386,0.8118501552181958,0.8101579745265014,4,1.0120236811731167,2005-03-01,Resolved,1,3,2005,Ships,-1.1626338662099214,S72_3212,Euro Shopping Channel,(91) 555 94 44,"C/ Moralzarzal, 86",Desconocido,Madrid,Desconocido,28034,Spain,EMEA,Freyre,Diego,Medium
10397,-0.11220131389876072,-1.0618640355748465,1,-0.7807215526822605,2005-03-28,Shipped,1,3,2005,Ships,-1.1626338662099214,S72_3212,Alpha Cognac,61.77.6555,1 rue Alsace-Lorraine,Desconocido,Toulouse,Desconocido,31000,France,EMEA,Roulet,Annette,Small
10414,1.222539697047954,-0.8992519541889249,9,-0.2576372859997799,2005-05-06,On Hold,2,5,2005,Ships,-1.1626338662099214,S72_3212,Gifts4AllAges.com,6175559555,8616 Spinnaker Dr.,Desconocido,Boston,MA,51003,USA,Desconocido,Yoshido,Juri,Medium
